[2026-05-26 22:03:08] laravel.EMERGENCY: Unable to create configured logger. Using emergency logger. {"exception":"[object] (InvalidArgumentException(code: 0): Log [] is not defined. at C:/Users/yyhy0/Herd/meeting.sisuu.com/backend/vendor/laravel/framework/src/Illuminate/Log/LogManager.php:212)
[stacktrace]
#0 C:/Users/yyhy0/Herd/meeting.sisuu.com/backend/vendor/laravel/framework/src/Illuminate/Log/LogManager.php(137): Illuminate/Log/LogManager->resolve(NULL, NULL)
#1 C:/Users/yyhy0/Herd/meeting.sisuu.com/backend/vendor/laravel/framework/src/Illuminate/Log/LogManager.php(124): Illuminate/Log/LogManager->get(NULL)
#2 C:/Users/yyhy0/Herd/meeting.sisuu.com/backend/vendor/laravel/framework/src/Illuminate/Log/LogManager.php(681): Illuminate/Log/LogManager->driver()
#3 C:/Users/yyhy0/Herd/meeting.sisuu.com/backend/vendor/laravel/framework/src/Illuminate/Foundation/Exceptions/Handler.php(317): Illuminate/Log/LogManager->error('The C://Users//yy...', Array)
#4 C:/Users/yyhy0/Herd/meeting.sisuu.com/backend/vendor/laravel/framework/src/Illuminate/Foundation/Exceptions/Handler.php(278): Illuminate/Foundation/Exceptions/Handler->reportThrowable(Object(Exception))
#5 C:/Users/yyhy0/Herd/meeting.sisuu.com/backend/vendor/laravel/framework/src/Illuminate/Foundation/Console/Kernel.php(523): Illuminate/Foundation/Exceptions/Handler->report(Object(Exception))
#6 C:/Users/yyhy0/Herd/meeting.sisuu.com/backend/vendor/laravel/framework/src/Illuminate/Foundation/Console/Kernel.php(203): Illuminate/Foundation/Console/Kernel->reportException(Object(Exception))
#7 C:/Users/yyhy0/Herd/meeting.sisuu.com/backend/artisan(12): Illuminate/Foundation/Console/Kernel->handle(Object(Symfony/Component/Console/Input/ArgvInput), Object(Symfony/Component/Console/Output/ConsoleOutput))
#8 {main}
"} 
[2026-05-26 22:03:08] laravel.ERROR: The C:\Users\yyhy0\Herd\meeting.sisuu.com\backend\bootstrap\cache directory must be present and writable. {"exception":"[object] (Exception(code: 0): The C:\\Users\\yyhy0\\Herd\\meeting.sisuu.com\\backend\\bootstrap\\cache directory must be present and writable. at C:/Users/yyhy0/Herd/meeting.sisuu.com/backend/vendor/laravel/framework/src/Illuminate/Foundation/PackageManifest.php:178)
[stacktrace]
#0 C:/Users/yyhy0/Herd/meeting.sisuu.com/backend/vendor/laravel/framework/src/Illuminate/Foundation/PackageManifest.php(131): Illuminate/Foundation/PackageManifest->write(Array)
#1 C:/Users/yyhy0/Herd/meeting.sisuu.com/backend/vendor/laravel/framework/src/Illuminate/Foundation/PackageManifest.php(107): Illuminate/Foundation/PackageManifest->build()
#2 C:/Users/yyhy0/Herd/meeting.sisuu.com/backend/vendor/laravel/framework/src/Illuminate/Foundation/PackageManifest.php(90): Illuminate/Foundation/PackageManifest->getManifest()
#3 C:/Users/yyhy0/Herd/meeting.sisuu.com/backend/vendor/laravel/framework/src/Illuminate/Foundation/PackageManifest.php(79): Illuminate/Foundation/PackageManifest->config('aliases')
#4 C:/Users/yyhy0/Herd/meeting.sisuu.com/backend/vendor/laravel/framework/src/Illuminate/Foundation/Bootstrap/RegisterFacades.php(26): Illuminate/Foundation/PackageManifest->aliases()
#5 C:/Users/yyhy0/Herd/meeting.sisuu.com/backend/vendor/laravel/framework/src/Illuminate/Foundation/Application.php(286): Illuminate/Foundation/Bootstrap/RegisterFacades->bootstrap(Object(Illuminate/Foundation/Application))
#6 C:/Users/yyhy0/Herd/meeting.sisuu.com/backend/vendor/laravel/framework/src/Illuminate/Foundation/Console/Kernel.php(447): Illuminate/Foundation/Application->bootstrapWith(Array)
#7 C:/Users/yyhy0/Herd/meeting.sisuu.com/backend/vendor/laravel/framework/src/Illuminate/Foundation/Console/Kernel.php(199): Illuminate/Foundation/Console/Kernel->bootstrap()
#8 C:/Users/yyhy0/Herd/meeting.sisuu.com/backend/artisan(12): Illuminate/Foundation/Console/Kernel->handle(Object(Symfony/Component/Console/Input/ArgvInput), Object(Symfony/Component/Console/Output/ConsoleOutput))
#9 {main}
"} 
[2026-05-26 22:03:27] laravel.EMERGENCY: Unable to create configured logger. Using emergency logger. {"exception":"[object] (InvalidArgumentException(code: 0): Log [] is not defined. at C:/Users/yyhy0/Herd/meeting.sisuu.com/backend/vendor/laravel/framework/src/Illuminate/Log/LogManager.php:212)
[stacktrace]
#0 C:/Users/yyhy0/Herd/meeting.sisuu.com/backend/vendor/laravel/framework/src/Illuminate/Log/LogManager.php(137): Illuminate/Log/LogManager->resolve(NULL, NULL)
#1 C:/Users/yyhy0/Herd/meeting.sisuu.com/backend/vendor/laravel/framework/src/Illuminate/Log/LogManager.php(124): Illuminate/Log/LogManager->get(NULL)
#2 C:/Users/yyhy0/Herd/meeting.sisuu.com/backend/vendor/laravel/framework/src/Illuminate/Log/LogManager.php(681): Illuminate/Log/LogManager->driver()
#3 C:/Users/yyhy0/Herd/meeting.sisuu.com/backend/vendor/laravel/framework/src/Illuminate/Foundation/Exceptions/Handler.php(317): Illuminate/Log/LogManager->error('require(C://User...', Array)
#4 C:/Users/yyhy0/Herd/meeting.sisuu.com/backend/vendor/laravel/framework/src/Illuminate/Foundation/Exceptions/Handler.php(278): Illuminate/Foundation/Exceptions/Handler->reportThrowable(Object(ErrorException))
#5 C:/Users/yyhy0/Herd/meeting.sisuu.com/backend/vendor/laravel/framework/src/Illuminate/Foundation/Console/Kernel.php(523): Illuminate/Foundation/Exceptions/Handler->report(Object(ErrorException))
#6 C:/Users/yyhy0/Herd/meeting.sisuu.com/backend/vendor/laravel/framework/src/Illuminate/Foundation/Console/Kernel.php(203): Illuminate/Foundation/Console/Kernel->reportException(Object(ErrorException))
#7 C:/Users/yyhy0/Herd/meeting.sisuu.com/backend/artisan(12): Illuminate/Foundation/Console/Kernel->handle(Object(Symfony/Component/Console/Input/ArgvInput), Object(Symfony/Component/Console/Output/ConsoleOutput))
#8 {main}
"} 
[2026-05-26 22:03:27] laravel.ERROR: require(C:\Users\yyhy0\Herd\meeting.sisuu.com\backend\routes/channels.php): Failed to open stream: No such file or directory {"exception":"[object] (ErrorException(code: 0): require(C:\\Users\\yyhy0\\Herd\\meeting.sisuu.com\\backend\\routes/channels.php): Failed to open stream: No such file or directory at C:/Users/yyhy0/Herd/meeting.sisuu.com/backend/app/Providers/BroadcastServiceProvider.php:13)
[stacktrace]
#0 C:/Users/yyhy0/Herd/meeting.sisuu.com/backend/vendor/laravel/framework/src/Illuminate/Foundation/Bootstrap/HandleExceptions.php(255): Illuminate/Foundation/Bootstrap/HandleExceptions->handleError(2, 'require(C://User...', 'C://Users//yyhy0//...', 13)
#1 C:/Users/yyhy0/Herd/meeting.sisuu.com/backend/app/Providers/BroadcastServiceProvider.php(13): Illuminate/Foundation/Bootstrap/HandleExceptions->Illuminate/Foundation/Bootstrap/{closure}(2, 'require(C://User...', 'C://Users//yyhy0//...', 13)
#2 C:/Users/yyhy0/Herd/meeting.sisuu.com/backend/app/Providers/BroadcastServiceProvider.php(13): require('C://Users//yyhy0//...')
#3 C:/Users/yyhy0/Herd/meeting.sisuu.com/backend/vendor/laravel/framework/src/Illuminate/Container/BoundMethod.php(36): App/Providers/BroadcastServiceProvider->boot()
#4 C:/Users/yyhy0/Herd/meeting.sisuu.com/backend/vendor/laravel/framework/src/Illuminate/Container/Util.php(41): Illuminate/Container/BoundMethod::Illuminate/Container/{closure}()
#5 C:/Users/yyhy0/Herd/meeting.sisuu.com/backend/vendor/laravel/framework/src/Illuminate/Container/BoundMethod.php(93): Illuminate/Container/Util::unwrapIfClosure(Object(Closure))
#6 C:/Users/yyhy0/Herd/meeting.sisuu.com/backend/vendor/laravel/framework/src/Illuminate/Container/BoundMethod.php(35): Illuminate/Container/BoundMethod::callBoundMethod(Object(Illuminate/Foundation/Application), Array, Object(Closure))
#7 C:/Users/yyhy0/Herd/meeting.sisuu.com/backend/vendor/laravel/framework/src/Illuminate/Container/Container.php(662): Illuminate/Container/BoundMethod::call(Object(Illuminate/Foundation/Application), Array, Array, NULL)
#8 C:/Users/yyhy0/Herd/meeting.sisuu.com/backend/vendor/laravel/framework/src/Illuminate/Foundation/Application.php(1059): Illuminate/Container/Container->call(Array)
#9 C:/Users/yyhy0/Herd/meeting.sisuu.com/backend/vendor/laravel/framework/src/Illuminate/Foundation/Application.php(1040): Illuminate/Foundation/Application->bootProvider(Object(App/Providers/BroadcastServiceProvider))
#10 [internal function]: Illuminate/Foundation/Application->Illuminate/Foundation/{closure}(Object(App/Providers/BroadcastServiceProvider), 20)
#11 C:/Users/yyhy0/Herd/meeting.sisuu.com/backend/vendor/laravel/framework/src/Illuminate/Foundation/Application.php(1039): array_walk(Array, Object(Closure))
#12 C:/Users/yyhy0/Herd/meeting.sisuu.com/backend/vendor/laravel/framework/src/Illuminate/Foundation/Bootstrap/BootProviders.php(17): Illuminate/Foundation/Application->boot()
#13 C:/Users/yyhy0/Herd/meeting.sisuu.com/backend/vendor/laravel/framework/src/Illuminate/Foundation/Application.php(286): Illuminate/Foundation/Bootstrap/BootProviders->bootstrap(Object(Illuminate/Foundation/Application))
#14 C:/Users/yyhy0/Herd/meeting.sisuu.com/backend/vendor/laravel/framework/src/Illuminate/Foundation/Console/Kernel.php(447): Illuminate/Foundation/Application->bootstrapWith(Array)
#15 C:/Users/yyhy0/Herd/meeting.sisuu.com/backend/vendor/laravel/framework/src/Illuminate/Foundation/Console/Kernel.php(199): Illuminate/Foundation/Console/Kernel->bootstrap()
#16 C:/Users/yyhy0/Herd/meeting.sisuu.com/backend/artisan(12): Illuminate/Foundation/Console/Kernel->handle(Object(Symfony/Component/Console/Input/ArgvInput), Object(Symfony/Component/Console/Output/ConsoleOutput))
#17 {main}
"} 
[2026-05-26 22:03:42] laravel.EMERGENCY: Unable to create configured logger. Using emergency logger. {"exception":"[object] (InvalidArgumentException(code: 0): Log [] is not defined. at C:/Users/yyhy0/Herd/meeting.sisuu.com/backend/vendor/laravel/framework/src/Illuminate/Log/LogManager.php:212)
[stacktrace]
#0 C:/Users/yyhy0/Herd/meeting.sisuu.com/backend/vendor/laravel/framework/src/Illuminate/Log/LogManager.php(137): Illuminate/Log/LogManager->resolve(NULL, NULL)
#1 C:/Users/yyhy0/Herd/meeting.sisuu.com/backend/vendor/laravel/framework/src/Illuminate/Log/LogManager.php(124): Illuminate/Log/LogManager->get(NULL)
#2 C:/Users/yyhy0/Herd/meeting.sisuu.com/backend/vendor/laravel/framework/src/Illuminate/Log/LogManager.php(681): Illuminate/Log/LogManager->driver()
#3 C:/Users/yyhy0/Herd/meeting.sisuu.com/backend/vendor/laravel/framework/src/Illuminate/Foundation/Exceptions/Handler.php(317): Illuminate/Log/LogManager->error('SQLSTATE[HY000]...', Array)
#4 C:/Users/yyhy0/Herd/meeting.sisuu.com/backend/vendor/laravel/framework/src/Illuminate/Foundation/Exceptions/Handler.php(278): Illuminate/Foundation/Exceptions/Handler->reportThrowable(Object(Illuminate/Database/QueryException))
#5 C:/Users/yyhy0/Herd/meeting.sisuu.com/backend/vendor/laravel/framework/src/Illuminate/Foundation/Console/Kernel.php(523): Illuminate/Foundation/Exceptions/Handler->report(Object(Illuminate/Database/QueryException))
#6 C:/Users/yyhy0/Herd/meeting.sisuu.com/backend/vendor/laravel/framework/src/Illuminate/Foundation/Console/Kernel.php(203): Illuminate/Foundation/Console/Kernel->reportException(Object(Illuminate/Database/QueryException))
#7 C:/Users/yyhy0/Herd/meeting.sisuu.com/backend/artisan(12): Illuminate/Foundation/Console/Kernel->handle(Object(Symfony/Component/Console/Input/ArgvInput), Object(Symfony/Component/Console/Output/ConsoleOutput))
#8 {main}
"} 
[2026-05-26 22:03:42] laravel.ERROR: SQLSTATE[HY000] [2054] The server requested authentication method unknown to the client [auth_gssapi_client] (Connection: mysql, SQL: select table_name as `name`, (data_length + index_length) as `size`, table_comment as `comment`, engine as `engine`, table_collation as `collation` from information_schema.tables where table_schema = 'meeting_room' and table_type in ('BASE TABLE', 'SYSTEM VERSIONED') order by table_name) {"exception":"[object] (Illuminate\\Database\\QueryException(code: 2054): SQLSTATE[HY000] [2054] The server requested authentication method unknown to the client [auth_gssapi_client] (Connection: mysql, SQL: select table_name as `name`, (data_length + index_length) as `size`, table_comment as `comment`, engine as `engine`, table_collation as `collation` from information_schema.tables where table_schema = 'meeting_room' and table_type in ('BASE TABLE', 'SYSTEM VERSIONED') order by table_name) at C:/Users/yyhy0/Herd/meeting.sisuu.com/backend/vendor/laravel/framework/src/Illuminate/Database/Connection.php:829)
[stacktrace]
#0 C:/Users/yyhy0/Herd/meeting.sisuu.com/backend/vendor/laravel/framework/src/Illuminate/Database/Connection.php(783): Illuminate/Database/Connection->runQueryCallback('select table_na...', Array, Object(Closure))
#1 C:/Users/yyhy0/Herd/meeting.sisuu.com/backend/vendor/laravel/framework/src/Illuminate/Database/Connection.php(414): Illuminate/Database/Connection->run('select table_na...', Array, Object(Closure))
#2 C:/Users/yyhy0/Herd/meeting.sisuu.com/backend/vendor/laravel/framework/src/Illuminate/Database/Connection.php(401): Illuminate/Database/Connection->select('select table_na...', Array, false)
#3 C:/Users/yyhy0/Herd/meeting.sisuu.com/backend/vendor/laravel/framework/src/Illuminate/Database/Schema/MySqlBuilder.php(41): Illuminate/Database/Connection->selectFromWriteConnection('select table_na...')
#4 C:/Users/yyhy0/Herd/meeting.sisuu.com/backend/vendor/laravel/framework/src/Illuminate/Database/Schema/Builder.php(165): Illuminate/Database/Schema/MySqlBuilder->getTables(false)
#5 C:/Users/yyhy0/Herd/meeting.sisuu.com/backend/vendor/laravel/framework/src/Illuminate/Database/Migrations/DatabaseMigrationRepository.php(184): Illuminate/Database/Schema/Builder->hasTable('migrations')
#6 C:/Users/yyhy0/Herd/meeting.sisuu.com/backend/vendor/laravel/framework/src/Illuminate/Database/Migrations/Migrator.php(727): Illuminate/Database/Migrations/DatabaseMigrationRepository->repositoryExists()
#7 C:/Users/yyhy0/Herd/meeting.sisuu.com/backend/vendor/laravel/framework/src/Illuminate/Database/Console/Migrations/MigrateCommand.php(140): Illuminate/Database/Migrations/Migrator->repositoryExists()
#8 C:/Users/yyhy0/Herd/meeting.sisuu.com/backend/vendor/laravel/framework/src/Illuminate/Support/helpers.php(261): Illuminate/Database/Console/Migrations/MigrateCommand->Illuminate/Database/Console/Migrations/{closure}(1)
#9 C:/Users/yyhy0/Herd/meeting.sisuu.com/backend/vendor/laravel/framework/src/Illuminate/Database/Console/Migrations/MigrateCommand.php(140): retry(1, Object(Closure), 0, Object(Closure))
#10 C:/Users/yyhy0/Herd/meeting.sisuu.com/backend/vendor/laravel/framework/src/Illuminate/Database/Console/Migrations/MigrateCommand.php(116): Illuminate/Database/Console/Migrations/MigrateCommand->repositoryExists()
#11 C:/Users/yyhy0/Herd/meeting.sisuu.com/backend/vendor/laravel/framework/src/Illuminate/Database/Console/Migrations/MigrateCommand.php(84): Illuminate/Database/Console/Migrations/MigrateCommand->prepareDatabase()
#12 C:/Users/yyhy0/Herd/meeting.sisuu.com/backend/vendor/laravel/framework/src/Illuminate/Database/Migrations/Migrator.php(641): Illuminate/Database/Console/Migrations/MigrateCommand->Illuminate/Database/Console/Migrations/{closure}()
#13 C:/Users/yyhy0/Herd/meeting.sisuu.com/backend/vendor/laravel/framework/src/Illuminate/Database/Console/Migrations/MigrateCommand.php(83): Illuminate/Database/Migrations/Migrator->usingConnection(NULL, Object(Closure))
#14 C:/Users/yyhy0/Herd/meeting.sisuu.com/backend/vendor/laravel/framework/src/Illuminate/Container/BoundMethod.php(36): Illuminate/Database/Console/Migrations/MigrateCommand->handle()
#15 C:/Users/yyhy0/Herd/meeting.sisuu.com/backend/vendor/laravel/framework/src/Illuminate/Container/Util.php(41): Illuminate/Container/BoundMethod::Illuminate/Container/{closure}()
#16 C:/Users/yyhy0/Herd/meeting.sisuu.com/backend/vendor/laravel/framework/src/Illuminate/Container/BoundMethod.php(93): Illuminate/Container/Util::unwrapIfClosure(Object(Closure))
#17 C:/Users/yyhy0/Herd/meeting.sisuu.com/backend/vendor/laravel/framework/src/Illuminate/Container/BoundMethod.php(35): Illuminate/Container/BoundMethod::callBoundMethod(Object(Illuminate/Foundation/Application), Array, Object(Closure))
#18 C:/Users/yyhy0/Herd/meeting.sisuu.com/backend/vendor/laravel/framework/src/Illuminate/Container/Container.php(662): Illuminate/Container/BoundMethod::call(Object(Illuminate/Foundation/Application), Array, Array, NULL)
#19 C:/Users/yyhy0/Herd/meeting.sisuu.com/backend/vendor/laravel/framework/src/Illuminate/Console/Command.php(211): Illuminate/Container/Container->call(Array)
#20 C:/Users/yyhy0/Herd/meeting.sisuu.com/backend/vendor/symfony/console/Command/Command.php(326): Illuminate/Console/Command->execute(Object(Symfony/Component/Console/Input/ArgvInput), Object(Illuminate/Console/OutputStyle))
#21 C:/Users/yyhy0/Herd/meeting.sisuu.com/backend/vendor/laravel/framework/src/Illuminate/Console/Command.php(180): Symfony/Component/Console/Command/Command->run(Object(Symfony/Component/Console/Input/ArgvInput), Object(Illuminate/Console/OutputStyle))
#22 C:/Users/yyhy0/Herd/meeting.sisuu.com/backend/vendor/symfony/console/Application.php(1121): Illuminate/Console/Command->run(Object(Symfony/Component/Console/Input/ArgvInput), Object(Symfony/Component/Console/Output/ConsoleOutput))
#23 C:/Users/yyhy0/Herd/meeting.sisuu.com/backend/vendor/symfony/console/Application.php(324): Symfony/Component/Console/Application->doRunCommand(Object(Illuminate/Database/Console/Migrations/MigrateCommand), Object(Symfony/Component/Console/Input/ArgvInput), Object(Symfony/Component/Console/Output/ConsoleOutput))
#24 C:/Users/yyhy0/Herd/meeting.sisuu.com/backend/vendor/symfony/console/Application.php(175): Symfony/Component/Console/Application->doRun(Object(Symfony/Component/Console/Input/ArgvInput), Object(Symfony/Component/Console/Output/ConsoleOutput))
#25 C:/Users/yyhy0/Herd/meeting.sisuu.com/backend/vendor/laravel/framework/src/Illuminate/Foundation/Console/Kernel.php(201): Symfony/Component/Console/Application->run(Object(Symfony/Component/Console/Input/ArgvInput), Object(Symfony/Component/Console/Output/ConsoleOutput))
#26 C:/Users/yyhy0/Herd/meeting.sisuu.com/backend/artisan(12): Illuminate/Foundation/Console/Kernel->handle(Object(Symfony/Component/Console/Input/ArgvInput), Object(Symfony/Component/Console/Output/ConsoleOutput))
#27 {main}

[previous exception] [object] (PDOException(code: 2054): SQLSTATE[HY000] [2054] The server requested authentication method unknown to the client [auth_gssapi_client] at C:/Users/yyhy0/Herd/meeting.sisuu.com/backend/vendor/laravel/framework/src/Illuminate/Database/Connectors/Connector.php:65)
[stacktrace]
#0 C:/Users/yyhy0/Herd/meeting.sisuu.com/backend/vendor/laravel/framework/src/Illuminate/Database/Connectors/Connector.php(65): PDO->__construct('mysql:host=127....', 'root', Object(SensitiveParameterValue), Array)
#1 C:/Users/yyhy0/Herd/meeting.sisuu.com/backend/vendor/laravel/framework/src/Illuminate/Database/Connectors/Connector.php(44): Illuminate/Database/Connectors/Connector->createPdoConnection('mysql:host=127....', 'root', 'Q!w2e3r4t5y6u7', Array)
#2 C:/Users/yyhy0/Herd/meeting.sisuu.com/backend/vendor/laravel/framework/src/Illuminate/Database/Connectors/MySqlConnector.php(24): Illuminate/Database/Connectors/Connector->createConnection('mysql:host=127....', Array, Array)
#3 C:/Users/yyhy0/Herd/meeting.sisuu.com/backend/vendor/laravel/framework/src/Illuminate/Database/Connectors/ConnectionFactory.php(184): Illuminate/Database/Connectors/MySqlConnector->connect(Array)
#4 [internal function]: Illuminate/Database/Connectors/ConnectionFactory->Illuminate/Database/Connectors/{closure}()
#5 C:/Users/yyhy0/Herd/meeting.sisuu.com/backend/vendor/laravel/framework/src/Illuminate/Database/Connection.php(1339): call_user_func(Object(Closure))
#6 C:/Users/yyhy0/Herd/meeting.sisuu.com/backend/vendor/laravel/framework/src/Illuminate/Database/Connection.php(528): Illuminate/Database/Connection->getPdo()
#7 C:/Users/yyhy0/Herd/meeting.sisuu.com/backend/vendor/laravel/framework/src/Illuminate/Database/Connection.php(423): Illuminate/Database/Connection->getPdoForSelect(false)
#8 C:/Users/yyhy0/Herd/meeting.sisuu.com/backend/vendor/laravel/framework/src/Illuminate/Database/Connection.php(816): Illuminate/Database/Connection->Illuminate/Database/{closure}('select table_na...', Array)
#9 C:/Users/yyhy0/Herd/meeting.sisuu.com/backend/vendor/laravel/framework/src/Illuminate/Database/Connection.php(783): Illuminate/Database/Connection->runQueryCallback('select table_na...', Array, Object(Closure))
#10 C:/Users/yyhy0/Herd/meeting.sisuu.com/backend/vendor/laravel/framework/src/Illuminate/Database/Connection.php(414): Illuminate/Database/Connection->run('select table_na...', Array, Object(Closure))
#11 C:/Users/yyhy0/Herd/meeting.sisuu.com/backend/vendor/laravel/framework/src/Illuminate/Database/Connection.php(401): Illuminate/Database/Connection->select('select table_na...', Array, false)
#12 C:/Users/yyhy0/Herd/meeting.sisuu.com/backend/vendor/laravel/framework/src/Illuminate/Database/Schema/MySqlBuilder.php(41): Illuminate/Database/Connection->selectFromWriteConnection('select table_na...')
#13 C:/Users/yyhy0/Herd/meeting.sisuu.com/backend/vendor/laravel/framework/src/Illuminate/Database/Schema/Builder.php(165): Illuminate/Database/Schema/MySqlBuilder->getTables(false)
#14 C:/Users/yyhy0/Herd/meeting.sisuu.com/backend/vendor/laravel/framework/src/Illuminate/Database/Migrations/DatabaseMigrationRepository.php(184): Illuminate/Database/Schema/Builder->hasTable('migrations')
#15 C:/Users/yyhy0/Herd/meeting.sisuu.com/backend/vendor/laravel/framework/src/Illuminate/Database/Migrations/Migrator.php(727): Illuminate/Database/Migrations/DatabaseMigrationRepository->repositoryExists()
#16 C:/Users/yyhy0/Herd/meeting.sisuu.com/backend/vendor/laravel/framework/src/Illuminate/Database/Console/Migrations/MigrateCommand.php(140): Illuminate/Database/Migrations/Migrator->repositoryExists()
#17 C:/Users/yyhy0/Herd/meeting.sisuu.com/backend/vendor/laravel/framework/src/Illuminate/Support/helpers.php(261): Illuminate/Database/Console/Migrations/MigrateCommand->Illuminate/Database/Console/Migrations/{closure}(1)
#18 C:/Users/yyhy0/Herd/meeting.sisuu.com/backend/vendor/laravel/framework/src/Illuminate/Database/Console/Migrations/MigrateCommand.php(140): retry(1, Object(Closure), 0, Object(Closure))
#19 C:/Users/yyhy0/Herd/meeting.sisuu.com/backend/vendor/laravel/framework/src/Illuminate/Database/Console/Migrations/MigrateCommand.php(116): Illuminate/Database/Console/Migrations/MigrateCommand->repositoryExists()
#20 C:/Users/yyhy0/Herd/meeting.sisuu.com/backend/vendor/laravel/framework/src/Illuminate/Database/Console/Migrations/MigrateCommand.php(84): Illuminate/Database/Console/Migrations/MigrateCommand->prepareDatabase()
#21 C:/Users/yyhy0/Herd/meeting.sisuu.com/backend/vendor/laravel/framework/src/Illuminate/Database/Migrations/Migrator.php(641): Illuminate/Database/Console/Migrations/MigrateCommand->Illuminate/Database/Console/Migrations/{closure}()
#22 C:/Users/yyhy0/Herd/meeting.sisuu.com/backend/vendor/laravel/framework/src/Illuminate/Database/Console/Migrations/MigrateCommand.php(83): Illuminate/Database/Migrations/Migrator->usingConnection(NULL, Object(Closure))
#23 C:/Users/yyhy0/Herd/meeting.sisuu.com/backend/vendor/laravel/framework/src/Illuminate/Container/BoundMethod.php(36): Illuminate/Database/Console/Migrations/MigrateCommand->handle()
#24 C:/Users/yyhy0/Herd/meeting.sisuu.com/backend/vendor/laravel/framework/src/Illuminate/Container/Util.php(41): Illuminate/Container/BoundMethod::Illuminate/Container/{closure}()
#25 C:/Users/yyhy0/Herd/meeting.sisuu.com/backend/vendor/laravel/framework/src/Illuminate/Container/BoundMethod.php(93): Illuminate/Container/Util::unwrapIfClosure(Object(Closure))
#26 C:/Users/yyhy0/Herd/meeting.sisuu.com/backend/vendor/laravel/framework/src/Illuminate/Container/BoundMethod.php(35): Illuminate/Container/BoundMethod::callBoundMethod(Object(Illuminate/Foundation/Application), Array, Object(Closure))
#27 C:/Users/yyhy0/Herd/meeting.sisuu.com/backend/vendor/laravel/framework/src/Illuminate/Container/Container.php(662): Illuminate/Container/BoundMethod::call(Object(Illuminate/Foundation/Application), Array, Array, NULL)
#28 C:/Users/yyhy0/Herd/meeting.sisuu.com/backend/vendor/laravel/framework/src/Illuminate/Console/Command.php(211): Illuminate/Container/Container->call(Array)
#29 C:/Users/yyhy0/Herd/meeting.sisuu.com/backend/vendor/symfony/console/Command/Command.php(326): Illuminate/Console/Command->execute(Object(Symfony/Component/Console/Input/ArgvInput), Object(Illuminate/Console/OutputStyle))
#30 C:/Users/yyhy0/Herd/meeting.sisuu.com/backend/vendor/laravel/framework/src/Illuminate/Console/Command.php(180): Symfony/Component/Console/Command/Command->run(Object(Symfony/Component/Console/Input/ArgvInput), Object(Illuminate/Console/OutputStyle))
#31 C:/Users/yyhy0/Herd/meeting.sisuu.com/backend/vendor/symfony/console/Application.php(1121): Illuminate/Console/Command->run(Object(Symfony/Component/Console/Input/ArgvInput), Object(Symfony/Component/Console/Output/ConsoleOutput))
#32 C:/Users/yyhy0/Herd/meeting.sisuu.com/backend/vendor/symfony/console/Application.php(324): Symfony/Component/Console/Application->doRunCommand(Object(Illuminate/Database/Console/Migrations/MigrateCommand), Object(Symfony/Component/Console/Input/ArgvInput), Object(Symfony/Component/Console/Output/ConsoleOutput))
#33 C:/Users/yyhy0/Herd/meeting.sisuu.com/backend/vendor/symfony/console/Application.php(175): Symfony/Component/Console/Application->doRun(Object(Symfony/Component/Console/Input/ArgvInput), Object(Symfony/Component/Console/Output/ConsoleOutput))
#34 C:/Users/yyhy0/Herd/meeting.sisuu.com/backend/vendor/laravel/framework/src/Illuminate/Foundation/Console/Kernel.php(201): Symfony/Component/Console/Application->run(Object(Symfony/Component/Console/Input/ArgvInput), Object(Symfony/Component/Console/Output/ConsoleOutput))
#35 C:/Users/yyhy0/Herd/meeting.sisuu.com/backend/artisan(12): Illuminate/Foundation/Console/Kernel->handle(Object(Symfony/Component/Console/Input/ArgvInput), Object(Symfony/Component/Console/Output/ConsoleOutput))
#36 {main}
"} 
[2026-05-26 22:47:30] laravel.EMERGENCY: Unable to create configured logger. Using emergency logger. {"exception":"[object] (InvalidArgumentException(code: 0): Log [] is not defined. at C:/Users/yyhy0/Herd/meeting.sisuu.com/backend/vendor/laravel/framework/src/Illuminate/Log/LogManager.php:212)
[stacktrace]
#0 C:/Users/yyhy0/Herd/meeting.sisuu.com/backend/vendor/laravel/framework/src/Illuminate/Log/LogManager.php(137): Illuminate/Log/LogManager->resolve(NULL, NULL)
#1 C:/Users/yyhy0/Herd/meeting.sisuu.com/backend/vendor/laravel/framework/src/Illuminate/Log/LogManager.php(124): Illuminate/Log/LogManager->get(NULL)
#2 C:/Users/yyhy0/Herd/meeting.sisuu.com/backend/vendor/laravel/framework/src/Illuminate/Log/LogManager.php(681): Illuminate/Log/LogManager->driver()
#3 C:/Users/yyhy0/Herd/meeting.sisuu.com/backend/vendor/laravel/framework/src/Illuminate/Foundation/Exceptions/Handler.php(317): Illuminate/Log/LogManager->error('Class \"App//Mode...', Array)
#4 C:/Users/yyhy0/Herd/meeting.sisuu.com/backend/vendor/laravel/framework/src/Illuminate/Foundation/Exceptions/Handler.php(278): Illuminate/Foundation/Exceptions/Handler->reportThrowable(Object(Error))
#5 C:/Users/yyhy0/Herd/meeting.sisuu.com/backend/vendor/laravel/framework/src/Illuminate/Foundation/Console/Kernel.php(523): Illuminate/Foundation/Exceptions/Handler->report(Object(Error))
#6 C:/Users/yyhy0/Herd/meeting.sisuu.com/backend/vendor/laravel/framework/src/Illuminate/Foundation/Console/Kernel.php(203): Illuminate/Foundation/Console/Kernel->reportException(Object(Error))
#7 C:/Users/yyhy0/Herd/meeting.sisuu.com/backend/artisan(12): Illuminate/Foundation/Console/Kernel->handle(Object(Symfony/Component/Console/Input/ArgvInput), Object(Symfony/Component/Console/Output/ConsoleOutput))
#8 {main}
"} 
[2026-05-26 22:47:30] laravel.ERROR: Class "App\Models\ReservationAttendee" not found {"exception":"[object] (Error(code: 0): Class \"App\\Models\\ReservationAttendee\" not found at C:/Users/yyhy0/Herd/meeting.sisuu.com/backend/database/seeders/ReservationSeeder.php:29)
[stacktrace]
#0 C:/Users/yyhy0/Herd/meeting.sisuu.com/backend/vendor/laravel/framework/src/Illuminate/Container/BoundMethod.php(36): Database/Seeders/ReservationSeeder->run()
#1 C:/Users/yyhy0/Herd/meeting.sisuu.com/backend/vendor/laravel/framework/src/Illuminate/Container/Util.php(41): Illuminate/Container/BoundMethod::Illuminate/Container/{closure}()
#2 C:/Users/yyhy0/Herd/meeting.sisuu.com/backend/vendor/laravel/framework/src/Illuminate/Container/BoundMethod.php(93): Illuminate/Container/Util::unwrapIfClosure(Object(Closure))
#3 C:/Users/yyhy0/Herd/meeting.sisuu.com/backend/vendor/laravel/framework/src/Illuminate/Container/BoundMethod.php(35): Illuminate/Container/BoundMethod::callBoundMethod(Object(Illuminate/Foundation/Application), Array, Object(Closure))
#4 C:/Users/yyhy0/Herd/meeting.sisuu.com/backend/vendor/laravel/framework/src/Illuminate/Container/Container.php(662): Illuminate/Container/BoundMethod::call(Object(Illuminate/Foundation/Application), Array, Array, NULL)
#5 C:/Users/yyhy0/Herd/meeting.sisuu.com/backend/vendor/laravel/framework/src/Illuminate/Database/Seeder.php(184): Illuminate/Container/Container->call(Array, Array)
#6 C:/Users/yyhy0/Herd/meeting.sisuu.com/backend/vendor/laravel/framework/src/Illuminate/Database/Seeder.php(193): Illuminate/Database/Seeder->Illuminate/Database/{closure}()
#7 C:/Users/yyhy0/Herd/meeting.sisuu.com/backend/vendor/laravel/framework/src/Illuminate/Database/Seeder.php(61): Illuminate/Database/Seeder->__invoke(Array)
#8 C:/Users/yyhy0/Herd/meeting.sisuu.com/backend/database/seeders/DatabaseSeeder.php(11): Illuminate/Database/Seeder->call('Database//Seeder...')
#9 C:/Users/yyhy0/Herd/meeting.sisuu.com/backend/vendor/laravel/framework/src/Illuminate/Container/BoundMethod.php(36): Database/Seeders/DatabaseSeeder->run()
#10 C:/Users/yyhy0/Herd/meeting.sisuu.com/backend/vendor/laravel/framework/src/Illuminate/Container/Util.php(41): Illuminate/Container/BoundMethod::Illuminate/Container/{closure}()
#11 C:/Users/yyhy0/Herd/meeting.sisuu.com/backend/vendor/laravel/framework/src/Illuminate/Container/BoundMethod.php(93): Illuminate/Container/Util::unwrapIfClosure(Object(Closure))
#12 C:/Users/yyhy0/Herd/meeting.sisuu.com/backend/vendor/laravel/framework/src/Illuminate/Container/BoundMethod.php(35): Illuminate/Container/BoundMethod::callBoundMethod(Object(Illuminate/Foundation/Application), Array, Object(Closure))
#13 C:/Users/yyhy0/Herd/meeting.sisuu.com/backend/vendor/laravel/framework/src/Illuminate/Container/Container.php(662): Illuminate/Container/BoundMethod::call(Object(Illuminate/Foundation/Application), Array, Array, NULL)
#14 C:/Users/yyhy0/Herd/meeting.sisuu.com/backend/vendor/laravel/framework/src/Illuminate/Database/Seeder.php(184): Illuminate/Container/Container->call(Array, Array)
#15 C:/Users/yyhy0/Herd/meeting.sisuu.com/backend/vendor/laravel/framework/src/Illuminate/Database/Seeder.php(193): Illuminate/Database/Seeder->Illuminate/Database/{closure}()
#16 C:/Users/yyhy0/Herd/meeting.sisuu.com/backend/vendor/laravel/framework/src/Illuminate/Database/Console/Seeds/SeedCommand.php(70): Illuminate/Database/Seeder->__invoke()
#17 C:/Users/yyhy0/Herd/meeting.sisuu.com/backend/vendor/laravel/framework/src/Illuminate/Database/Eloquent/Concerns/GuardsAttributes.php(155): Illuminate/Database/Console/Seeds/SeedCommand->Illuminate/Database/Console/Seeds/{closure}()
#18 C:/Users/yyhy0/Herd/meeting.sisuu.com/backend/vendor/laravel/framework/src/Illuminate/Database/Console/Seeds/SeedCommand.php(69): Illuminate/Database/Eloquent/Model::unguarded(Object(Closure))
#19 C:/Users/yyhy0/Herd/meeting.sisuu.com/backend/vendor/laravel/framework/src/Illuminate/Container/BoundMethod.php(36): Illuminate/Database/Console/Seeds/SeedCommand->handle()
#20 C:/Users/yyhy0/Herd/meeting.sisuu.com/backend/vendor/laravel/framework/src/Illuminate/Container/Util.php(41): Illuminate/Container/BoundMethod::Illuminate/Container/{closure}()
#21 C:/Users/yyhy0/Herd/meeting.sisuu.com/backend/vendor/laravel/framework/src/Illuminate/Container/BoundMethod.php(93): Illuminate/Container/Util::unwrapIfClosure(Object(Closure))
#22 C:/Users/yyhy0/Herd/meeting.sisuu.com/backend/vendor/laravel/framework/src/Illuminate/Container/BoundMethod.php(35): Illuminate/Container/BoundMethod::callBoundMethod(Object(Illuminate/Foundation/Application), Array, Object(Closure))
#23 C:/Users/yyhy0/Herd/meeting.sisuu.com/backend/vendor/laravel/framework/src/Illuminate/Container/Container.php(662): Illuminate/Container/BoundMethod::call(Object(Illuminate/Foundation/Application), Array, Array, NULL)
#24 C:/Users/yyhy0/Herd/meeting.sisuu.com/backend/vendor/laravel/framework/src/Illuminate/Console/Command.php(211): Illuminate/Container/Container->call(Array)
#25 C:/Users/yyhy0/Herd/meeting.sisuu.com/backend/vendor/symfony/console/Command/Command.php(326): Illuminate/Console/Command->execute(Object(Symfony/Component/Console/Input/ArrayInput), Object(Illuminate/Console/OutputStyle))
#26 C:/Users/yyhy0/Herd/meeting.sisuu.com/backend/vendor/laravel/framework/src/Illuminate/Console/Command.php(180): Symfony/Component/Console/Command/Command->run(Object(Symfony/Component/Console/Input/ArrayInput), Object(Illuminate/Console/OutputStyle))
#27 C:/Users/yyhy0/Herd/meeting.sisuu.com/backend/vendor/laravel/framework/src/Illuminate/Console/Concerns/CallsCommands.php(67): Illuminate/Console/Command->run(Object(Symfony/Component/Console/Input/ArrayInput), Object(Illuminate/Console/OutputStyle))
#28 C:/Users/yyhy0/Herd/meeting.sisuu.com/backend/vendor/laravel/framework/src/Illuminate/Console/Concerns/CallsCommands.php(28): Illuminate/Console/Command->runCommand('db:seed', Array, Object(Illuminate/Console/OutputStyle))
#29 C:/Users/yyhy0/Herd/meeting.sisuu.com/backend/vendor/laravel/framework/src/Illuminate/Database/Console/Migrations/MigrateCommand.php(99): Illuminate/Console/Command->call('db:seed', Array)
#30 C:/Users/yyhy0/Herd/meeting.sisuu.com/backend/vendor/laravel/framework/src/Illuminate/Database/Migrations/Migrator.php(641): Illuminate/Database/Console/Migrations/MigrateCommand->Illuminate/Database/Console/Migrations/{closure}()
#31 C:/Users/yyhy0/Herd/meeting.sisuu.com/backend/vendor/laravel/framework/src/Illuminate/Database/Console/Migrations/MigrateCommand.php(83): Illuminate/Database/Migrations/Migrator->usingConnection(NULL, Object(Closure))
#32 C:/Users/yyhy0/Herd/meeting.sisuu.com/backend/vendor/laravel/framework/src/Illuminate/Container/BoundMethod.php(36): Illuminate/Database/Console/Migrations/MigrateCommand->handle()
#33 C:/Users/yyhy0/Herd/meeting.sisuu.com/backend/vendor/laravel/framework/src/Illuminate/Container/Util.php(41): Illuminate/Container/BoundMethod::Illuminate/Container/{closure}()
#34 C:/Users/yyhy0/Herd/meeting.sisuu.com/backend/vendor/laravel/framework/src/Illuminate/Container/BoundMethod.php(93): Illuminate/Container/Util::unwrapIfClosure(Object(Closure))
#35 C:/Users/yyhy0/Herd/meeting.sisuu.com/backend/vendor/laravel/framework/src/Illuminate/Container/BoundMethod.php(35): Illuminate/Container/BoundMethod::callBoundMethod(Object(Illuminate/Foundation/Application), Array, Object(Closure))
#36 C:/Users/yyhy0/Herd/meeting.sisuu.com/backend/vendor/laravel/framework/src/Illuminate/Container/Container.php(662): Illuminate/Container/BoundMethod::call(Object(Illuminate/Foundation/Application), Array, Array, NULL)
#37 C:/Users/yyhy0/Herd/meeting.sisuu.com/backend/vendor/laravel/framework/src/Illuminate/Console/Command.php(211): Illuminate/Container/Container->call(Array)
#38 C:/Users/yyhy0/Herd/meeting.sisuu.com/backend/vendor/symfony/console/Command/Command.php(326): Illuminate/Console/Command->execute(Object(Symfony/Component/Console/Input/ArgvInput), Object(Illuminate/Console/OutputStyle))
#39 C:/Users/yyhy0/Herd/meeting.sisuu.com/backend/vendor/laravel/framework/src/Illuminate/Console/Command.php(180): Symfony/Component/Console/Command/Command->run(Object(Symfony/Component/Console/Input/ArgvInput), Object(Illuminate/Console/OutputStyle))
#40 C:/Users/yyhy0/Herd/meeting.sisuu.com/backend/vendor/symfony/console/Application.php(1121): Illuminate/Console/Command->run(Object(Symfony/Component/Console/Input/ArgvInput), Object(Symfony/Component/Console/Output/ConsoleOutput))
#41 C:/Users/yyhy0/Herd/meeting.sisuu.com/backend/vendor/symfony/console/Application.php(324): Symfony/Component/Console/Application->doRunCommand(Object(Illuminate/Database/Console/Migrations/MigrateCommand), Object(Symfony/Component/Console/Input/ArgvInput), Object(Symfony/Component/Console/Output/ConsoleOutput))
#42 C:/Users/yyhy0/Herd/meeting.sisuu.com/backend/vendor/symfony/console/Application.php(175): Symfony/Component/Console/Application->doRun(Object(Symfony/Component/Console/Input/ArgvInput), Object(Symfony/Component/Console/Output/ConsoleOutput))
#43 C:/Users/yyhy0/Herd/meeting.sisuu.com/backend/vendor/laravel/framework/src/Illuminate/Foundation/Console/Kernel.php(201): Symfony/Component/Console/Application->run(Object(Symfony/Component/Console/Input/ArgvInput), Object(Symfony/Component/Console/Output/ConsoleOutput))
#44 C:/Users/yyhy0/Herd/meeting.sisuu.com/backend/artisan(12): Illuminate/Foundation/Console/Kernel->handle(Object(Symfony/Component/Console/Input/ArgvInput), Object(Symfony/Component/Console/Output/ConsoleOutput))
#45 {main}
"} 
[2026-05-26 22:47:46] laravel.EMERGENCY: Unable to create configured logger. Using emergency logger. {"exception":"[object] (InvalidArgumentException(code: 0): Log [] is not defined. at C:/Users/yyhy0/Herd/meeting.sisuu.com/backend/vendor/laravel/framework/src/Illuminate/Log/LogManager.php:212)
[stacktrace]
#0 C:/Users/yyhy0/Herd/meeting.sisuu.com/backend/vendor/laravel/framework/src/Illuminate/Log/LogManager.php(137): Illuminate/Log/LogManager->resolve(NULL, NULL)
#1 C:/Users/yyhy0/Herd/meeting.sisuu.com/backend/vendor/laravel/framework/src/Illuminate/Log/LogManager.php(124): Illuminate/Log/LogManager->get(NULL)
#2 C:/Users/yyhy0/Herd/meeting.sisuu.com/backend/vendor/laravel/framework/src/Illuminate/Log/LogManager.php(681): Illuminate/Log/LogManager->driver()
#3 C:/Users/yyhy0/Herd/meeting.sisuu.com/backend/vendor/laravel/framework/src/Illuminate/Foundation/Exceptions/Handler.php(317): Illuminate/Log/LogManager->error('SQLSTATE[23000]...', Array)
#4 C:/Users/yyhy0/Herd/meeting.sisuu.com/backend/vendor/laravel/framework/src/Illuminate/Foundation/Exceptions/Handler.php(278): Illuminate/Foundation/Exceptions/Handler->reportThrowable(Object(Illuminate/Database/UniqueConstraintViolationException))
#5 C:/Users/yyhy0/Herd/meeting.sisuu.com/backend/vendor/laravel/framework/src/Illuminate/Foundation/Console/Kernel.php(523): Illuminate/Foundation/Exceptions/Handler->report(Object(Illuminate/Database/UniqueConstraintViolationException))
#6 C:/Users/yyhy0/Herd/meeting.sisuu.com/backend/vendor/laravel/framework/src/Illuminate/Foundation/Console/Kernel.php(203): Illuminate/Foundation/Console/Kernel->reportException(Object(Illuminate/Database/UniqueConstraintViolationException))
#7 C:/Users/yyhy0/Herd/meeting.sisuu.com/backend/artisan(12): Illuminate/Foundation/Console/Kernel->handle(Object(Symfony/Component/Console/Input/ArgvInput), Object(Symfony/Component/Console/Output/ConsoleOutput))
#8 {main}
"} 
[2026-05-26 22:47:46] laravel.ERROR: SQLSTATE[23000]: Integrity constraint violation: 19 UNIQUE constraint failed: departments.code (Connection: sqlite, SQL: insert into "departments" ("name", "code", "parent_id", "status", "sort_order", "updated_at", "created_at") values (技术部, tech, ?, 1, 1, 2026-05-26 22:47:46, 2026-05-26 22:47:46)) {"exception":"[object] (Illuminate\\Database\\UniqueConstraintViolationException(code: 23000): SQLSTATE[23000]: Integrity constraint violation: 19 UNIQUE constraint failed: departments.code (Connection: sqlite, SQL: insert into \"departments\" (\"name\", \"code\", \"parent_id\", \"status\", \"sort_order\", \"updated_at\", \"created_at\") values (技术部, tech, ?, 1, 1, 2026-05-26 22:47:46, 2026-05-26 22:47:46)) at C:/Users/yyhy0/Herd/meeting.sisuu.com/backend/vendor/laravel/framework/src/Illuminate/Database/Connection.php:824)
[stacktrace]
#0 C:/Users/yyhy0/Herd/meeting.sisuu.com/backend/vendor/laravel/framework/src/Illuminate/Database/Connection.php(783): Illuminate/Database/Connection->runQueryCallback('insert into \"de...', Array, Object(Closure))
#1 C:/Users/yyhy0/Herd/meeting.sisuu.com/backend/vendor/laravel/framework/src/Illuminate/Database/Connection.php(576): Illuminate/Database/Connection->run('insert into \"de...', Array, Object(Closure))
#2 C:/Users/yyhy0/Herd/meeting.sisuu.com/backend/vendor/laravel/framework/src/Illuminate/Database/Connection.php(540): Illuminate/Database/Connection->statement('insert into \"de...', Array)
#3 C:/Users/yyhy0/Herd/meeting.sisuu.com/backend/vendor/laravel/framework/src/Illuminate/Database/Query/Processors/Processor.php(32): Illuminate/Database/Connection->insert('insert into \"de...', Array)
#4 C:/Users/yyhy0/Herd/meeting.sisuu.com/backend/vendor/laravel/framework/src/Illuminate/Database/Query/Builder.php(3549): Illuminate/Database/Query/Processors/Processor->processInsertGetId(Object(Illuminate/Database/Query/Builder), 'insert into \"de...', Array, 'id')
#5 C:/Users/yyhy0/Herd/meeting.sisuu.com/backend/vendor/laravel/framework/src/Illuminate/Database/Eloquent/Builder.php(1982): Illuminate/Database/Query/Builder->insertGetId(Array, 'id')
#6 C:/Users/yyhy0/Herd/meeting.sisuu.com/backend/vendor/laravel/framework/src/Illuminate/Database/Eloquent/Model.php(1334): Illuminate/Database/Eloquent/Builder->__call('insertGetId', Array)
#7 C:/Users/yyhy0/Herd/meeting.sisuu.com/backend/vendor/laravel/framework/src/Illuminate/Database/Eloquent/Model.php(1299): Illuminate/Database/Eloquent/Model->insertAndSetId(Object(Illuminate/Database/Eloquent/Builder), Array)
#8 C:/Users/yyhy0/Herd/meeting.sisuu.com/backend/vendor/laravel/framework/src/Illuminate/Database/Eloquent/Model.php(1138): Illuminate/Database/Eloquent/Model->performInsert(Object(Illuminate/Database/Eloquent/Builder))
#9 C:/Users/yyhy0/Herd/meeting.sisuu.com/backend/vendor/laravel/framework/src/Illuminate/Database/Eloquent/Builder.php(1025): Illuminate/Database/Eloquent/Model->save()
#10 C:/Users/yyhy0/Herd/meeting.sisuu.com/backend/vendor/laravel/framework/src/Illuminate/Support/helpers.php(320): Illuminate/Database/Eloquent/Builder->Illuminate/Database/Eloquent/{closure}(Object(App/Models/Department))
#11 C:/Users/yyhy0/Herd/meeting.sisuu.com/backend/vendor/laravel/framework/src/Illuminate/Database/Eloquent/Builder.php(1024): tap(Object(App/Models/Department), Object(Closure))
#12 C:/Users/yyhy0/Herd/meeting.sisuu.com/backend/vendor/laravel/framework/src/Illuminate/Support/Traits/ForwardsCalls.php(23): Illuminate/Database/Eloquent/Builder->create(Array)
#13 C:/Users/yyhy0/Herd/meeting.sisuu.com/backend/vendor/laravel/framework/src/Illuminate/Database/Eloquent/Model.php(2335): Illuminate/Database/Eloquent/Model->forwardCallTo(Object(Illuminate/Database/Eloquent/Builder), 'create', Array)
#14 C:/Users/yyhy0/Herd/meeting.sisuu.com/backend/vendor/laravel/framework/src/Illuminate/Database/Eloquent/Model.php(2347): Illuminate/Database/Eloquent/Model->__call('create', Array)
#15 C:/Users/yyhy0/Herd/meeting.sisuu.com/backend/database/seeders/DepartmentSeeder.php(12): Illuminate/Database/Eloquent/Model::__callStatic('create', Array)
#16 C:/Users/yyhy0/Herd/meeting.sisuu.com/backend/vendor/laravel/framework/src/Illuminate/Container/BoundMethod.php(36): Database/Seeders/DepartmentSeeder->run()
#17 C:/Users/yyhy0/Herd/meeting.sisuu.com/backend/vendor/laravel/framework/src/Illuminate/Container/Util.php(41): Illuminate/Container/BoundMethod::Illuminate/Container/{closure}()
#18 C:/Users/yyhy0/Herd/meeting.sisuu.com/backend/vendor/laravel/framework/src/Illuminate/Container/BoundMethod.php(93): Illuminate/Container/Util::unwrapIfClosure(Object(Closure))
#19 C:/Users/yyhy0/Herd/meeting.sisuu.com/backend/vendor/laravel/framework/src/Illuminate/Container/BoundMethod.php(35): Illuminate/Container/BoundMethod::callBoundMethod(Object(Illuminate/Foundation/Application), Array, Object(Closure))
#20 C:/Users/yyhy0/Herd/meeting.sisuu.com/backend/vendor/laravel/framework/src/Illuminate/Container/Container.php(662): Illuminate/Container/BoundMethod::call(Object(Illuminate/Foundation/Application), Array, Array, NULL)
#21 C:/Users/yyhy0/Herd/meeting.sisuu.com/backend/vendor/laravel/framework/src/Illuminate/Database/Seeder.php(184): Illuminate/Container/Container->call(Array, Array)
#22 C:/Users/yyhy0/Herd/meeting.sisuu.com/backend/vendor/laravel/framework/src/Illuminate/Database/Seeder.php(193): Illuminate/Database/Seeder->Illuminate/Database/{closure}()
#23 C:/Users/yyhy0/Herd/meeting.sisuu.com/backend/vendor/laravel/framework/src/Illuminate/Database/Seeder.php(61): Illuminate/Database/Seeder->__invoke(Array)
#24 C:/Users/yyhy0/Herd/meeting.sisuu.com/backend/database/seeders/DatabaseSeeder.php(11): Illuminate/Database/Seeder->call('Database//Seeder...')
#25 C:/Users/yyhy0/Herd/meeting.sisuu.com/backend/vendor/laravel/framework/src/Illuminate/Container/BoundMethod.php(36): Database/Seeders/DatabaseSeeder->run()
#26 C:/Users/yyhy0/Herd/meeting.sisuu.com/backend/vendor/laravel/framework/src/Illuminate/Container/Util.php(41): Illuminate/Container/BoundMethod::Illuminate/Container/{closure}()
#27 C:/Users/yyhy0/Herd/meeting.sisuu.com/backend/vendor/laravel/framework/src/Illuminate/Container/BoundMethod.php(93): Illuminate/Container/Util::unwrapIfClosure(Object(Closure))
#28 C:/Users/yyhy0/Herd/meeting.sisuu.com/backend/vendor/laravel/framework/src/Illuminate/Container/BoundMethod.php(35): Illuminate/Container/BoundMethod::callBoundMethod(Object(Illuminate/Foundation/Application), Array, Object(Closure))
#29 C:/Users/yyhy0/Herd/meeting.sisuu.com/backend/vendor/laravel/framework/src/Illuminate/Container/Container.php(662): Illuminate/Container/BoundMethod::call(Object(Illuminate/Foundation/Application), Array, Array, NULL)
#30 C:/Users/yyhy0/Herd/meeting.sisuu.com/backend/vendor/laravel/framework/src/Illuminate/Database/Seeder.php(184): Illuminate/Container/Container->call(Array, Array)
#31 C:/Users/yyhy0/Herd/meeting.sisuu.com/backend/vendor/laravel/framework/src/Illuminate/Database/Seeder.php(193): Illuminate/Database/Seeder->Illuminate/Database/{closure}()
#32 C:/Users/yyhy0/Herd/meeting.sisuu.com/backend/vendor/laravel/framework/src/Illuminate/Database/Console/Seeds/SeedCommand.php(70): Illuminate/Database/Seeder->__invoke()
#33 C:/Users/yyhy0/Herd/meeting.sisuu.com/backend/vendor/laravel/framework/src/Illuminate/Database/Eloquent/Concerns/GuardsAttributes.php(155): Illuminate/Database/Console/Seeds/SeedCommand->Illuminate/Database/Console/Seeds/{closure}()
#34 C:/Users/yyhy0/Herd/meeting.sisuu.com/backend/vendor/laravel/framework/src/Illuminate/Database/Console/Seeds/SeedCommand.php(69): Illuminate/Database/Eloquent/Model::unguarded(Object(Closure))
#35 C:/Users/yyhy0/Herd/meeting.sisuu.com/backend/vendor/laravel/framework/src/Illuminate/Container/BoundMethod.php(36): Illuminate/Database/Console/Seeds/SeedCommand->handle()
#36 C:/Users/yyhy0/Herd/meeting.sisuu.com/backend/vendor/laravel/framework/src/Illuminate/Container/Util.php(41): Illuminate/Container/BoundMethod::Illuminate/Container/{closure}()
#37 C:/Users/yyhy0/Herd/meeting.sisuu.com/backend/vendor/laravel/framework/src/Illuminate/Container/BoundMethod.php(93): Illuminate/Container/Util::unwrapIfClosure(Object(Closure))
#38 C:/Users/yyhy0/Herd/meeting.sisuu.com/backend/vendor/laravel/framework/src/Illuminate/Container/BoundMethod.php(35): Illuminate/Container/BoundMethod::callBoundMethod(Object(Illuminate/Foundation/Application), Array, Object(Closure))
#39 C:/Users/yyhy0/Herd/meeting.sisuu.com/backend/vendor/laravel/framework/src/Illuminate/Container/Container.php(662): Illuminate/Container/BoundMethod::call(Object(Illuminate/Foundation/Application), Array, Array, NULL)
#40 C:/Users/yyhy0/Herd/meeting.sisuu.com/backend/vendor/laravel/framework/src/Illuminate/Console/Command.php(211): Illuminate/Container/Container->call(Array)
#41 C:/Users/yyhy0/Herd/meeting.sisuu.com/backend/vendor/symfony/console/Command/Command.php(326): Illuminate/Console/Command->execute(Object(Symfony/Component/Console/Input/ArgvInput), Object(Illuminate/Console/OutputStyle))
#42 C:/Users/yyhy0/Herd/meeting.sisuu.com/backend/vendor/laravel/framework/src/Illuminate/Console/Command.php(180): Symfony/Component/Console/Command/Command->run(Object(Symfony/Component/Console/Input/ArgvInput), Object(Illuminate/Console/OutputStyle))
#43 C:/Users/yyhy0/Herd/meeting.sisuu.com/backend/vendor/symfony/console/Application.php(1121): Illuminate/Console/Command->run(Object(Symfony/Component/Console/Input/ArgvInput), Object(Symfony/Component/Console/Output/ConsoleOutput))
#44 C:/Users/yyhy0/Herd/meeting.sisuu.com/backend/vendor/symfony/console/Application.php(324): Symfony/Component/Console/Application->doRunCommand(Object(Illuminate/Database/Console/Seeds/SeedCommand), Object(Symfony/Component/Console/Input/ArgvInput), Object(Symfony/Component/Console/Output/ConsoleOutput))
#45 C:/Users/yyhy0/Herd/meeting.sisuu.com/backend/vendor/symfony/console/Application.php(175): Symfony/Component/Console/Application->doRun(Object(Symfony/Component/Console/Input/ArgvInput), Object(Symfony/Component/Console/Output/ConsoleOutput))
#46 C:/Users/yyhy0/Herd/meeting.sisuu.com/backend/vendor/laravel/framework/src/Illuminate/Foundation/Console/Kernel.php(201): Symfony/Component/Console/Application->run(Object(Symfony/Component/Console/Input/ArgvInput), Object(Symfony/Component/Console/Output/ConsoleOutput))
#47 C:/Users/yyhy0/Herd/meeting.sisuu.com/backend/artisan(12): Illuminate/Foundation/Console/Kernel->handle(Object(Symfony/Component/Console/Input/ArgvInput), Object(Symfony/Component/Console/Output/ConsoleOutput))
#48 {main}

[previous exception] [object] (PDOException(code: 23000): SQLSTATE[23000]: Integrity constraint violation: 19 UNIQUE constraint failed: departments.code at C:/Users/yyhy0/Herd/meeting.sisuu.com/backend/vendor/laravel/framework/src/Illuminate/Database/Connection.php:587)
[stacktrace]
#0 C:/Users/yyhy0/Herd/meeting.sisuu.com/backend/vendor/laravel/framework/src/Illuminate/Database/Connection.php(587): PDOStatement->execute()
#1 C:/Users/yyhy0/Herd/meeting.sisuu.com/backend/vendor/laravel/framework/src/Illuminate/Database/Connection.php(816): Illuminate/Database/Connection->Illuminate/Database/{closure}('insert into \"de...', Array)
#2 C:/Users/yyhy0/Herd/meeting.sisuu.com/backend/vendor/laravel/framework/src/Illuminate/Database/Connection.php(783): Illuminate/Database/Connection->runQueryCallback('insert into \"de...', Array, Object(Closure))
#3 C:/Users/yyhy0/Herd/meeting.sisuu.com/backend/vendor/laravel/framework/src/Illuminate/Database/Connection.php(576): Illuminate/Database/Connection->run('insert into \"de...', Array, Object(Closure))
#4 C:/Users/yyhy0/Herd/meeting.sisuu.com/backend/vendor/laravel/framework/src/Illuminate/Database/Connection.php(540): Illuminate/Database/Connection->statement('insert into \"de...', Array)
#5 C:/Users/yyhy0/Herd/meeting.sisuu.com/backend/vendor/laravel/framework/src/Illuminate/Database/Query/Processors/Processor.php(32): Illuminate/Database/Connection->insert('insert into \"de...', Array)
#6 C:/Users/yyhy0/Herd/meeting.sisuu.com/backend/vendor/laravel/framework/src/Illuminate/Database/Query/Builder.php(3549): Illuminate/Database/Query/Processors/Processor->processInsertGetId(Object(Illuminate/Database/Query/Builder), 'insert into \"de...', Array, 'id')
#7 C:/Users/yyhy0/Herd/meeting.sisuu.com/backend/vendor/laravel/framework/src/Illuminate/Database/Eloquent/Builder.php(1982): Illuminate/Database/Query/Builder->insertGetId(Array, 'id')
#8 C:/Users/yyhy0/Herd/meeting.sisuu.com/backend/vendor/laravel/framework/src/Illuminate/Database/Eloquent/Model.php(1334): Illuminate/Database/Eloquent/Builder->__call('insertGetId', Array)
#9 C:/Users/yyhy0/Herd/meeting.sisuu.com/backend/vendor/laravel/framework/src/Illuminate/Database/Eloquent/Model.php(1299): Illuminate/Database/Eloquent/Model->insertAndSetId(Object(Illuminate/Database/Eloquent/Builder), Array)
#10 C:/Users/yyhy0/Herd/meeting.sisuu.com/backend/vendor/laravel/framework/src/Illuminate/Database/Eloquent/Model.php(1138): Illuminate/Database/Eloquent/Model->performInsert(Object(Illuminate/Database/Eloquent/Builder))
#11 C:/Users/yyhy0/Herd/meeting.sisuu.com/backend/vendor/laravel/framework/src/Illuminate/Database/Eloquent/Builder.php(1025): Illuminate/Database/Eloquent/Model->save()
#12 C:/Users/yyhy0/Herd/meeting.sisuu.com/backend/vendor/laravel/framework/src/Illuminate/Support/helpers.php(320): Illuminate/Database/Eloquent/Builder->Illuminate/Database/Eloquent/{closure}(Object(App/Models/Department))
#13 C:/Users/yyhy0/Herd/meeting.sisuu.com/backend/vendor/laravel/framework/src/Illuminate/Database/Eloquent/Builder.php(1024): tap(Object(App/Models/Department), Object(Closure))
#14 C:/Users/yyhy0/Herd/meeting.sisuu.com/backend/vendor/laravel/framework/src/Illuminate/Support/Traits/ForwardsCalls.php(23): Illuminate/Database/Eloquent/Builder->create(Array)
#15 C:/Users/yyhy0/Herd/meeting.sisuu.com/backend/vendor/laravel/framework/src/Illuminate/Database/Eloquent/Model.php(2335): Illuminate/Database/Eloquent/Model->forwardCallTo(Object(Illuminate/Database/Eloquent/Builder), 'create', Array)
#16 C:/Users/yyhy0/Herd/meeting.sisuu.com/backend/vendor/laravel/framework/src/Illuminate/Database/Eloquent/Model.php(2347): Illuminate/Database/Eloquent/Model->__call('create', Array)
#17 C:/Users/yyhy0/Herd/meeting.sisuu.com/backend/database/seeders/DepartmentSeeder.php(12): Illuminate/Database/Eloquent/Model::__callStatic('create', Array)
#18 C:/Users/yyhy0/Herd/meeting.sisuu.com/backend/vendor/laravel/framework/src/Illuminate/Container/BoundMethod.php(36): Database/Seeders/DepartmentSeeder->run()
#19 C:/Users/yyhy0/Herd/meeting.sisuu.com/backend/vendor/laravel/framework/src/Illuminate/Container/Util.php(41): Illuminate/Container/BoundMethod::Illuminate/Container/{closure}()
#20 C:/Users/yyhy0/Herd/meeting.sisuu.com/backend/vendor/laravel/framework/src/Illuminate/Container/BoundMethod.php(93): Illuminate/Container/Util::unwrapIfClosure(Object(Closure))
#21 C:/Users/yyhy0/Herd/meeting.sisuu.com/backend/vendor/laravel/framework/src/Illuminate/Container/BoundMethod.php(35): Illuminate/Container/BoundMethod::callBoundMethod(Object(Illuminate/Foundation/Application), Array, Object(Closure))
#22 C:/Users/yyhy0/Herd/meeting.sisuu.com/backend/vendor/laravel/framework/src/Illuminate/Container/Container.php(662): Illuminate/Container/BoundMethod::call(Object(Illuminate/Foundation/Application), Array, Array, NULL)
#23 C:/Users/yyhy0/Herd/meeting.sisuu.com/backend/vendor/laravel/framework/src/Illuminate/Database/Seeder.php(184): Illuminate/Container/Container->call(Array, Array)
#24 C:/Users/yyhy0/Herd/meeting.sisuu.com/backend/vendor/laravel/framework/src/Illuminate/Database/Seeder.php(193): Illuminate/Database/Seeder->Illuminate/Database/{closure}()
#25 C:/Users/yyhy0/Herd/meeting.sisuu.com/backend/vendor/laravel/framework/src/Illuminate/Database/Seeder.php(61): Illuminate/Database/Seeder->__invoke(Array)
#26 C:/Users/yyhy0/Herd/meeting.sisuu.com/backend/database/seeders/DatabaseSeeder.php(11): Illuminate/Database/Seeder->call('Database//Seeder...')
#27 C:/Users/yyhy0/Herd/meeting.sisuu.com/backend/vendor/laravel/framework/src/Illuminate/Container/BoundMethod.php(36): Database/Seeders/DatabaseSeeder->run()
#28 C:/Users/yyhy0/Herd/meeting.sisuu.com/backend/vendor/laravel/framework/src/Illuminate/Container/Util.php(41): Illuminate/Container/BoundMethod::Illuminate/Container/{closure}()
#29 C:/Users/yyhy0/Herd/meeting.sisuu.com/backend/vendor/laravel/framework/src/Illuminate/Container/BoundMethod.php(93): Illuminate/Container/Util::unwrapIfClosure(Object(Closure))
#30 C:/Users/yyhy0/Herd/meeting.sisuu.com/backend/vendor/laravel/framework/src/Illuminate/Container/BoundMethod.php(35): Illuminate/Container/BoundMethod::callBoundMethod(Object(Illuminate/Foundation/Application), Array, Object(Closure))
#31 C:/Users/yyhy0/Herd/meeting.sisuu.com/backend/vendor/laravel/framework/src/Illuminate/Container/Container.php(662): Illuminate/Container/BoundMethod::call(Object(Illuminate/Foundation/Application), Array, Array, NULL)
#32 C:/Users/yyhy0/Herd/meeting.sisuu.com/backend/vendor/laravel/framework/src/Illuminate/Database/Seeder.php(184): Illuminate/Container/Container->call(Array, Array)
#33 C:/Users/yyhy0/Herd/meeting.sisuu.com/backend/vendor/laravel/framework/src/Illuminate/Database/Seeder.php(193): Illuminate/Database/Seeder->Illuminate/Database/{closure}()
#34 C:/Users/yyhy0/Herd/meeting.sisuu.com/backend/vendor/laravel/framework/src/Illuminate/Database/Console/Seeds/SeedCommand.php(70): Illuminate/Database/Seeder->__invoke()
#35 C:/Users/yyhy0/Herd/meeting.sisuu.com/backend/vendor/laravel/framework/src/Illuminate/Database/Eloquent/Concerns/GuardsAttributes.php(155): Illuminate/Database/Console/Seeds/SeedCommand->Illuminate/Database/Console/Seeds/{closure}()
#36 C:/Users/yyhy0/Herd/meeting.sisuu.com/backend/vendor/laravel/framework/src/Illuminate/Database/Console/Seeds/SeedCommand.php(69): Illuminate/Database/Eloquent/Model::unguarded(Object(Closure))
#37 C:/Users/yyhy0/Herd/meeting.sisuu.com/backend/vendor/laravel/framework/src/Illuminate/Container/BoundMethod.php(36): Illuminate/Database/Console/Seeds/SeedCommand->handle()
#38 C:/Users/yyhy0/Herd/meeting.sisuu.com/backend/vendor/laravel/framework/src/Illuminate/Container/Util.php(41): Illuminate/Container/BoundMethod::Illuminate/Container/{closure}()
#39 C:/Users/yyhy0/Herd/meeting.sisuu.com/backend/vendor/laravel/framework/src/Illuminate/Container/BoundMethod.php(93): Illuminate/Container/Util::unwrapIfClosure(Object(Closure))
#40 C:/Users/yyhy0/Herd/meeting.sisuu.com/backend/vendor/laravel/framework/src/Illuminate/Container/BoundMethod.php(35): Illuminate/Container/BoundMethod::callBoundMethod(Object(Illuminate/Foundation/Application), Array, Object(Closure))
#41 C:/Users/yyhy0/Herd/meeting.sisuu.com/backend/vendor/laravel/framework/src/Illuminate/Container/Container.php(662): Illuminate/Container/BoundMethod::call(Object(Illuminate/Foundation/Application), Array, Array, NULL)
#42 C:/Users/yyhy0/Herd/meeting.sisuu.com/backend/vendor/laravel/framework/src/Illuminate/Console/Command.php(211): Illuminate/Container/Container->call(Array)
#43 C:/Users/yyhy0/Herd/meeting.sisuu.com/backend/vendor/symfony/console/Command/Command.php(326): Illuminate/Console/Command->execute(Object(Symfony/Component/Console/Input/ArgvInput), Object(Illuminate/Console/OutputStyle))
#44 C:/Users/yyhy0/Herd/meeting.sisuu.com/backend/vendor/laravel/framework/src/Illuminate/Console/Command.php(180): Symfony/Component/Console/Command/Command->run(Object(Symfony/Component/Console/Input/ArgvInput), Object(Illuminate/Console/OutputStyle))
#45 C:/Users/yyhy0/Herd/meeting.sisuu.com/backend/vendor/symfony/console/Application.php(1121): Illuminate/Console/Command->run(Object(Symfony/Component/Console/Input/ArgvInput), Object(Symfony/Component/Console/Output/ConsoleOutput))
#46 C:/Users/yyhy0/Herd/meeting.sisuu.com/backend/vendor/symfony/console/Application.php(324): Symfony/Component/Console/Application->doRunCommand(Object(Illuminate/Database/Console/Seeds/SeedCommand), Object(Symfony/Component/Console/Input/ArgvInput), Object(Symfony/Component/Console/Output/ConsoleOutput))
#47 C:/Users/yyhy0/Herd/meeting.sisuu.com/backend/vendor/symfony/console/Application.php(175): Symfony/Component/Console/Application->doRun(Object(Symfony/Component/Console/Input/ArgvInput), Object(Symfony/Component/Console/Output/ConsoleOutput))
#48 C:/Users/yyhy0/Herd/meeting.sisuu.com/backend/vendor/laravel/framework/src/Illuminate/Foundation/Console/Kernel.php(201): Symfony/Component/Console/Application->run(Object(Symfony/Component/Console/Input/ArgvInput), Object(Symfony/Component/Console/Output/ConsoleOutput))
#49 C:/Users/yyhy0/Herd/meeting.sisuu.com/backend/artisan(12): Illuminate/Foundation/Console/Kernel->handle(Object(Symfony/Component/Console/Input/ArgvInput), Object(Symfony/Component/Console/Output/ConsoleOutput))
#50 {main}
"} 
[2026-05-26 23:17:14] laravel.EMERGENCY: Unable to create configured logger. Using emergency logger. {"exception":"[object] (InvalidArgumentException(code: 0): Log [] is not defined. at C:/Users/yyhy0/Herd/meeting.sisuu.com/backend/vendor/laravel/framework/src/Illuminate/Log/LogManager.php:212)
[stacktrace]
#0 C:/Users/yyhy0/Herd/meeting.sisuu.com/backend/vendor/laravel/framework/src/Illuminate/Log/LogManager.php(137): Illuminate/Log/LogManager->resolve(NULL, NULL)
#1 C:/Users/yyhy0/Herd/meeting.sisuu.com/backend/vendor/laravel/framework/src/Illuminate/Log/LogManager.php(124): Illuminate/Log/LogManager->get(NULL)
#2 C:/Users/yyhy0/Herd/meeting.sisuu.com/backend/vendor/laravel/framework/src/Illuminate/Log/LogManager.php(681): Illuminate/Log/LogManager->driver()
#3 C:/Users/yyhy0/Herd/meeting.sisuu.com/backend/vendor/laravel/framework/src/Illuminate/Foundation/Exceptions/Handler.php(317): Illuminate/Log/LogManager->error('Target class [A...', Array)
#4 C:/Users/yyhy0/Herd/meeting.sisuu.com/backend/vendor/laravel/framework/src/Illuminate/Foundation/Exceptions/Handler.php(278): Illuminate/Foundation/Exceptions/Handler->reportThrowable(Object(Illuminate/Contracts/Container/BindingResolutionException))
#5 C:/Users/yyhy0/Herd/meeting.sisuu.com/backend/vendor/laravel/framework/src/Illuminate/Routing/Pipeline.php(49): Illuminate/Foundation/Exceptions/Handler->report(Object(Illuminate/Contracts/Container/BindingResolutionException))
#6 C:/Users/yyhy0/Herd/meeting.sisuu.com/backend/vendor/laravel/framework/src/Illuminate/Pipeline/Pipeline.php(188): Illuminate/Routing/Pipeline->handleException(Object(Illuminate/Http/Request), Object(Illuminate/Contracts/Container/BindingResolutionException))
#7 C:/Users/yyhy0/Herd/meeting.sisuu.com/backend/vendor/laravel/framework/src/Illuminate/Foundation/Http/Middleware/ValidatePostSize.php(27): Illuminate/Pipeline/Pipeline->Illuminate/Pipeline/{closure}(Object(Illuminate/Http/Request))
#8 C:/Users/yyhy0/Herd/meeting.sisuu.com/backend/vendor/laravel/framework/src/Illuminate/Pipeline/Pipeline.php(183): Illuminate/Foundation/Http/Middleware/ValidatePostSize->handle(Object(Illuminate/Http/Request), Object(Closure))
#9 C:/Users/yyhy0/Herd/meeting.sisuu.com/backend/vendor/laravel/framework/src/Illuminate/Foundation/Http/Middleware/PreventRequestsDuringMaintenance.php(99): Illuminate/Pipeline/Pipeline->Illuminate/Pipeline/{closure}(Object(Illuminate/Http/Request))
#10 C:/Users/yyhy0/Herd/meeting.sisuu.com/backend/vendor/laravel/framework/src/Illuminate/Pipeline/Pipeline.php(183): Illuminate/Foundation/Http/Middleware/PreventRequestsDuringMaintenance->handle(Object(Illuminate/Http/Request), Object(Closure))
#11 C:/Users/yyhy0/Herd/meeting.sisuu.com/backend/vendor/laravel/framework/src/Illuminate/Http/Middleware/HandleCors.php(49): Illuminate/Pipeline/Pipeline->Illuminate/Pipeline/{closure}(Object(Illuminate/Http/Request))
#12 C:/Users/yyhy0/Herd/meeting.sisuu.com/backend/vendor/laravel/framework/src/Illuminate/Pipeline/Pipeline.php(183): Illuminate/Http/Middleware/HandleCors->handle(Object(Illuminate/Http/Request), Object(Closure))
#13 C:/Users/yyhy0/Herd/meeting.sisuu.com/backend/vendor/laravel/framework/src/Illuminate/Http/Middleware/TrustProxies.php(39): Illuminate/Pipeline/Pipeline->Illuminate/Pipeline/{closure}(Object(Illuminate/Http/Request))
#14 C:/Users/yyhy0/Herd/meeting.sisuu.com/backend/vendor/laravel/framework/src/Illuminate/Pipeline/Pipeline.php(183): Illuminate/Http/Middleware/TrustProxies->handle(Object(Illuminate/Http/Request), Object(Closure))
#15 C:/Users/yyhy0/Herd/meeting.sisuu.com/backend/vendor/laravel/framework/src/Illuminate/Pipeline/Pipeline.php(119): Illuminate/Pipeline/Pipeline->Illuminate/Pipeline/{closure}(Object(Illuminate/Http/Request))
#16 C:/Users/yyhy0/Herd/meeting.sisuu.com/backend/vendor/laravel/framework/src/Illuminate/Foundation/Http/Kernel.php(175): Illuminate/Pipeline/Pipeline->then(Object(Closure))
#17 C:/Users/yyhy0/Herd/meeting.sisuu.com/backend/vendor/laravel/framework/src/Illuminate/Foundation/Http/Kernel.php(144): Illuminate/Foundation/Http/Kernel->sendRequestThroughRouter(Object(Illuminate/Http/Request))
#18 C:/Users/yyhy0/Herd/meeting.sisuu.com/backend/public/index.php(14): Illuminate/Foundation/Http/Kernel->handle(Object(Illuminate/Http/Request))
#19 {main}
"} 
[2026-05-26 23:17:14] laravel.ERROR: Target class [App\Http\Middleware\TrimStrings] does not exist. {"exception":"[object] (Illuminate\\Contracts\\Container\\BindingResolutionException(code: 0): Target class [App\\Http\\Middleware\\TrimStrings] does not exist. at C:/Users/yyhy0/Herd/meeting.sisuu.com/backend/vendor/laravel/framework/src/Illuminate/Container/Container.php:914)
[stacktrace]
#0 C:/Users/yyhy0/Herd/meeting.sisuu.com/backend/vendor/laravel/framework/src/Illuminate/Container/Container.php(795): Illuminate/Container/Container->build('App//Http//Middle...')
#1 C:/Users/yyhy0/Herd/meeting.sisuu.com/backend/vendor/laravel/framework/src/Illuminate/Foundation/Application.php(986): Illuminate/Container/Container->resolve('App//Http//Middle...', Array, true)
#2 C:/Users/yyhy0/Herd/meeting.sisuu.com/backend/vendor/laravel/framework/src/Illuminate/Container/Container.php(731): Illuminate/Foundation/Application->resolve('App//Http//Middle...', Array)
#3 C:/Users/yyhy0/Herd/meeting.sisuu.com/backend/vendor/laravel/framework/src/Illuminate/Foundation/Application.php(971): Illuminate/Container/Container->make('App//Http//Middle...', Array)
#4 C:/Users/yyhy0/Herd/meeting.sisuu.com/backend/vendor/laravel/framework/src/Illuminate/Pipeline/Pipeline.php(172): Illuminate/Foundation/Application->make('App//Http//Middle...')
#5 C:/Users/yyhy0/Herd/meeting.sisuu.com/backend/vendor/laravel/framework/src/Illuminate/Foundation/Http/Middleware/ValidatePostSize.php(27): Illuminate/Pipeline/Pipeline->Illuminate/Pipeline/{closure}(Object(Illuminate/Http/Request))
#6 C:/Users/yyhy0/Herd/meeting.sisuu.com/backend/vendor/laravel/framework/src/Illuminate/Pipeline/Pipeline.php(183): Illuminate/Foundation/Http/Middleware/ValidatePostSize->handle(Object(Illuminate/Http/Request), Object(Closure))
#7 C:/Users/yyhy0/Herd/meeting.sisuu.com/backend/vendor/laravel/framework/src/Illuminate/Foundation/Http/Middleware/PreventRequestsDuringMaintenance.php(99): Illuminate/Pipeline/Pipeline->Illuminate/Pipeline/{closure}(Object(Illuminate/Http/Request))
#8 C:/Users/yyhy0/Herd/meeting.sisuu.com/backend/vendor/laravel/framework/src/Illuminate/Pipeline/Pipeline.php(183): Illuminate/Foundation/Http/Middleware/PreventRequestsDuringMaintenance->handle(Object(Illuminate/Http/Request), Object(Closure))
#9 C:/Users/yyhy0/Herd/meeting.sisuu.com/backend/vendor/laravel/framework/src/Illuminate/Http/Middleware/HandleCors.php(49): Illuminate/Pipeline/Pipeline->Illuminate/Pipeline/{closure}(Object(Illuminate/Http/Request))
#10 C:/Users/yyhy0/Herd/meeting.sisuu.com/backend/vendor/laravel/framework/src/Illuminate/Pipeline/Pipeline.php(183): Illuminate/Http/Middleware/HandleCors->handle(Object(Illuminate/Http/Request), Object(Closure))
#11 C:/Users/yyhy0/Herd/meeting.sisuu.com/backend/vendor/laravel/framework/src/Illuminate/Http/Middleware/TrustProxies.php(39): Illuminate/Pipeline/Pipeline->Illuminate/Pipeline/{closure}(Object(Illuminate/Http/Request))
#12 C:/Users/yyhy0/Herd/meeting.sisuu.com/backend/vendor/laravel/framework/src/Illuminate/Pipeline/Pipeline.php(183): Illuminate/Http/Middleware/TrustProxies->handle(Object(Illuminate/Http/Request), Object(Closure))
#13 C:/Users/yyhy0/Herd/meeting.sisuu.com/backend/vendor/laravel/framework/src/Illuminate/Pipeline/Pipeline.php(119): Illuminate/Pipeline/Pipeline->Illuminate/Pipeline/{closure}(Object(Illuminate/Http/Request))
#14 C:/Users/yyhy0/Herd/meeting.sisuu.com/backend/vendor/laravel/framework/src/Illuminate/Foundation/Http/Kernel.php(175): Illuminate/Pipeline/Pipeline->then(Object(Closure))
#15 C:/Users/yyhy0/Herd/meeting.sisuu.com/backend/vendor/laravel/framework/src/Illuminate/Foundation/Http/Kernel.php(144): Illuminate/Foundation/Http/Kernel->sendRequestThroughRouter(Object(Illuminate/Http/Request))
#16 C:/Users/yyhy0/Herd/meeting.sisuu.com/backend/public/index.php(14): Illuminate/Foundation/Http/Kernel->handle(Object(Illuminate/Http/Request))
#17 {main}

[previous exception] [object] (ReflectionException(code: -1): Class \"App\\Http\\Middleware\\TrimStrings\" does not exist at C:/Users/yyhy0/Herd/meeting.sisuu.com/backend/vendor/laravel/framework/src/Illuminate/Container/Container.php:912)
[stacktrace]
#0 C:/Users/yyhy0/Herd/meeting.sisuu.com/backend/vendor/laravel/framework/src/Illuminate/Container/Container.php(912): ReflectionClass->__construct('App//Http//Middle...')
#1 C:/Users/yyhy0/Herd/meeting.sisuu.com/backend/vendor/laravel/framework/src/Illuminate/Container/Container.php(795): Illuminate/Container/Container->build('App//Http//Middle...')
#2 C:/Users/yyhy0/Herd/meeting.sisuu.com/backend/vendor/laravel/framework/src/Illuminate/Foundation/Application.php(986): Illuminate/Container/Container->resolve('App//Http//Middle...', Array, true)
#3 C:/Users/yyhy0/Herd/meeting.sisuu.com/backend/vendor/laravel/framework/src/Illuminate/Container/Container.php(731): Illuminate/Foundation/Application->resolve('App//Http//Middle...', Array)
#4 C:/Users/yyhy0/Herd/meeting.sisuu.com/backend/vendor/laravel/framework/src/Illuminate/Foundation/Application.php(971): Illuminate/Container/Container->make('App//Http//Middle...', Array)
#5 C:/Users/yyhy0/Herd/meeting.sisuu.com/backend/vendor/laravel/framework/src/Illuminate/Pipeline/Pipeline.php(172): Illuminate/Foundation/Application->make('App//Http//Middle...')
#6 C:/Users/yyhy0/Herd/meeting.sisuu.com/backend/vendor/laravel/framework/src/Illuminate/Foundation/Http/Middleware/ValidatePostSize.php(27): Illuminate/Pipeline/Pipeline->Illuminate/Pipeline/{closure}(Object(Illuminate/Http/Request))
#7 C:/Users/yyhy0/Herd/meeting.sisuu.com/backend/vendor/laravel/framework/src/Illuminate/Pipeline/Pipeline.php(183): Illuminate/Foundation/Http/Middleware/ValidatePostSize->handle(Object(Illuminate/Http/Request), Object(Closure))
#8 C:/Users/yyhy0/Herd/meeting.sisuu.com/backend/vendor/laravel/framework/src/Illuminate/Foundation/Http/Middleware/PreventRequestsDuringMaintenance.php(99): Illuminate/Pipeline/Pipeline->Illuminate/Pipeline/{closure}(Object(Illuminate/Http/Request))
#9 C:/Users/yyhy0/Herd/meeting.sisuu.com/backend/vendor/laravel/framework/src/Illuminate/Pipeline/Pipeline.php(183): Illuminate/Foundation/Http/Middleware/PreventRequestsDuringMaintenance->handle(Object(Illuminate/Http/Request), Object(Closure))
#10 C:/Users/yyhy0/Herd/meeting.sisuu.com/backend/vendor/laravel/framework/src/Illuminate/Http/Middleware/HandleCors.php(49): Illuminate/Pipeline/Pipeline->Illuminate/Pipeline/{closure}(Object(Illuminate/Http/Request))
#11 C:/Users/yyhy0/Herd/meeting.sisuu.com/backend/vendor/laravel/framework/src/Illuminate/Pipeline/Pipeline.php(183): Illuminate/Http/Middleware/HandleCors->handle(Object(Illuminate/Http/Request), Object(Closure))
#12 C:/Users/yyhy0/Herd/meeting.sisuu.com/backend/vendor/laravel/framework/src/Illuminate/Http/Middleware/TrustProxies.php(39): Illuminate/Pipeline/Pipeline->Illuminate/Pipeline/{closure}(Object(Illuminate/Http/Request))
#13 C:/Users/yyhy0/Herd/meeting.sisuu.com/backend/vendor/laravel/framework/src/Illuminate/Pipeline/Pipeline.php(183): Illuminate/Http/Middleware/TrustProxies->handle(Object(Illuminate/Http/Request), Object(Closure))
#14 C:/Users/yyhy0/Herd/meeting.sisuu.com/backend/vendor/laravel/framework/src/Illuminate/Pipeline/Pipeline.php(119): Illuminate/Pipeline/Pipeline->Illuminate/Pipeline/{closure}(Object(Illuminate/Http/Request))
#15 C:/Users/yyhy0/Herd/meeting.sisuu.com/backend/vendor/laravel/framework/src/Illuminate/Foundation/Http/Kernel.php(175): Illuminate/Pipeline/Pipeline->then(Object(Closure))
#16 C:/Users/yyhy0/Herd/meeting.sisuu.com/backend/vendor/laravel/framework/src/Illuminate/Foundation/Http/Kernel.php(144): Illuminate/Foundation/Http/Kernel->sendRequestThroughRouter(Object(Illuminate/Http/Request))
#17 C:/Users/yyhy0/Herd/meeting.sisuu.com/backend/public/index.php(14): Illuminate/Foundation/Http/Kernel->handle(Object(Illuminate/Http/Request))
#18 {main}
"} 
[2026-05-26 23:17:14] laravel.EMERGENCY: Unable to create configured logger. Using emergency logger. {"exception":"[object] (InvalidArgumentException(code: 0): Log [] is not defined. at C:/Users/yyhy0/Herd/meeting.sisuu.com/backend/vendor/laravel/framework/src/Illuminate/Log/LogManager.php:212)
[stacktrace]
#0 C:/Users/yyhy0/Herd/meeting.sisuu.com/backend/vendor/laravel/framework/src/Illuminate/Log/LogManager.php(137): Illuminate/Log/LogManager->resolve(NULL, NULL)
#1 C:/Users/yyhy0/Herd/meeting.sisuu.com/backend/vendor/laravel/framework/src/Illuminate/Log/LogManager.php(124): Illuminate/Log/LogManager->get(NULL)
#2 C:/Users/yyhy0/Herd/meeting.sisuu.com/backend/vendor/laravel/framework/src/Illuminate/Log/LogManager.php(681): Illuminate/Log/LogManager->driver()
#3 C:/Users/yyhy0/Herd/meeting.sisuu.com/backend/vendor/laravel/framework/src/Illuminate/Foundation/Exceptions/Handler.php(317): Illuminate/Log/LogManager->error('Target class [A...', Array)
#4 C:/Users/yyhy0/Herd/meeting.sisuu.com/backend/vendor/laravel/framework/src/Illuminate/Foundation/Exceptions/Handler.php(278): Illuminate/Foundation/Exceptions/Handler->reportThrowable(Object(Illuminate/Contracts/Container/BindingResolutionException))
#5 C:/Users/yyhy0/Herd/meeting.sisuu.com/backend/vendor/laravel/framework/src/Illuminate/Foundation/Bootstrap/HandleExceptions.php(183): Illuminate/Foundation/Exceptions/Handler->report(Object(Illuminate/Contracts/Container/BindingResolutionException))
#6 C:/Users/yyhy0/Herd/meeting.sisuu.com/backend/vendor/laravel/framework/src/Illuminate/Foundation/Bootstrap/HandleExceptions.php(255): Illuminate/Foundation/Bootstrap/HandleExceptions->handleException(Object(Illuminate/Contracts/Container/BindingResolutionException))
#7 [internal function]: Illuminate/Foundation/Bootstrap/HandleExceptions->Illuminate/Foundation/Bootstrap/{closure}(Object(Illuminate/Contracts/Container/BindingResolutionException))
#8 {main}
"} 
[2026-05-26 23:17:14] laravel.ERROR: Target class [App\Http\Middleware\TrimStrings] does not exist. {"exception":"[object] (Illuminate\\Contracts\\Container\\BindingResolutionException(code: 0): Target class [App\\Http\\Middleware\\TrimStrings] does not exist. at C:/Users/yyhy0/Herd/meeting.sisuu.com/backend/vendor/laravel/framework/src/Illuminate/Container/Container.php:914)
[stacktrace]
#0 C:/Users/yyhy0/Herd/meeting.sisuu.com/backend/vendor/laravel/framework/src/Illuminate/Container/Container.php(795): Illuminate/Container/Container->build('App//Http//Middle...')
#1 C:/Users/yyhy0/Herd/meeting.sisuu.com/backend/vendor/laravel/framework/src/Illuminate/Foundation/Application.php(986): Illuminate/Container/Container->resolve('App//Http//Middle...', Array, true)
#2 C:/Users/yyhy0/Herd/meeting.sisuu.com/backend/vendor/laravel/framework/src/Illuminate/Container/Container.php(731): Illuminate/Foundation/Application->resolve('App//Http//Middle...', Array)
#3 C:/Users/yyhy0/Herd/meeting.sisuu.com/backend/vendor/laravel/framework/src/Illuminate/Foundation/Application.php(971): Illuminate/Container/Container->make('App//Http//Middle...', Array)
#4 C:/Users/yyhy0/Herd/meeting.sisuu.com/backend/vendor/laravel/framework/src/Illuminate/Foundation/Http/Kernel.php(255): Illuminate/Foundation/Application->make('App//Http//Middle...')
#5 C:/Users/yyhy0/Herd/meeting.sisuu.com/backend/vendor/laravel/framework/src/Illuminate/Foundation/Http/Kernel.php(213): Illuminate/Foundation/Http/Kernel->terminateMiddleware(Object(Illuminate/Http/Request), Object(Illuminate/Http/Response))
#6 C:/Users/yyhy0/Herd/meeting.sisuu.com/backend/public/index.php(18): Illuminate/Foundation/Http/Kernel->terminate(Object(Illuminate/Http/Request), Object(Illuminate/Http/Response))
#7 {main}

[previous exception] [object] (ReflectionException(code: -1): Class \"App\\Http\\Middleware\\TrimStrings\" does not exist at C:/Users/yyhy0/Herd/meeting.sisuu.com/backend/vendor/laravel/framework/src/Illuminate/Container/Container.php:912)
[stacktrace]
#0 C:/Users/yyhy0/Herd/meeting.sisuu.com/backend/vendor/laravel/framework/src/Illuminate/Container/Container.php(912): ReflectionClass->__construct('App//Http//Middle...')
#1 C:/Users/yyhy0/Herd/meeting.sisuu.com/backend/vendor/laravel/framework/src/Illuminate/Container/Container.php(795): Illuminate/Container/Container->build('App//Http//Middle...')
#2 C:/Users/yyhy0/Herd/meeting.sisuu.com/backend/vendor/laravel/framework/src/Illuminate/Foundation/Application.php(986): Illuminate/Container/Container->resolve('App//Http//Middle...', Array, true)
#3 C:/Users/yyhy0/Herd/meeting.sisuu.com/backend/vendor/laravel/framework/src/Illuminate/Container/Container.php(731): Illuminate/Foundation/Application->resolve('App//Http//Middle...', Array)
#4 C:/Users/yyhy0/Herd/meeting.sisuu.com/backend/vendor/laravel/framework/src/Illuminate/Foundation/Application.php(971): Illuminate/Container/Container->make('App//Http//Middle...', Array)
#5 C:/Users/yyhy0/Herd/meeting.sisuu.com/backend/vendor/laravel/framework/src/Illuminate/Foundation/Http/Kernel.php(255): Illuminate/Foundation/Application->make('App//Http//Middle...')
#6 C:/Users/yyhy0/Herd/meeting.sisuu.com/backend/vendor/laravel/framework/src/Illuminate/Foundation/Http/Kernel.php(213): Illuminate/Foundation/Http/Kernel->terminateMiddleware(Object(Illuminate/Http/Request), Object(Illuminate/Http/Response))
#7 C:/Users/yyhy0/Herd/meeting.sisuu.com/backend/public/index.php(18): Illuminate/Foundation/Http/Kernel->terminate(Object(Illuminate/Http/Request), Object(Illuminate/Http/Response))
#8 {main}
"} 
[2026-05-26 23:18:15] local.ERROR: Target class [App\Http\Middleware\TrimStrings] does not exist. {"exception":"[object] (Illuminate\\Contracts\\Container\\BindingResolutionException(code: 0): Target class [App\\Http\\Middleware\\TrimStrings] does not exist. at C:/Users/yyhy0/Herd/meeting.sisuu.com/backend/vendor/laravel/framework/src/Illuminate/Container/Container.php:914)
[stacktrace]
#0 C:/Users/yyhy0/Herd/meeting.sisuu.com/backend/vendor/laravel/framework/src/Illuminate/Container/Container.php(795): Illuminate/Container/Container->build('App//Http//Middle...')
#1 C:/Users/yyhy0/Herd/meeting.sisuu.com/backend/vendor/laravel/framework/src/Illuminate/Foundation/Application.php(986): Illuminate/Container/Container->resolve('App//Http//Middle...', Array, true)
#2 C:/Users/yyhy0/Herd/meeting.sisuu.com/backend/vendor/laravel/framework/src/Illuminate/Container/Container.php(731): Illuminate/Foundation/Application->resolve('App//Http//Middle...', Array)
#3 C:/Users/yyhy0/Herd/meeting.sisuu.com/backend/vendor/laravel/framework/src/Illuminate/Foundation/Application.php(971): Illuminate/Container/Container->make('App//Http//Middle...', Array)
#4 C:/Users/yyhy0/Herd/meeting.sisuu.com/backend/vendor/laravel/framework/src/Illuminate/Pipeline/Pipeline.php(172): Illuminate/Foundation/Application->make('App//Http//Middle...')
#5 C:/Users/yyhy0/Herd/meeting.sisuu.com/backend/vendor/laravel/framework/src/Illuminate/Foundation/Http/Middleware/ValidatePostSize.php(27): Illuminate/Pipeline/Pipeline->Illuminate/Pipeline/{closure}(Object(Illuminate/Http/Request))
#6 C:/Users/yyhy0/Herd/meeting.sisuu.com/backend/vendor/laravel/framework/src/Illuminate/Pipeline/Pipeline.php(183): Illuminate/Foundation/Http/Middleware/ValidatePostSize->handle(Object(Illuminate/Http/Request), Object(Closure))
#7 C:/Users/yyhy0/Herd/meeting.sisuu.com/backend/vendor/laravel/framework/src/Illuminate/Foundation/Http/Middleware/PreventRequestsDuringMaintenance.php(99): Illuminate/Pipeline/Pipeline->Illuminate/Pipeline/{closure}(Object(Illuminate/Http/Request))
#8 C:/Users/yyhy0/Herd/meeting.sisuu.com/backend/vendor/laravel/framework/src/Illuminate/Pipeline/Pipeline.php(183): Illuminate/Foundation/Http/Middleware/PreventRequestsDuringMaintenance->handle(Object(Illuminate/Http/Request), Object(Closure))
#9 C:/Users/yyhy0/Herd/meeting.sisuu.com/backend/vendor/laravel/framework/src/Illuminate/Http/Middleware/HandleCors.php(49): Illuminate/Pipeline/Pipeline->Illuminate/Pipeline/{closure}(Object(Illuminate/Http/Request))
#10 C:/Users/yyhy0/Herd/meeting.sisuu.com/backend/vendor/laravel/framework/src/Illuminate/Pipeline/Pipeline.php(183): Illuminate/Http/Middleware/HandleCors->handle(Object(Illuminate/Http/Request), Object(Closure))
#11 C:/Users/yyhy0/Herd/meeting.sisuu.com/backend/vendor/laravel/framework/src/Illuminate/Http/Middleware/TrustProxies.php(39): Illuminate/Pipeline/Pipeline->Illuminate/Pipeline/{closure}(Object(Illuminate/Http/Request))
#12 C:/Users/yyhy0/Herd/meeting.sisuu.com/backend/vendor/laravel/framework/src/Illuminate/Pipeline/Pipeline.php(183): Illuminate/Http/Middleware/TrustProxies->handle(Object(Illuminate/Http/Request), Object(Closure))
#13 C:/Users/yyhy0/Herd/meeting.sisuu.com/backend/vendor/laravel/framework/src/Illuminate/Pipeline/Pipeline.php(119): Illuminate/Pipeline/Pipeline->Illuminate/Pipeline/{closure}(Object(Illuminate/Http/Request))
#14 C:/Users/yyhy0/Herd/meeting.sisuu.com/backend/vendor/laravel/framework/src/Illuminate/Foundation/Http/Kernel.php(175): Illuminate/Pipeline/Pipeline->then(Object(Closure))
#15 C:/Users/yyhy0/Herd/meeting.sisuu.com/backend/vendor/laravel/framework/src/Illuminate/Foundation/Http/Kernel.php(144): Illuminate/Foundation/Http/Kernel->sendRequestThroughRouter(Object(Illuminate/Http/Request))
#16 C:/Users/yyhy0/Herd/meeting.sisuu.com/backend/public/index.php(14): Illuminate/Foundation/Http/Kernel->handle(Object(Illuminate/Http/Request))
#17 {main}

[previous exception] [object] (ReflectionException(code: -1): Class \"App\\Http\\Middleware\\TrimStrings\" does not exist at C:/Users/yyhy0/Herd/meeting.sisuu.com/backend/vendor/laravel/framework/src/Illuminate/Container/Container.php:912)
[stacktrace]
#0 C:/Users/yyhy0/Herd/meeting.sisuu.com/backend/vendor/laravel/framework/src/Illuminate/Container/Container.php(912): ReflectionClass->__construct('App//Http//Middle...')
#1 C:/Users/yyhy0/Herd/meeting.sisuu.com/backend/vendor/laravel/framework/src/Illuminate/Container/Container.php(795): Illuminate/Container/Container->build('App//Http//Middle...')
#2 C:/Users/yyhy0/Herd/meeting.sisuu.com/backend/vendor/laravel/framework/src/Illuminate/Foundation/Application.php(986): Illuminate/Container/Container->resolve('App//Http//Middle...', Array, true)
#3 C:/Users/yyhy0/Herd/meeting.sisuu.com/backend/vendor/laravel/framework/src/Illuminate/Container/Container.php(731): Illuminate/Foundation/Application->resolve('App//Http//Middle...', Array)
#4 C:/Users/yyhy0/Herd/meeting.sisuu.com/backend/vendor/laravel/framework/src/Illuminate/Foundation/Application.php(971): Illuminate/Container/Container->make('App//Http//Middle...', Array)
#5 C:/Users/yyhy0/Herd/meeting.sisuu.com/backend/vendor/laravel/framework/src/Illuminate/Pipeline/Pipeline.php(172): Illuminate/Foundation/Application->make('App//Http//Middle...')
#6 C:/Users/yyhy0/Herd/meeting.sisuu.com/backend/vendor/laravel/framework/src/Illuminate/Foundation/Http/Middleware/ValidatePostSize.php(27): Illuminate/Pipeline/Pipeline->Illuminate/Pipeline/{closure}(Object(Illuminate/Http/Request))
#7 C:/Users/yyhy0/Herd/meeting.sisuu.com/backend/vendor/laravel/framework/src/Illuminate/Pipeline/Pipeline.php(183): Illuminate/Foundation/Http/Middleware/ValidatePostSize->handle(Object(Illuminate/Http/Request), Object(Closure))
#8 C:/Users/yyhy0/Herd/meeting.sisuu.com/backend/vendor/laravel/framework/src/Illuminate/Foundation/Http/Middleware/PreventRequestsDuringMaintenance.php(99): Illuminate/Pipeline/Pipeline->Illuminate/Pipeline/{closure}(Object(Illuminate/Http/Request))
#9 C:/Users/yyhy0/Herd/meeting.sisuu.com/backend/vendor/laravel/framework/src/Illuminate/Pipeline/Pipeline.php(183): Illuminate/Foundation/Http/Middleware/PreventRequestsDuringMaintenance->handle(Object(Illuminate/Http/Request), Object(Closure))
#10 C:/Users/yyhy0/Herd/meeting.sisuu.com/backend/vendor/laravel/framework/src/Illuminate/Http/Middleware/HandleCors.php(49): Illuminate/Pipeline/Pipeline->Illuminate/Pipeline/{closure}(Object(Illuminate/Http/Request))
#11 C:/Users/yyhy0/Herd/meeting.sisuu.com/backend/vendor/laravel/framework/src/Illuminate/Pipeline/Pipeline.php(183): Illuminate/Http/Middleware/HandleCors->handle(Object(Illuminate/Http/Request), Object(Closure))
#12 C:/Users/yyhy0/Herd/meeting.sisuu.com/backend/vendor/laravel/framework/src/Illuminate/Http/Middleware/TrustProxies.php(39): Illuminate/Pipeline/Pipeline->Illuminate/Pipeline/{closure}(Object(Illuminate/Http/Request))
#13 C:/Users/yyhy0/Herd/meeting.sisuu.com/backend/vendor/laravel/framework/src/Illuminate/Pipeline/Pipeline.php(183): Illuminate/Http/Middleware/TrustProxies->handle(Object(Illuminate/Http/Request), Object(Closure))
#14 C:/Users/yyhy0/Herd/meeting.sisuu.com/backend/vendor/laravel/framework/src/Illuminate/Pipeline/Pipeline.php(119): Illuminate/Pipeline/Pipeline->Illuminate/Pipeline/{closure}(Object(Illuminate/Http/Request))
#15 C:/Users/yyhy0/Herd/meeting.sisuu.com/backend/vendor/laravel/framework/src/Illuminate/Foundation/Http/Kernel.php(175): Illuminate/Pipeline/Pipeline->then(Object(Closure))
#16 C:/Users/yyhy0/Herd/meeting.sisuu.com/backend/vendor/laravel/framework/src/Illuminate/Foundation/Http/Kernel.php(144): Illuminate/Foundation/Http/Kernel->sendRequestThroughRouter(Object(Illuminate/Http/Request))
#17 C:/Users/yyhy0/Herd/meeting.sisuu.com/backend/public/index.php(14): Illuminate/Foundation/Http/Kernel->handle(Object(Illuminate/Http/Request))
#18 {main}
"} 
[2026-05-26 23:18:15] local.ERROR: Target class [App\Http\Middleware\TrimStrings] does not exist. {"exception":"[object] (Illuminate\\Contracts\\Container\\BindingResolutionException(code: 0): Target class [App\\Http\\Middleware\\TrimStrings] does not exist. at C:/Users/yyhy0/Herd/meeting.sisuu.com/backend/vendor/laravel/framework/src/Illuminate/Container/Container.php:914)
[stacktrace]
#0 C:/Users/yyhy0/Herd/meeting.sisuu.com/backend/vendor/laravel/framework/src/Illuminate/Container/Container.php(795): Illuminate/Container/Container->build('App//Http//Middle...')
#1 C:/Users/yyhy0/Herd/meeting.sisuu.com/backend/vendor/laravel/framework/src/Illuminate/Foundation/Application.php(986): Illuminate/Container/Container->resolve('App//Http//Middle...', Array, true)
#2 C:/Users/yyhy0/Herd/meeting.sisuu.com/backend/vendor/laravel/framework/src/Illuminate/Container/Container.php(731): Illuminate/Foundation/Application->resolve('App//Http//Middle...', Array)
#3 C:/Users/yyhy0/Herd/meeting.sisuu.com/backend/vendor/laravel/framework/src/Illuminate/Foundation/Application.php(971): Illuminate/Container/Container->make('App//Http//Middle...', Array)
#4 C:/Users/yyhy0/Herd/meeting.sisuu.com/backend/vendor/laravel/framework/src/Illuminate/Foundation/Http/Kernel.php(255): Illuminate/Foundation/Application->make('App//Http//Middle...')
#5 C:/Users/yyhy0/Herd/meeting.sisuu.com/backend/vendor/laravel/framework/src/Illuminate/Foundation/Http/Kernel.php(213): Illuminate/Foundation/Http/Kernel->terminateMiddleware(Object(Illuminate/Http/Request), Object(Illuminate/Http/Response))
#6 C:/Users/yyhy0/Herd/meeting.sisuu.com/backend/public/index.php(18): Illuminate/Foundation/Http/Kernel->terminate(Object(Illuminate/Http/Request), Object(Illuminate/Http/Response))
#7 {main}

[previous exception] [object] (ReflectionException(code: -1): Class \"App\\Http\\Middleware\\TrimStrings\" does not exist at C:/Users/yyhy0/Herd/meeting.sisuu.com/backend/vendor/laravel/framework/src/Illuminate/Container/Container.php:912)
[stacktrace]
#0 C:/Users/yyhy0/Herd/meeting.sisuu.com/backend/vendor/laravel/framework/src/Illuminate/Container/Container.php(912): ReflectionClass->__construct('App//Http//Middle...')
#1 C:/Users/yyhy0/Herd/meeting.sisuu.com/backend/vendor/laravel/framework/src/Illuminate/Container/Container.php(795): Illuminate/Container/Container->build('App//Http//Middle...')
#2 C:/Users/yyhy0/Herd/meeting.sisuu.com/backend/vendor/laravel/framework/src/Illuminate/Foundation/Application.php(986): Illuminate/Container/Container->resolve('App//Http//Middle...', Array, true)
#3 C:/Users/yyhy0/Herd/meeting.sisuu.com/backend/vendor/laravel/framework/src/Illuminate/Container/Container.php(731): Illuminate/Foundation/Application->resolve('App//Http//Middle...', Array)
#4 C:/Users/yyhy0/Herd/meeting.sisuu.com/backend/vendor/laravel/framework/src/Illuminate/Foundation/Application.php(971): Illuminate/Container/Container->make('App//Http//Middle...', Array)
#5 C:/Users/yyhy0/Herd/meeting.sisuu.com/backend/vendor/laravel/framework/src/Illuminate/Foundation/Http/Kernel.php(255): Illuminate/Foundation/Application->make('App//Http//Middle...')
#6 C:/Users/yyhy0/Herd/meeting.sisuu.com/backend/vendor/laravel/framework/src/Illuminate/Foundation/Http/Kernel.php(213): Illuminate/Foundation/Http/Kernel->terminateMiddleware(Object(Illuminate/Http/Request), Object(Illuminate/Http/Response))
#7 C:/Users/yyhy0/Herd/meeting.sisuu.com/backend/public/index.php(18): Illuminate/Foundation/Http/Kernel->terminate(Object(Illuminate/Http/Request), Object(Illuminate/Http/Response))
#8 {main}
"} 
[2026-05-26 23:19:15] local.ERROR: Target class [App\Http\Middleware\TrimStrings] does not exist. {"exception":"[object] (Illuminate\\Contracts\\Container\\BindingResolutionException(code: 0): Target class [App\\Http\\Middleware\\TrimStrings] does not exist. at C:/Users/yyhy0/Herd/meeting.sisuu.com/backend/vendor/laravel/framework/src/Illuminate/Container/Container.php:914)
[stacktrace]
#0 C:/Users/yyhy0/Herd/meeting.sisuu.com/backend/vendor/laravel/framework/src/Illuminate/Container/Container.php(795): Illuminate/Container/Container->build('App//Http//Middle...')
#1 C:/Users/yyhy0/Herd/meeting.sisuu.com/backend/vendor/laravel/framework/src/Illuminate/Foundation/Application.php(986): Illuminate/Container/Container->resolve('App//Http//Middle...', Array, true)
#2 C:/Users/yyhy0/Herd/meeting.sisuu.com/backend/vendor/laravel/framework/src/Illuminate/Container/Container.php(731): Illuminate/Foundation/Application->resolve('App//Http//Middle...', Array)
#3 C:/Users/yyhy0/Herd/meeting.sisuu.com/backend/vendor/laravel/framework/src/Illuminate/Foundation/Application.php(971): Illuminate/Container/Container->make('App//Http//Middle...', Array)
#4 C:/Users/yyhy0/Herd/meeting.sisuu.com/backend/vendor/laravel/framework/src/Illuminate/Pipeline/Pipeline.php(172): Illuminate/Foundation/Application->make('App//Http//Middle...')
#5 C:/Users/yyhy0/Herd/meeting.sisuu.com/backend/vendor/laravel/framework/src/Illuminate/Foundation/Http/Middleware/ValidatePostSize.php(27): Illuminate/Pipeline/Pipeline->Illuminate/Pipeline/{closure}(Object(Illuminate/Http/Request))
#6 C:/Users/yyhy0/Herd/meeting.sisuu.com/backend/vendor/laravel/framework/src/Illuminate/Pipeline/Pipeline.php(183): Illuminate/Foundation/Http/Middleware/ValidatePostSize->handle(Object(Illuminate/Http/Request), Object(Closure))
#7 C:/Users/yyhy0/Herd/meeting.sisuu.com/backend/vendor/laravel/framework/src/Illuminate/Foundation/Http/Middleware/PreventRequestsDuringMaintenance.php(99): Illuminate/Pipeline/Pipeline->Illuminate/Pipeline/{closure}(Object(Illuminate/Http/Request))
#8 C:/Users/yyhy0/Herd/meeting.sisuu.com/backend/vendor/laravel/framework/src/Illuminate/Pipeline/Pipeline.php(183): Illuminate/Foundation/Http/Middleware/PreventRequestsDuringMaintenance->handle(Object(Illuminate/Http/Request), Object(Closure))
#9 C:/Users/yyhy0/Herd/meeting.sisuu.com/backend/vendor/laravel/framework/src/Illuminate/Http/Middleware/HandleCors.php(49): Illuminate/Pipeline/Pipeline->Illuminate/Pipeline/{closure}(Object(Illuminate/Http/Request))
#10 C:/Users/yyhy0/Herd/meeting.sisuu.com/backend/vendor/laravel/framework/src/Illuminate/Pipeline/Pipeline.php(183): Illuminate/Http/Middleware/HandleCors->handle(Object(Illuminate/Http/Request), Object(Closure))
#11 C:/Users/yyhy0/Herd/meeting.sisuu.com/backend/vendor/laravel/framework/src/Illuminate/Http/Middleware/TrustProxies.php(39): Illuminate/Pipeline/Pipeline->Illuminate/Pipeline/{closure}(Object(Illuminate/Http/Request))
#12 C:/Users/yyhy0/Herd/meeting.sisuu.com/backend/vendor/laravel/framework/src/Illuminate/Pipeline/Pipeline.php(183): Illuminate/Http/Middleware/TrustProxies->handle(Object(Illuminate/Http/Request), Object(Closure))
#13 C:/Users/yyhy0/Herd/meeting.sisuu.com/backend/vendor/laravel/framework/src/Illuminate/Pipeline/Pipeline.php(119): Illuminate/Pipeline/Pipeline->Illuminate/Pipeline/{closure}(Object(Illuminate/Http/Request))
#14 C:/Users/yyhy0/Herd/meeting.sisuu.com/backend/vendor/laravel/framework/src/Illuminate/Foundation/Http/Kernel.php(175): Illuminate/Pipeline/Pipeline->then(Object(Closure))
#15 C:/Users/yyhy0/Herd/meeting.sisuu.com/backend/vendor/laravel/framework/src/Illuminate/Foundation/Http/Kernel.php(144): Illuminate/Foundation/Http/Kernel->sendRequestThroughRouter(Object(Illuminate/Http/Request))
#16 C:/Users/yyhy0/Herd/meeting.sisuu.com/backend/public/index.php(14): Illuminate/Foundation/Http/Kernel->handle(Object(Illuminate/Http/Request))
#17 {main}

[previous exception] [object] (ReflectionException(code: -1): Class \"App\\Http\\Middleware\\TrimStrings\" does not exist at C:/Users/yyhy0/Herd/meeting.sisuu.com/backend/vendor/laravel/framework/src/Illuminate/Container/Container.php:912)
[stacktrace]
#0 C:/Users/yyhy0/Herd/meeting.sisuu.com/backend/vendor/laravel/framework/src/Illuminate/Container/Container.php(912): ReflectionClass->__construct('App//Http//Middle...')
#1 C:/Users/yyhy0/Herd/meeting.sisuu.com/backend/vendor/laravel/framework/src/Illuminate/Container/Container.php(795): Illuminate/Container/Container->build('App//Http//Middle...')
#2 C:/Users/yyhy0/Herd/meeting.sisuu.com/backend/vendor/laravel/framework/src/Illuminate/Foundation/Application.php(986): Illuminate/Container/Container->resolve('App//Http//Middle...', Array, true)
#3 C:/Users/yyhy0/Herd/meeting.sisuu.com/backend/vendor/laravel/framework/src/Illuminate/Container/Container.php(731): Illuminate/Foundation/Application->resolve('App//Http//Middle...', Array)
#4 C:/Users/yyhy0/Herd/meeting.sisuu.com/backend/vendor/laravel/framework/src/Illuminate/Foundation/Application.php(971): Illuminate/Container/Container->make('App//Http//Middle...', Array)
#5 C:/Users/yyhy0/Herd/meeting.sisuu.com/backend/vendor/laravel/framework/src/Illuminate/Pipeline/Pipeline.php(172): Illuminate/Foundation/Application->make('App//Http//Middle...')
#6 C:/Users/yyhy0/Herd/meeting.sisuu.com/backend/vendor/laravel/framework/src/Illuminate/Foundation/Http/Middleware/ValidatePostSize.php(27): Illuminate/Pipeline/Pipeline->Illuminate/Pipeline/{closure}(Object(Illuminate/Http/Request))
#7 C:/Users/yyhy0/Herd/meeting.sisuu.com/backend/vendor/laravel/framework/src/Illuminate/Pipeline/Pipeline.php(183): Illuminate/Foundation/Http/Middleware/ValidatePostSize->handle(Object(Illuminate/Http/Request), Object(Closure))
#8 C:/Users/yyhy0/Herd/meeting.sisuu.com/backend/vendor/laravel/framework/src/Illuminate/Foundation/Http/Middleware/PreventRequestsDuringMaintenance.php(99): Illuminate/Pipeline/Pipeline->Illuminate/Pipeline/{closure}(Object(Illuminate/Http/Request))
#9 C:/Users/yyhy0/Herd/meeting.sisuu.com/backend/vendor/laravel/framework/src/Illuminate/Pipeline/Pipeline.php(183): Illuminate/Foundation/Http/Middleware/PreventRequestsDuringMaintenance->handle(Object(Illuminate/Http/Request), Object(Closure))
#10 C:/Users/yyhy0/Herd/meeting.sisuu.com/backend/vendor/laravel/framework/src/Illuminate/Http/Middleware/HandleCors.php(49): Illuminate/Pipeline/Pipeline->Illuminate/Pipeline/{closure}(Object(Illuminate/Http/Request))
#11 C:/Users/yyhy0/Herd/meeting.sisuu.com/backend/vendor/laravel/framework/src/Illuminate/Pipeline/Pipeline.php(183): Illuminate/Http/Middleware/HandleCors->handle(Object(Illuminate/Http/Request), Object(Closure))
#12 C:/Users/yyhy0/Herd/meeting.sisuu.com/backend/vendor/laravel/framework/src/Illuminate/Http/Middleware/TrustProxies.php(39): Illuminate/Pipeline/Pipeline->Illuminate/Pipeline/{closure}(Object(Illuminate/Http/Request))
#13 C:/Users/yyhy0/Herd/meeting.sisuu.com/backend/vendor/laravel/framework/src/Illuminate/Pipeline/Pipeline.php(183): Illuminate/Http/Middleware/TrustProxies->handle(Object(Illuminate/Http/Request), Object(Closure))
#14 C:/Users/yyhy0/Herd/meeting.sisuu.com/backend/vendor/laravel/framework/src/Illuminate/Pipeline/Pipeline.php(119): Illuminate/Pipeline/Pipeline->Illuminate/Pipeline/{closure}(Object(Illuminate/Http/Request))
#15 C:/Users/yyhy0/Herd/meeting.sisuu.com/backend/vendor/laravel/framework/src/Illuminate/Foundation/Http/Kernel.php(175): Illuminate/Pipeline/Pipeline->then(Object(Closure))
#16 C:/Users/yyhy0/Herd/meeting.sisuu.com/backend/vendor/laravel/framework/src/Illuminate/Foundation/Http/Kernel.php(144): Illuminate/Foundation/Http/Kernel->sendRequestThroughRouter(Object(Illuminate/Http/Request))
#17 C:/Users/yyhy0/Herd/meeting.sisuu.com/backend/public/index.php(14): Illuminate/Foundation/Http/Kernel->handle(Object(Illuminate/Http/Request))
#18 {main}
"} 
[2026-05-26 23:19:15] local.ERROR: Target class [App\Http\Middleware\TrimStrings] does not exist. {"exception":"[object] (Illuminate\\Contracts\\Container\\BindingResolutionException(code: 0): Target class [App\\Http\\Middleware\\TrimStrings] does not exist. at C:/Users/yyhy0/Herd/meeting.sisuu.com/backend/vendor/laravel/framework/src/Illuminate/Container/Container.php:914)
[stacktrace]
#0 C:/Users/yyhy0/Herd/meeting.sisuu.com/backend/vendor/laravel/framework/src/Illuminate/Container/Container.php(795): Illuminate/Container/Container->build('App//Http//Middle...')
#1 C:/Users/yyhy0/Herd/meeting.sisuu.com/backend/vendor/laravel/framework/src/Illuminate/Foundation/Application.php(986): Illuminate/Container/Container->resolve('App//Http//Middle...', Array, true)
#2 C:/Users/yyhy0/Herd/meeting.sisuu.com/backend/vendor/laravel/framework/src/Illuminate/Container/Container.php(731): Illuminate/Foundation/Application->resolve('App//Http//Middle...', Array)
#3 C:/Users/yyhy0/Herd/meeting.sisuu.com/backend/vendor/laravel/framework/src/Illuminate/Foundation/Application.php(971): Illuminate/Container/Container->make('App//Http//Middle...', Array)
#4 C:/Users/yyhy0/Herd/meeting.sisuu.com/backend/vendor/laravel/framework/src/Illuminate/Foundation/Http/Kernel.php(255): Illuminate/Foundation/Application->make('App//Http//Middle...')
#5 C:/Users/yyhy0/Herd/meeting.sisuu.com/backend/vendor/laravel/framework/src/Illuminate/Foundation/Http/Kernel.php(213): Illuminate/Foundation/Http/Kernel->terminateMiddleware(Object(Illuminate/Http/Request), Object(Illuminate/Http/Response))
#6 C:/Users/yyhy0/Herd/meeting.sisuu.com/backend/public/index.php(18): Illuminate/Foundation/Http/Kernel->terminate(Object(Illuminate/Http/Request), Object(Illuminate/Http/Response))
#7 {main}

[previous exception] [object] (ReflectionException(code: -1): Class \"App\\Http\\Middleware\\TrimStrings\" does not exist at C:/Users/yyhy0/Herd/meeting.sisuu.com/backend/vendor/laravel/framework/src/Illuminate/Container/Container.php:912)
[stacktrace]
#0 C:/Users/yyhy0/Herd/meeting.sisuu.com/backend/vendor/laravel/framework/src/Illuminate/Container/Container.php(912): ReflectionClass->__construct('App//Http//Middle...')
#1 C:/Users/yyhy0/Herd/meeting.sisuu.com/backend/vendor/laravel/framework/src/Illuminate/Container/Container.php(795): Illuminate/Container/Container->build('App//Http//Middle...')
#2 C:/Users/yyhy0/Herd/meeting.sisuu.com/backend/vendor/laravel/framework/src/Illuminate/Foundation/Application.php(986): Illuminate/Container/Container->resolve('App//Http//Middle...', Array, true)
#3 C:/Users/yyhy0/Herd/meeting.sisuu.com/backend/vendor/laravel/framework/src/Illuminate/Container/Container.php(731): Illuminate/Foundation/Application->resolve('App//Http//Middle...', Array)
#4 C:/Users/yyhy0/Herd/meeting.sisuu.com/backend/vendor/laravel/framework/src/Illuminate/Foundation/Application.php(971): Illuminate/Container/Container->make('App//Http//Middle...', Array)
#5 C:/Users/yyhy0/Herd/meeting.sisuu.com/backend/vendor/laravel/framework/src/Illuminate/Foundation/Http/Kernel.php(255): Illuminate/Foundation/Application->make('App//Http//Middle...')
#6 C:/Users/yyhy0/Herd/meeting.sisuu.com/backend/vendor/laravel/framework/src/Illuminate/Foundation/Http/Kernel.php(213): Illuminate/Foundation/Http/Kernel->terminateMiddleware(Object(Illuminate/Http/Request), Object(Illuminate/Http/Response))
#7 C:/Users/yyhy0/Herd/meeting.sisuu.com/backend/public/index.php(18): Illuminate/Foundation/Http/Kernel->terminate(Object(Illuminate/Http/Request), Object(Illuminate/Http/Response))
#8 {main}
"} 
[2026-05-26 23:19:52] local.ERROR: Illuminate\View\FileViewFinder::__construct(): Argument #2 ($paths) must be of type array, null given, called in C:\Users\yyhy0\Herd\meeting.sisuu.com\backend\vendor\laravel\framework\src\Illuminate\View\ViewServiceProvider.php on line 85 {"exception":"[object] (TypeError(code: 0): Illuminate\\View\\FileViewFinder::__construct(): Argument #2 ($paths) must be of type array, null given, called in C:\\Users\\yyhy0\\Herd\\meeting.sisuu.com\\backend\\vendor\\laravel\\framework\\src\\Illuminate\\View\\ViewServiceProvider.php on line 85 at C:/Users/yyhy0/Herd/meeting.sisuu.com/backend/vendor/laravel/framework/src/Illuminate/View/FileViewFinder.php:53)
[stacktrace]
#0 C:/Users/yyhy0/Herd/meeting.sisuu.com/backend/vendor/laravel/framework/src/Illuminate/View/ViewServiceProvider.php(85): Illuminate/View/FileViewFinder->__construct(Object(Illuminate/Filesystem/Filesystem), NULL)
#1 C:/Users/yyhy0/Herd/meeting.sisuu.com/backend/vendor/laravel/framework/src/Illuminate/Container/Container.php(908): Illuminate/View/ViewServiceProvider->Illuminate/View/{closure}(Object(Illuminate/Foundation/Application), Array)
#2 C:/Users/yyhy0/Herd/meeting.sisuu.com/backend/vendor/laravel/framework/src/Illuminate/Container/Container.php(795): Illuminate/Container/Container->build(Object(Closure))
#3 C:/Users/yyhy0/Herd/meeting.sisuu.com/backend/vendor/laravel/framework/src/Illuminate/Foundation/Application.php(986): Illuminate/Container/Container->resolve('view.finder', Array, true)
#4 C:/Users/yyhy0/Herd/meeting.sisuu.com/backend/vendor/laravel/framework/src/Illuminate/Container/Container.php(731): Illuminate/Foundation/Application->resolve('view.finder', Array)
#5 C:/Users/yyhy0/Herd/meeting.sisuu.com/backend/vendor/laravel/framework/src/Illuminate/Foundation/Application.php(971): Illuminate/Container/Container->make('view.finder', Array)
#6 C:/Users/yyhy0/Herd/meeting.sisuu.com/backend/vendor/laravel/framework/src/Illuminate/Container/Container.php(1454): Illuminate/Foundation/Application->make('view.finder')
#7 C:/Users/yyhy0/Herd/meeting.sisuu.com/backend/vendor/laravel/framework/src/Illuminate/View/ViewServiceProvider.php(45): Illuminate/Container/Container->offsetGet('view.finder')
#8 C:/Users/yyhy0/Herd/meeting.sisuu.com/backend/vendor/laravel/framework/src/Illuminate/Container/Container.php(908): Illuminate/View/ViewServiceProvider->Illuminate/View/{closure}(Object(Illuminate/Foundation/Application), Array)
#9 C:/Users/yyhy0/Herd/meeting.sisuu.com/backend/vendor/laravel/framework/src/Illuminate/Container/Container.php(795): Illuminate/Container/Container->build(Object(Closure))
#10 C:/Users/yyhy0/Herd/meeting.sisuu.com/backend/vendor/laravel/framework/src/Illuminate/Foundation/Application.php(986): Illuminate/Container/Container->resolve('view', Array, true)
#11 C:/Users/yyhy0/Herd/meeting.sisuu.com/backend/vendor/laravel/framework/src/Illuminate/Container/Container.php(731): Illuminate/Foundation/Application->resolve('view', Array)
#12 C:/Users/yyhy0/Herd/meeting.sisuu.com/backend/vendor/laravel/framework/src/Illuminate/Foundation/Application.php(971): Illuminate/Container/Container->make('view', Array)
#13 C:/Users/yyhy0/Herd/meeting.sisuu.com/backend/vendor/laravel/framework/src/Illuminate/Container/Container.php(1454): Illuminate/Foundation/Application->make('view')
#14 C:/Users/yyhy0/Herd/meeting.sisuu.com/backend/vendor/laravel/framework/src/Illuminate/Support/Facades/Facade.php(237): Illuminate/Container/Container->offsetGet('view')
#15 C:/Users/yyhy0/Herd/meeting.sisuu.com/backend/vendor/laravel/framework/src/Illuminate/Support/Facades/Facade.php(208): Illuminate/Support/Facades/Facade::resolveFacadeInstance('view')
#16 C:/Users/yyhy0/Herd/meeting.sisuu.com/backend/vendor/laravel/framework/src/Illuminate/Support/Facades/Facade.php(349): Illuminate/Support/Facades/Facade::getFacadeRoot()
#17 C:/Users/yyhy0/Herd/meeting.sisuu.com/backend/vendor/laravel/framework/src/Illuminate/Foundation/Exceptions/RegisterErrorViewPaths.php(16): Illuminate/Support/Facades/Facade::__callStatic('replaceNamespac...', Array)
#18 C:/Users/yyhy0/Herd/meeting.sisuu.com/backend/vendor/laravel/framework/src/Illuminate/Foundation/Exceptions/Handler.php(744): Illuminate/Foundation/Exceptions/RegisterErrorViewPaths->__invoke()
#19 C:/Users/yyhy0/Herd/meeting.sisuu.com/backend/vendor/laravel/framework/src/Illuminate/Foundation/Exceptions/Handler.php(719): Illuminate/Foundation/Exceptions/Handler->registerErrorViewPaths()
#20 C:/Users/yyhy0/Herd/meeting.sisuu.com/backend/vendor/laravel/framework/src/Illuminate/Foundation/Exceptions/Handler.php(650): Illuminate/Foundation/Exceptions/Handler->renderHttpException(Object(Symfony/Component/HttpKernel/Exception/NotFoundHttpException))
#21 C:/Users/yyhy0/Herd/meeting.sisuu.com/backend/vendor/laravel/framework/src/Illuminate/Foundation/Exceptions/Handler.php(556): Illuminate/Foundation/Exceptions/Handler->prepareResponse(Object(Illuminate/Http/Request), Object(Symfony/Component/HttpKernel/Exception/NotFoundHttpException))
#22 C:/Users/yyhy0/Herd/meeting.sisuu.com/backend/vendor/laravel/framework/src/Illuminate/Foundation/Exceptions/Handler.php(473): Illuminate/Foundation/Exceptions/Handler->renderExceptionResponse(Object(Illuminate/Http/Request), Object(Symfony/Component/HttpKernel/Exception/NotFoundHttpException))
#23 C:/Users/yyhy0/Herd/meeting.sisuu.com/backend/vendor/laravel/framework/src/Illuminate/Routing/Pipeline.php(51): Illuminate/Foundation/Exceptions/Handler->render(Object(Illuminate/Http/Request), Object(Symfony/Component/HttpKernel/Exception/NotFoundHttpException))
#24 C:/Users/yyhy0/Herd/meeting.sisuu.com/backend/vendor/laravel/framework/src/Illuminate/Pipeline/Pipeline.php(146): Illuminate/Routing/Pipeline->handleException(Object(Illuminate/Http/Request), Object(Symfony/Component/HttpKernel/Exception/NotFoundHttpException))
#25 C:/Users/yyhy0/Herd/meeting.sisuu.com/backend/vendor/laravel/framework/src/Illuminate/Foundation/Http/Middleware/TransformsRequest.php(21): Illuminate/Pipeline/Pipeline->Illuminate/Pipeline/{closure}(Object(Illuminate/Http/Request))
#26 C:/Users/yyhy0/Herd/meeting.sisuu.com/backend/vendor/laravel/framework/src/Illuminate/Foundation/Http/Middleware/ConvertEmptyStringsToNull.php(31): Illuminate/Foundation/Http/Middleware/TransformsRequest->handle(Object(Illuminate/Http/Request), Object(Closure))
#27 C:/Users/yyhy0/Herd/meeting.sisuu.com/backend/vendor/laravel/framework/src/Illuminate/Pipeline/Pipeline.php(183): Illuminate/Foundation/Http/Middleware/ConvertEmptyStringsToNull->handle(Object(Illuminate/Http/Request), Object(Closure))
#28 C:/Users/yyhy0/Herd/meeting.sisuu.com/backend/vendor/laravel/framework/src/Illuminate/Foundation/Http/Middleware/TransformsRequest.php(21): Illuminate/Pipeline/Pipeline->Illuminate/Pipeline/{closure}(Object(Illuminate/Http/Request))
#29 C:/Users/yyhy0/Herd/meeting.sisuu.com/backend/vendor/laravel/framework/src/Illuminate/Foundation/Http/Middleware/TrimStrings.php(40): Illuminate/Foundation/Http/Middleware/TransformsRequest->handle(Object(Illuminate/Http/Request), Object(Closure))
#30 C:/Users/yyhy0/Herd/meeting.sisuu.com/backend/vendor/laravel/framework/src/Illuminate/Pipeline/Pipeline.php(183): Illuminate/Foundation/Http/Middleware/TrimStrings->handle(Object(Illuminate/Http/Request), Object(Closure))
#31 C:/Users/yyhy0/Herd/meeting.sisuu.com/backend/vendor/laravel/framework/src/Illuminate/Foundation/Http/Middleware/ValidatePostSize.php(27): Illuminate/Pipeline/Pipeline->Illuminate/Pipeline/{closure}(Object(Illuminate/Http/Request))
#32 C:/Users/yyhy0/Herd/meeting.sisuu.com/backend/vendor/laravel/framework/src/Illuminate/Pipeline/Pipeline.php(183): Illuminate/Foundation/Http/Middleware/ValidatePostSize->handle(Object(Illuminate/Http/Request), Object(Closure))
#33 C:/Users/yyhy0/Herd/meeting.sisuu.com/backend/vendor/laravel/framework/src/Illuminate/Foundation/Http/Middleware/PreventRequestsDuringMaintenance.php(99): Illuminate/Pipeline/Pipeline->Illuminate/Pipeline/{closure}(Object(Illuminate/Http/Request))
#34 C:/Users/yyhy0/Herd/meeting.sisuu.com/backend/vendor/laravel/framework/src/Illuminate/Pipeline/Pipeline.php(183): Illuminate/Foundation/Http/Middleware/PreventRequestsDuringMaintenance->handle(Object(Illuminate/Http/Request), Object(Closure))
#35 C:/Users/yyhy0/Herd/meeting.sisuu.com/backend/vendor/laravel/framework/src/Illuminate/Http/Middleware/HandleCors.php(49): Illuminate/Pipeline/Pipeline->Illuminate/Pipeline/{closure}(Object(Illuminate/Http/Request))
#36 C:/Users/yyhy0/Herd/meeting.sisuu.com/backend/vendor/laravel/framework/src/Illuminate/Pipeline/Pipeline.php(183): Illuminate/Http/Middleware/HandleCors->handle(Object(Illuminate/Http/Request), Object(Closure))
#37 C:/Users/yyhy0/Herd/meeting.sisuu.com/backend/vendor/laravel/framework/src/Illuminate/Http/Middleware/TrustProxies.php(39): Illuminate/Pipeline/Pipeline->Illuminate/Pipeline/{closure}(Object(Illuminate/Http/Request))
#38 C:/Users/yyhy0/Herd/meeting.sisuu.com/backend/vendor/laravel/framework/src/Illuminate/Pipeline/Pipeline.php(183): Illuminate/Http/Middleware/TrustProxies->handle(Object(Illuminate/Http/Request), Object(Closure))
#39 C:/Users/yyhy0/Herd/meeting.sisuu.com/backend/vendor/laravel/framework/src/Illuminate/Pipeline/Pipeline.php(119): Illuminate/Pipeline/Pipeline->Illuminate/Pipeline/{closure}(Object(Illuminate/Http/Request))
#40 C:/Users/yyhy0/Herd/meeting.sisuu.com/backend/vendor/laravel/framework/src/Illuminate/Foundation/Http/Kernel.php(175): Illuminate/Pipeline/Pipeline->then(Object(Closure))
#41 C:/Users/yyhy0/Herd/meeting.sisuu.com/backend/vendor/laravel/framework/src/Illuminate/Foundation/Http/Kernel.php(144): Illuminate/Foundation/Http/Kernel->sendRequestThroughRouter(Object(Illuminate/Http/Request))
#42 C:/Users/yyhy0/Herd/meeting.sisuu.com/backend/public/index.php(14): Illuminate/Foundation/Http/Kernel->handle(Object(Illuminate/Http/Request))
#43 {main}
"} 
[2026-05-26 23:20:29] local.ERROR: Illuminate\View\FileViewFinder::__construct(): Argument #2 ($paths) must be of type array, null given, called in C:\Users\yyhy0\Herd\meeting.sisuu.com\backend\vendor\laravel\framework\src\Illuminate\View\ViewServiceProvider.php on line 85 {"exception":"[object] (TypeError(code: 0): Illuminate\\View\\FileViewFinder::__construct(): Argument #2 ($paths) must be of type array, null given, called in C:\\Users\\yyhy0\\Herd\\meeting.sisuu.com\\backend\\vendor\\laravel\\framework\\src\\Illuminate\\View\\ViewServiceProvider.php on line 85 at C:/Users/yyhy0/Herd/meeting.sisuu.com/backend/vendor/laravel/framework/src/Illuminate/View/FileViewFinder.php:53)
[stacktrace]
#0 C:/Users/yyhy0/Herd/meeting.sisuu.com/backend/vendor/laravel/framework/src/Illuminate/View/ViewServiceProvider.php(85): Illuminate/View/FileViewFinder->__construct(Object(Illuminate/Filesystem/Filesystem), NULL)
#1 C:/Users/yyhy0/Herd/meeting.sisuu.com/backend/vendor/laravel/framework/src/Illuminate/Container/Container.php(908): Illuminate/View/ViewServiceProvider->Illuminate/View/{closure}(Object(Illuminate/Foundation/Application), Array)
#2 C:/Users/yyhy0/Herd/meeting.sisuu.com/backend/vendor/laravel/framework/src/Illuminate/Container/Container.php(795): Illuminate/Container/Container->build(Object(Closure))
#3 C:/Users/yyhy0/Herd/meeting.sisuu.com/backend/vendor/laravel/framework/src/Illuminate/Foundation/Application.php(986): Illuminate/Container/Container->resolve('view.finder', Array, true)
#4 C:/Users/yyhy0/Herd/meeting.sisuu.com/backend/vendor/laravel/framework/src/Illuminate/Container/Container.php(731): Illuminate/Foundation/Application->resolve('view.finder', Array)
#5 C:/Users/yyhy0/Herd/meeting.sisuu.com/backend/vendor/laravel/framework/src/Illuminate/Foundation/Application.php(971): Illuminate/Container/Container->make('view.finder', Array)
#6 C:/Users/yyhy0/Herd/meeting.sisuu.com/backend/vendor/laravel/framework/src/Illuminate/Container/Container.php(1454): Illuminate/Foundation/Application->make('view.finder')
#7 C:/Users/yyhy0/Herd/meeting.sisuu.com/backend/vendor/laravel/framework/src/Illuminate/View/ViewServiceProvider.php(45): Illuminate/Container/Container->offsetGet('view.finder')
#8 C:/Users/yyhy0/Herd/meeting.sisuu.com/backend/vendor/laravel/framework/src/Illuminate/Container/Container.php(908): Illuminate/View/ViewServiceProvider->Illuminate/View/{closure}(Object(Illuminate/Foundation/Application), Array)
#9 C:/Users/yyhy0/Herd/meeting.sisuu.com/backend/vendor/laravel/framework/src/Illuminate/Container/Container.php(795): Illuminate/Container/Container->build(Object(Closure))
#10 C:/Users/yyhy0/Herd/meeting.sisuu.com/backend/vendor/laravel/framework/src/Illuminate/Foundation/Application.php(986): Illuminate/Container/Container->resolve('view', Array, true)
#11 C:/Users/yyhy0/Herd/meeting.sisuu.com/backend/vendor/laravel/framework/src/Illuminate/Container/Container.php(731): Illuminate/Foundation/Application->resolve('view', Array)
#12 C:/Users/yyhy0/Herd/meeting.sisuu.com/backend/vendor/laravel/framework/src/Illuminate/Foundation/Application.php(971): Illuminate/Container/Container->make('view', Array)
#13 C:/Users/yyhy0/Herd/meeting.sisuu.com/backend/vendor/laravel/framework/src/Illuminate/Container/Container.php(1454): Illuminate/Foundation/Application->make('view')
#14 C:/Users/yyhy0/Herd/meeting.sisuu.com/backend/vendor/laravel/framework/src/Illuminate/Support/Facades/Facade.php(237): Illuminate/Container/Container->offsetGet('view')
#15 C:/Users/yyhy0/Herd/meeting.sisuu.com/backend/vendor/laravel/framework/src/Illuminate/Support/Facades/Facade.php(208): Illuminate/Support/Facades/Facade::resolveFacadeInstance('view')
#16 C:/Users/yyhy0/Herd/meeting.sisuu.com/backend/vendor/laravel/framework/src/Illuminate/Support/Facades/Facade.php(349): Illuminate/Support/Facades/Facade::getFacadeRoot()
#17 C:/Users/yyhy0/Herd/meeting.sisuu.com/backend/vendor/laravel/framework/src/Illuminate/Foundation/Exceptions/RegisterErrorViewPaths.php(16): Illuminate/Support/Facades/Facade::__callStatic('replaceNamespac...', Array)
#18 C:/Users/yyhy0/Herd/meeting.sisuu.com/backend/vendor/laravel/framework/src/Illuminate/Foundation/Exceptions/Handler.php(744): Illuminate/Foundation/Exceptions/RegisterErrorViewPaths->__invoke()
#19 C:/Users/yyhy0/Herd/meeting.sisuu.com/backend/vendor/laravel/framework/src/Illuminate/Foundation/Exceptions/Handler.php(719): Illuminate/Foundation/Exceptions/Handler->registerErrorViewPaths()
#20 C:/Users/yyhy0/Herd/meeting.sisuu.com/backend/vendor/laravel/framework/src/Illuminate/Foundation/Exceptions/Handler.php(650): Illuminate/Foundation/Exceptions/Handler->renderHttpException(Object(Symfony/Component/HttpKernel/Exception/NotFoundHttpException))
#21 C:/Users/yyhy0/Herd/meeting.sisuu.com/backend/vendor/laravel/framework/src/Illuminate/Foundation/Exceptions/Handler.php(556): Illuminate/Foundation/Exceptions/Handler->prepareResponse(Object(Illuminate/Http/Request), Object(Symfony/Component/HttpKernel/Exception/NotFoundHttpException))
#22 C:/Users/yyhy0/Herd/meeting.sisuu.com/backend/vendor/laravel/framework/src/Illuminate/Foundation/Exceptions/Handler.php(473): Illuminate/Foundation/Exceptions/Handler->renderExceptionResponse(Object(Illuminate/Http/Request), Object(Symfony/Component/HttpKernel/Exception/NotFoundHttpException))
#23 C:/Users/yyhy0/Herd/meeting.sisuu.com/backend/vendor/laravel/framework/src/Illuminate/Routing/Pipeline.php(51): Illuminate/Foundation/Exceptions/Handler->render(Object(Illuminate/Http/Request), Object(Symfony/Component/HttpKernel/Exception/NotFoundHttpException))
#24 C:/Users/yyhy0/Herd/meeting.sisuu.com/backend/vendor/laravel/framework/src/Illuminate/Pipeline/Pipeline.php(146): Illuminate/Routing/Pipeline->handleException(Object(Illuminate/Http/Request), Object(Symfony/Component/HttpKernel/Exception/NotFoundHttpException))
#25 C:/Users/yyhy0/Herd/meeting.sisuu.com/backend/vendor/laravel/framework/src/Illuminate/Foundation/Http/Middleware/TransformsRequest.php(21): Illuminate/Pipeline/Pipeline->Illuminate/Pipeline/{closure}(Object(Illuminate/Http/Request))
#26 C:/Users/yyhy0/Herd/meeting.sisuu.com/backend/vendor/laravel/framework/src/Illuminate/Foundation/Http/Middleware/ConvertEmptyStringsToNull.php(31): Illuminate/Foundation/Http/Middleware/TransformsRequest->handle(Object(Illuminate/Http/Request), Object(Closure))
#27 C:/Users/yyhy0/Herd/meeting.sisuu.com/backend/vendor/laravel/framework/src/Illuminate/Pipeline/Pipeline.php(183): Illuminate/Foundation/Http/Middleware/ConvertEmptyStringsToNull->handle(Object(Illuminate/Http/Request), Object(Closure))
#28 C:/Users/yyhy0/Herd/meeting.sisuu.com/backend/vendor/laravel/framework/src/Illuminate/Foundation/Http/Middleware/TransformsRequest.php(21): Illuminate/Pipeline/Pipeline->Illuminate/Pipeline/{closure}(Object(Illuminate/Http/Request))
#29 C:/Users/yyhy0/Herd/meeting.sisuu.com/backend/vendor/laravel/framework/src/Illuminate/Foundation/Http/Middleware/TrimStrings.php(40): Illuminate/Foundation/Http/Middleware/TransformsRequest->handle(Object(Illuminate/Http/Request), Object(Closure))
#30 C:/Users/yyhy0/Herd/meeting.sisuu.com/backend/vendor/laravel/framework/src/Illuminate/Pipeline/Pipeline.php(183): Illuminate/Foundation/Http/Middleware/TrimStrings->handle(Object(Illuminate/Http/Request), Object(Closure))
#31 C:/Users/yyhy0/Herd/meeting.sisuu.com/backend/vendor/laravel/framework/src/Illuminate/Foundation/Http/Middleware/ValidatePostSize.php(27): Illuminate/Pipeline/Pipeline->Illuminate/Pipeline/{closure}(Object(Illuminate/Http/Request))
#32 C:/Users/yyhy0/Herd/meeting.sisuu.com/backend/vendor/laravel/framework/src/Illuminate/Pipeline/Pipeline.php(183): Illuminate/Foundation/Http/Middleware/ValidatePostSize->handle(Object(Illuminate/Http/Request), Object(Closure))
#33 C:/Users/yyhy0/Herd/meeting.sisuu.com/backend/vendor/laravel/framework/src/Illuminate/Foundation/Http/Middleware/PreventRequestsDuringMaintenance.php(99): Illuminate/Pipeline/Pipeline->Illuminate/Pipeline/{closure}(Object(Illuminate/Http/Request))
#34 C:/Users/yyhy0/Herd/meeting.sisuu.com/backend/vendor/laravel/framework/src/Illuminate/Pipeline/Pipeline.php(183): Illuminate/Foundation/Http/Middleware/PreventRequestsDuringMaintenance->handle(Object(Illuminate/Http/Request), Object(Closure))
#35 C:/Users/yyhy0/Herd/meeting.sisuu.com/backend/vendor/laravel/framework/src/Illuminate/Http/Middleware/HandleCors.php(49): Illuminate/Pipeline/Pipeline->Illuminate/Pipeline/{closure}(Object(Illuminate/Http/Request))
#36 C:/Users/yyhy0/Herd/meeting.sisuu.com/backend/vendor/laravel/framework/src/Illuminate/Pipeline/Pipeline.php(183): Illuminate/Http/Middleware/HandleCors->handle(Object(Illuminate/Http/Request), Object(Closure))
#37 C:/Users/yyhy0/Herd/meeting.sisuu.com/backend/vendor/laravel/framework/src/Illuminate/Http/Middleware/TrustProxies.php(39): Illuminate/Pipeline/Pipeline->Illuminate/Pipeline/{closure}(Object(Illuminate/Http/Request))
#38 C:/Users/yyhy0/Herd/meeting.sisuu.com/backend/vendor/laravel/framework/src/Illuminate/Pipeline/Pipeline.php(183): Illuminate/Http/Middleware/TrustProxies->handle(Object(Illuminate/Http/Request), Object(Closure))
#39 C:/Users/yyhy0/Herd/meeting.sisuu.com/backend/vendor/laravel/framework/src/Illuminate/Pipeline/Pipeline.php(119): Illuminate/Pipeline/Pipeline->Illuminate/Pipeline/{closure}(Object(Illuminate/Http/Request))
#40 C:/Users/yyhy0/Herd/meeting.sisuu.com/backend/vendor/laravel/framework/src/Illuminate/Foundation/Http/Kernel.php(175): Illuminate/Pipeline/Pipeline->then(Object(Closure))
#41 C:/Users/yyhy0/Herd/meeting.sisuu.com/backend/vendor/laravel/framework/src/Illuminate/Foundation/Http/Kernel.php(144): Illuminate/Foundation/Http/Kernel->sendRequestThroughRouter(Object(Illuminate/Http/Request))
#42 C:/Users/yyhy0/Herd/meeting.sisuu.com/backend/public/index.php(14): Illuminate/Foundation/Http/Kernel->handle(Object(Illuminate/Http/Request))
#43 {main}
"} 
[2026-05-26 23:21:28] local.ERROR: Unable to resolve NULL driver for [Illuminate\Session\SessionManager]. {"exception":"[object] (InvalidArgumentException(code: 0): Unable to resolve NULL driver for [Illuminate\\Session\\SessionManager]. at C:/Users/yyhy0/Herd/meeting.sisuu.com/backend/vendor/laravel/framework/src/Illuminate/Support/Manager.php:71)
[stacktrace]
#0 C:/Users/yyhy0/Herd/meeting.sisuu.com/backend/vendor/laravel/framework/src/Illuminate/Session/SessionServiceProvider.php(52): Illuminate/Support/Manager->driver()
#1 C:/Users/yyhy0/Herd/meeting.sisuu.com/backend/vendor/laravel/framework/src/Illuminate/Container/Container.php(908): Illuminate/Session/SessionServiceProvider->Illuminate/Session/{closure}(Object(Illuminate/Foundation/Application), Array)
#2 C:/Users/yyhy0/Herd/meeting.sisuu.com/backend/vendor/laravel/framework/src/Illuminate/Container/Container.php(795): Illuminate/Container/Container->build(Object(Closure))
#3 C:/Users/yyhy0/Herd/meeting.sisuu.com/backend/vendor/laravel/framework/src/Illuminate/Foundation/Application.php(986): Illuminate/Container/Container->resolve('session.store', Array, true)
#4 C:/Users/yyhy0/Herd/meeting.sisuu.com/backend/vendor/laravel/framework/src/Illuminate/Container/Container.php(731): Illuminate/Foundation/Application->resolve('session.store', Array)
#5 C:/Users/yyhy0/Herd/meeting.sisuu.com/backend/vendor/laravel/framework/src/Illuminate/Foundation/Application.php(971): Illuminate/Container/Container->make('session.store', Array)
#6 C:/Users/yyhy0/Herd/meeting.sisuu.com/backend/vendor/laravel/framework/src/Illuminate/Container/Container.php(1454): Illuminate/Foundation/Application->make('session.store')
#7 C:/Users/yyhy0/Herd/meeting.sisuu.com/backend/vendor/laravel/framework/src/Illuminate/Routing/RoutingServiceProvider.php(120): Illuminate/Container/Container->offsetGet('session.store')
#8 C:/Users/yyhy0/Herd/meeting.sisuu.com/backend/vendor/laravel/framework/src/Illuminate/Container/Container.php(908): Illuminate/Routing/RoutingServiceProvider->Illuminate/Routing/{closure}(Object(Illuminate/Foundation/Application), Array)
#9 C:/Users/yyhy0/Herd/meeting.sisuu.com/backend/vendor/laravel/framework/src/Illuminate/Container/Container.php(795): Illuminate/Container/Container->build(Object(Closure))
#10 C:/Users/yyhy0/Herd/meeting.sisuu.com/backend/vendor/laravel/framework/src/Illuminate/Foundation/Application.php(986): Illuminate/Container/Container->resolve('redirect', Array, true)
#11 C:/Users/yyhy0/Herd/meeting.sisuu.com/backend/vendor/laravel/framework/src/Illuminate/Container/Container.php(731): Illuminate/Foundation/Application->resolve('redirect', Array)
#12 C:/Users/yyhy0/Herd/meeting.sisuu.com/backend/vendor/laravel/framework/src/Illuminate/Foundation/Application.php(971): Illuminate/Container/Container->make('redirect', Array)
#13 C:/Users/yyhy0/Herd/meeting.sisuu.com/backend/vendor/laravel/framework/src/Illuminate/Container/Container.php(1454): Illuminate/Foundation/Application->make('redirect')
#14 C:/Users/yyhy0/Herd/meeting.sisuu.com/backend/vendor/laravel/framework/src/Illuminate/Routing/RoutingServiceProvider.php(182): Illuminate/Container/Container->offsetGet('redirect')
#15 C:/Users/yyhy0/Herd/meeting.sisuu.com/backend/vendor/laravel/framework/src/Illuminate/Container/Container.php(908): Illuminate/Routing/RoutingServiceProvider->Illuminate/Routing/{closure}(Object(Illuminate/Foundation/Application), Array)
#16 C:/Users/yyhy0/Herd/meeting.sisuu.com/backend/vendor/laravel/framework/src/Illuminate/Container/Container.php(795): Illuminate/Container/Container->build(Object(Closure))
#17 C:/Users/yyhy0/Herd/meeting.sisuu.com/backend/vendor/laravel/framework/src/Illuminate/Foundation/Application.php(986): Illuminate/Container/Container->resolve('Illuminate//Cont...', Array, true)
#18 C:/Users/yyhy0/Herd/meeting.sisuu.com/backend/vendor/laravel/framework/src/Illuminate/Container/Container.php(731): Illuminate/Foundation/Application->resolve('Illuminate//Cont...', Array)
#19 C:/Users/yyhy0/Herd/meeting.sisuu.com/backend/vendor/laravel/framework/src/Illuminate/Foundation/Application.php(971): Illuminate/Container/Container->make('Illuminate//Cont...', Array)
#20 C:/Users/yyhy0/Herd/meeting.sisuu.com/backend/vendor/laravel/framework/src/Illuminate/Foundation/helpers.php(120): Illuminate/Foundation/Application->make('Illuminate//Cont...', Array)
#21 C:/Users/yyhy0/Herd/meeting.sisuu.com/backend/vendor/laravel/framework/src/Illuminate/Foundation/helpers.php(790): app('Illuminate//Cont...')
#22 C:/Users/yyhy0/Herd/meeting.sisuu.com/backend/vendor/laravel/framework/src/Illuminate/Foundation/Exceptions/Handler.php(723): response()
#23 C:/Users/yyhy0/Herd/meeting.sisuu.com/backend/vendor/laravel/framework/src/Illuminate/Foundation/Exceptions/Handler.php(650): Illuminate/Foundation/Exceptions/Handler->renderHttpException(Object(Symfony/Component/HttpKernel/Exception/NotFoundHttpException))
#24 C:/Users/yyhy0/Herd/meeting.sisuu.com/backend/vendor/laravel/framework/src/Illuminate/Foundation/Exceptions/Handler.php(556): Illuminate/Foundation/Exceptions/Handler->prepareResponse(Object(Illuminate/Http/Request), Object(Symfony/Component/HttpKernel/Exception/NotFoundHttpException))
#25 C:/Users/yyhy0/Herd/meeting.sisuu.com/backend/vendor/laravel/framework/src/Illuminate/Foundation/Exceptions/Handler.php(473): Illuminate/Foundation/Exceptions/Handler->renderExceptionResponse(Object(Illuminate/Http/Request), Object(Symfony/Component/HttpKernel/Exception/NotFoundHttpException))
#26 C:/Users/yyhy0/Herd/meeting.sisuu.com/backend/vendor/laravel/framework/src/Illuminate/Routing/Pipeline.php(51): Illuminate/Foundation/Exceptions/Handler->render(Object(Illuminate/Http/Request), Object(Symfony/Component/HttpKernel/Exception/NotFoundHttpException))
#27 C:/Users/yyhy0/Herd/meeting.sisuu.com/backend/vendor/laravel/framework/src/Illuminate/Pipeline/Pipeline.php(146): Illuminate/Routing/Pipeline->handleException(Object(Illuminate/Http/Request), Object(Symfony/Component/HttpKernel/Exception/NotFoundHttpException))
#28 C:/Users/yyhy0/Herd/meeting.sisuu.com/backend/vendor/laravel/framework/src/Illuminate/Foundation/Http/Middleware/TransformsRequest.php(21): Illuminate/Pipeline/Pipeline->Illuminate/Pipeline/{closure}(Object(Illuminate/Http/Request))
#29 C:/Users/yyhy0/Herd/meeting.sisuu.com/backend/vendor/laravel/framework/src/Illuminate/Foundation/Http/Middleware/ConvertEmptyStringsToNull.php(31): Illuminate/Foundation/Http/Middleware/TransformsRequest->handle(Object(Illuminate/Http/Request), Object(Closure))
#30 C:/Users/yyhy0/Herd/meeting.sisuu.com/backend/vendor/laravel/framework/src/Illuminate/Pipeline/Pipeline.php(183): Illuminate/Foundation/Http/Middleware/ConvertEmptyStringsToNull->handle(Object(Illuminate/Http/Request), Object(Closure))
#31 C:/Users/yyhy0/Herd/meeting.sisuu.com/backend/vendor/laravel/framework/src/Illuminate/Foundation/Http/Middleware/TransformsRequest.php(21): Illuminate/Pipeline/Pipeline->Illuminate/Pipeline/{closure}(Object(Illuminate/Http/Request))
#32 C:/Users/yyhy0/Herd/meeting.sisuu.com/backend/vendor/laravel/framework/src/Illuminate/Foundation/Http/Middleware/TrimStrings.php(40): Illuminate/Foundation/Http/Middleware/TransformsRequest->handle(Object(Illuminate/Http/Request), Object(Closure))
#33 C:/Users/yyhy0/Herd/meeting.sisuu.com/backend/vendor/laravel/framework/src/Illuminate/Pipeline/Pipeline.php(183): Illuminate/Foundation/Http/Middleware/TrimStrings->handle(Object(Illuminate/Http/Request), Object(Closure))
#34 C:/Users/yyhy0/Herd/meeting.sisuu.com/backend/vendor/laravel/framework/src/Illuminate/Foundation/Http/Middleware/ValidatePostSize.php(27): Illuminate/Pipeline/Pipeline->Illuminate/Pipeline/{closure}(Object(Illuminate/Http/Request))
#35 C:/Users/yyhy0/Herd/meeting.sisuu.com/backend/vendor/laravel/framework/src/Illuminate/Pipeline/Pipeline.php(183): Illuminate/Foundation/Http/Middleware/ValidatePostSize->handle(Object(Illuminate/Http/Request), Object(Closure))
#36 C:/Users/yyhy0/Herd/meeting.sisuu.com/backend/vendor/laravel/framework/src/Illuminate/Foundation/Http/Middleware/PreventRequestsDuringMaintenance.php(99): Illuminate/Pipeline/Pipeline->Illuminate/Pipeline/{closure}(Object(Illuminate/Http/Request))
#37 C:/Users/yyhy0/Herd/meeting.sisuu.com/backend/vendor/laravel/framework/src/Illuminate/Pipeline/Pipeline.php(183): Illuminate/Foundation/Http/Middleware/PreventRequestsDuringMaintenance->handle(Object(Illuminate/Http/Request), Object(Closure))
#38 C:/Users/yyhy0/Herd/meeting.sisuu.com/backend/vendor/laravel/framework/src/Illuminate/Http/Middleware/HandleCors.php(49): Illuminate/Pipeline/Pipeline->Illuminate/Pipeline/{closure}(Object(Illuminate/Http/Request))
#39 C:/Users/yyhy0/Herd/meeting.sisuu.com/backend/vendor/laravel/framework/src/Illuminate/Pipeline/Pipeline.php(183): Illuminate/Http/Middleware/HandleCors->handle(Object(Illuminate/Http/Request), Object(Closure))
#40 C:/Users/yyhy0/Herd/meeting.sisuu.com/backend/vendor/laravel/framework/src/Illuminate/Http/Middleware/TrustProxies.php(39): Illuminate/Pipeline/Pipeline->Illuminate/Pipeline/{closure}(Object(Illuminate/Http/Request))
#41 C:/Users/yyhy0/Herd/meeting.sisuu.com/backend/vendor/laravel/framework/src/Illuminate/Pipeline/Pipeline.php(183): Illuminate/Http/Middleware/TrustProxies->handle(Object(Illuminate/Http/Request), Object(Closure))
#42 C:/Users/yyhy0/Herd/meeting.sisuu.com/backend/vendor/laravel/framework/src/Illuminate/Pipeline/Pipeline.php(119): Illuminate/Pipeline/Pipeline->Illuminate/Pipeline/{closure}(Object(Illuminate/Http/Request))
#43 C:/Users/yyhy0/Herd/meeting.sisuu.com/backend/vendor/laravel/framework/src/Illuminate/Foundation/Http/Kernel.php(175): Illuminate/Pipeline/Pipeline->then(Object(Closure))
#44 C:/Users/yyhy0/Herd/meeting.sisuu.com/backend/vendor/laravel/framework/src/Illuminate/Foundation/Http/Kernel.php(144): Illuminate/Foundation/Http/Kernel->sendRequestThroughRouter(Object(Illuminate/Http/Request))
#45 C:/Users/yyhy0/Herd/meeting.sisuu.com/backend/public/index.php(14): Illuminate/Foundation/Http/Kernel->handle(Object(Illuminate/Http/Request))
#46 {main}
"} 
[2026-05-26 23:22:26] local.ERROR: Unable to resolve NULL driver for [Illuminate\Session\SessionManager]. {"exception":"[object] (InvalidArgumentException(code: 0): Unable to resolve NULL driver for [Illuminate\\Session\\SessionManager]. at C:/Users/yyhy0/Herd/meeting.sisuu.com/backend/vendor/laravel/framework/src/Illuminate/Support/Manager.php:71)
[stacktrace]
#0 C:/Users/yyhy0/Herd/meeting.sisuu.com/backend/vendor/laravel/framework/src/Illuminate/Session/SessionServiceProvider.php(52): Illuminate/Support/Manager->driver()
#1 C:/Users/yyhy0/Herd/meeting.sisuu.com/backend/vendor/laravel/framework/src/Illuminate/Container/Container.php(908): Illuminate/Session/SessionServiceProvider->Illuminate/Session/{closure}(Object(Illuminate/Foundation/Application), Array)
#2 C:/Users/yyhy0/Herd/meeting.sisuu.com/backend/vendor/laravel/framework/src/Illuminate/Container/Container.php(795): Illuminate/Container/Container->build(Object(Closure))
#3 C:/Users/yyhy0/Herd/meeting.sisuu.com/backend/vendor/laravel/framework/src/Illuminate/Foundation/Application.php(986): Illuminate/Container/Container->resolve('session.store', Array, true)
#4 C:/Users/yyhy0/Herd/meeting.sisuu.com/backend/vendor/laravel/framework/src/Illuminate/Container/Container.php(731): Illuminate/Foundation/Application->resolve('session.store', Array)
#5 C:/Users/yyhy0/Herd/meeting.sisuu.com/backend/vendor/laravel/framework/src/Illuminate/Foundation/Application.php(971): Illuminate/Container/Container->make('session.store', Array)
#6 C:/Users/yyhy0/Herd/meeting.sisuu.com/backend/vendor/laravel/framework/src/Illuminate/Container/Container.php(1454): Illuminate/Foundation/Application->make('session.store')
#7 C:/Users/yyhy0/Herd/meeting.sisuu.com/backend/vendor/laravel/framework/src/Illuminate/Routing/RoutingServiceProvider.php(120): Illuminate/Container/Container->offsetGet('session.store')
#8 C:/Users/yyhy0/Herd/meeting.sisuu.com/backend/vendor/laravel/framework/src/Illuminate/Container/Container.php(908): Illuminate/Routing/RoutingServiceProvider->Illuminate/Routing/{closure}(Object(Illuminate/Foundation/Application), Array)
#9 C:/Users/yyhy0/Herd/meeting.sisuu.com/backend/vendor/laravel/framework/src/Illuminate/Container/Container.php(795): Illuminate/Container/Container->build(Object(Closure))
#10 C:/Users/yyhy0/Herd/meeting.sisuu.com/backend/vendor/laravel/framework/src/Illuminate/Foundation/Application.php(986): Illuminate/Container/Container->resolve('redirect', Array, true)
#11 C:/Users/yyhy0/Herd/meeting.sisuu.com/backend/vendor/laravel/framework/src/Illuminate/Container/Container.php(731): Illuminate/Foundation/Application->resolve('redirect', Array)
#12 C:/Users/yyhy0/Herd/meeting.sisuu.com/backend/vendor/laravel/framework/src/Illuminate/Foundation/Application.php(971): Illuminate/Container/Container->make('redirect', Array)
#13 C:/Users/yyhy0/Herd/meeting.sisuu.com/backend/vendor/laravel/framework/src/Illuminate/Container/Container.php(1454): Illuminate/Foundation/Application->make('redirect')
#14 C:/Users/yyhy0/Herd/meeting.sisuu.com/backend/vendor/laravel/framework/src/Illuminate/Routing/RoutingServiceProvider.php(182): Illuminate/Container/Container->offsetGet('redirect')
#15 C:/Users/yyhy0/Herd/meeting.sisuu.com/backend/vendor/laravel/framework/src/Illuminate/Container/Container.php(908): Illuminate/Routing/RoutingServiceProvider->Illuminate/Routing/{closure}(Object(Illuminate/Foundation/Application), Array)
#16 C:/Users/yyhy0/Herd/meeting.sisuu.com/backend/vendor/laravel/framework/src/Illuminate/Container/Container.php(795): Illuminate/Container/Container->build(Object(Closure))
#17 C:/Users/yyhy0/Herd/meeting.sisuu.com/backend/vendor/laravel/framework/src/Illuminate/Foundation/Application.php(986): Illuminate/Container/Container->resolve('Illuminate//Cont...', Array, true)
#18 C:/Users/yyhy0/Herd/meeting.sisuu.com/backend/vendor/laravel/framework/src/Illuminate/Container/Container.php(731): Illuminate/Foundation/Application->resolve('Illuminate//Cont...', Array)
#19 C:/Users/yyhy0/Herd/meeting.sisuu.com/backend/vendor/laravel/framework/src/Illuminate/Foundation/Application.php(971): Illuminate/Container/Container->make('Illuminate//Cont...', Array)
#20 C:/Users/yyhy0/Herd/meeting.sisuu.com/backend/vendor/laravel/framework/src/Illuminate/Foundation/helpers.php(120): Illuminate/Foundation/Application->make('Illuminate//Cont...', Array)
#21 C:/Users/yyhy0/Herd/meeting.sisuu.com/backend/vendor/laravel/framework/src/Illuminate/Foundation/helpers.php(790): app('Illuminate//Cont...')
#22 C:/Users/yyhy0/Herd/meeting.sisuu.com/backend/vendor/laravel/framework/src/Illuminate/Foundation/Exceptions/Handler.php(723): response()
#23 C:/Users/yyhy0/Herd/meeting.sisuu.com/backend/vendor/laravel/framework/src/Illuminate/Foundation/Exceptions/Handler.php(650): Illuminate/Foundation/Exceptions/Handler->renderHttpException(Object(Symfony/Component/HttpKernel/Exception/NotFoundHttpException))
#24 C:/Users/yyhy0/Herd/meeting.sisuu.com/backend/vendor/laravel/framework/src/Illuminate/Foundation/Exceptions/Handler.php(556): Illuminate/Foundation/Exceptions/Handler->prepareResponse(Object(Illuminate/Http/Request), Object(Symfony/Component/HttpKernel/Exception/NotFoundHttpException))
#25 C:/Users/yyhy0/Herd/meeting.sisuu.com/backend/vendor/laravel/framework/src/Illuminate/Foundation/Exceptions/Handler.php(473): Illuminate/Foundation/Exceptions/Handler->renderExceptionResponse(Object(Illuminate/Http/Request), Object(Symfony/Component/HttpKernel/Exception/NotFoundHttpException))
#26 C:/Users/yyhy0/Herd/meeting.sisuu.com/backend/vendor/laravel/framework/src/Illuminate/Routing/Pipeline.php(51): Illuminate/Foundation/Exceptions/Handler->render(Object(Illuminate/Http/Request), Object(Symfony/Component/HttpKernel/Exception/NotFoundHttpException))
#27 C:/Users/yyhy0/Herd/meeting.sisuu.com/backend/vendor/laravel/framework/src/Illuminate/Pipeline/Pipeline.php(146): Illuminate/Routing/Pipeline->handleException(Object(Illuminate/Http/Request), Object(Symfony/Component/HttpKernel/Exception/NotFoundHttpException))
#28 C:/Users/yyhy0/Herd/meeting.sisuu.com/backend/vendor/laravel/framework/src/Illuminate/Foundation/Http/Middleware/TransformsRequest.php(21): Illuminate/Pipeline/Pipeline->Illuminate/Pipeline/{closure}(Object(Illuminate/Http/Request))
#29 C:/Users/yyhy0/Herd/meeting.sisuu.com/backend/vendor/laravel/framework/src/Illuminate/Foundation/Http/Middleware/ConvertEmptyStringsToNull.php(31): Illuminate/Foundation/Http/Middleware/TransformsRequest->handle(Object(Illuminate/Http/Request), Object(Closure))
#30 C:/Users/yyhy0/Herd/meeting.sisuu.com/backend/vendor/laravel/framework/src/Illuminate/Pipeline/Pipeline.php(183): Illuminate/Foundation/Http/Middleware/ConvertEmptyStringsToNull->handle(Object(Illuminate/Http/Request), Object(Closure))
#31 C:/Users/yyhy0/Herd/meeting.sisuu.com/backend/vendor/laravel/framework/src/Illuminate/Foundation/Http/Middleware/TransformsRequest.php(21): Illuminate/Pipeline/Pipeline->Illuminate/Pipeline/{closure}(Object(Illuminate/Http/Request))
#32 C:/Users/yyhy0/Herd/meeting.sisuu.com/backend/vendor/laravel/framework/src/Illuminate/Foundation/Http/Middleware/TrimStrings.php(40): Illuminate/Foundation/Http/Middleware/TransformsRequest->handle(Object(Illuminate/Http/Request), Object(Closure))
#33 C:/Users/yyhy0/Herd/meeting.sisuu.com/backend/vendor/laravel/framework/src/Illuminate/Pipeline/Pipeline.php(183): Illuminate/Foundation/Http/Middleware/TrimStrings->handle(Object(Illuminate/Http/Request), Object(Closure))
#34 C:/Users/yyhy0/Herd/meeting.sisuu.com/backend/vendor/laravel/framework/src/Illuminate/Foundation/Http/Middleware/ValidatePostSize.php(27): Illuminate/Pipeline/Pipeline->Illuminate/Pipeline/{closure}(Object(Illuminate/Http/Request))
#35 C:/Users/yyhy0/Herd/meeting.sisuu.com/backend/vendor/laravel/framework/src/Illuminate/Pipeline/Pipeline.php(183): Illuminate/Foundation/Http/Middleware/ValidatePostSize->handle(Object(Illuminate/Http/Request), Object(Closure))
#36 C:/Users/yyhy0/Herd/meeting.sisuu.com/backend/vendor/laravel/framework/src/Illuminate/Foundation/Http/Middleware/PreventRequestsDuringMaintenance.php(99): Illuminate/Pipeline/Pipeline->Illuminate/Pipeline/{closure}(Object(Illuminate/Http/Request))
#37 C:/Users/yyhy0/Herd/meeting.sisuu.com/backend/vendor/laravel/framework/src/Illuminate/Pipeline/Pipeline.php(183): Illuminate/Foundation/Http/Middleware/PreventRequestsDuringMaintenance->handle(Object(Illuminate/Http/Request), Object(Closure))
#38 C:/Users/yyhy0/Herd/meeting.sisuu.com/backend/vendor/laravel/framework/src/Illuminate/Http/Middleware/HandleCors.php(49): Illuminate/Pipeline/Pipeline->Illuminate/Pipeline/{closure}(Object(Illuminate/Http/Request))
#39 C:/Users/yyhy0/Herd/meeting.sisuu.com/backend/vendor/laravel/framework/src/Illuminate/Pipeline/Pipeline.php(183): Illuminate/Http/Middleware/HandleCors->handle(Object(Illuminate/Http/Request), Object(Closure))
#40 C:/Users/yyhy0/Herd/meeting.sisuu.com/backend/vendor/laravel/framework/src/Illuminate/Http/Middleware/TrustProxies.php(39): Illuminate/Pipeline/Pipeline->Illuminate/Pipeline/{closure}(Object(Illuminate/Http/Request))
#41 C:/Users/yyhy0/Herd/meeting.sisuu.com/backend/vendor/laravel/framework/src/Illuminate/Pipeline/Pipeline.php(183): Illuminate/Http/Middleware/TrustProxies->handle(Object(Illuminate/Http/Request), Object(Closure))
#42 C:/Users/yyhy0/Herd/meeting.sisuu.com/backend/vendor/laravel/framework/src/Illuminate/Pipeline/Pipeline.php(119): Illuminate/Pipeline/Pipeline->Illuminate/Pipeline/{closure}(Object(Illuminate/Http/Request))
#43 C:/Users/yyhy0/Herd/meeting.sisuu.com/backend/vendor/laravel/framework/src/Illuminate/Foundation/Http/Kernel.php(175): Illuminate/Pipeline/Pipeline->then(Object(Closure))
#44 C:/Users/yyhy0/Herd/meeting.sisuu.com/backend/vendor/laravel/framework/src/Illuminate/Foundation/Http/Kernel.php(144): Illuminate/Foundation/Http/Kernel->sendRequestThroughRouter(Object(Illuminate/Http/Request))
#45 C:/Users/yyhy0/Herd/meeting.sisuu.com/backend/public/index.php(14): Illuminate/Foundation/Http/Kernel->handle(Object(Illuminate/Http/Request))
#46 {main}
"} 
[2026-05-26 23:23:55] local.ERROR: Class "App\Http\Controllers\Controller" not found {"exception":"[object] (Error(code: 0): Class \"App\\Http\\Controllers\\Controller\" not found at C:/Users/yyhy0/Herd/meeting.sisuu.com/backend/app/Http/Controllers/AuthController.php:10)
[stacktrace]
#0 C:/Users/yyhy0/Herd/meeting.sisuu.com/backend/vendor/composer/ClassLoader.php(576): include()
#1 C:/Users/yyhy0/Herd/meeting.sisuu.com/backend/vendor/composer/ClassLoader.php(427): Composer/Autoload/{closure}('C://Users//yyhy0//...')
#2 [internal function]: Composer/Autoload/ClassLoader->loadClass('App//Http//Contro...')
#3 C:/Users/yyhy0/Herd/meeting.sisuu.com/backend/vendor/laravel/framework/src/Illuminate/Routing/Route.php(1096): is_a('App//Http//Contro...', 'Illuminate//Rout...', true)
#4 C:/Users/yyhy0/Herd/meeting.sisuu.com/backend/vendor/laravel/framework/src/Illuminate/Routing/Route.php(1035): Illuminate/Routing/Route->controllerMiddleware()
#5 C:/Users/yyhy0/Herd/meeting.sisuu.com/backend/vendor/laravel/framework/src/Illuminate/Routing/Router.php(818): Illuminate/Routing/Route->gatherMiddleware()
#6 C:/Users/yyhy0/Herd/meeting.sisuu.com/backend/vendor/laravel/framework/src/Illuminate/Routing/Router.php(800): Illuminate/Routing/Router->gatherRouteMiddleware(Object(Illuminate/Routing/Route))
#7 C:/Users/yyhy0/Herd/meeting.sisuu.com/backend/vendor/laravel/framework/src/Illuminate/Routing/Router.php(784): Illuminate/Routing/Router->runRouteWithinStack(Object(Illuminate/Routing/Route), Object(Illuminate/Http/Request))
#8 C:/Users/yyhy0/Herd/meeting.sisuu.com/backend/vendor/laravel/framework/src/Illuminate/Routing/Router.php(748): Illuminate/Routing/Router->runRoute(Object(Illuminate/Http/Request), Object(Illuminate/Routing/Route))
#9 C:/Users/yyhy0/Herd/meeting.sisuu.com/backend/vendor/laravel/framework/src/Illuminate/Routing/Router.php(737): Illuminate/Routing/Router->dispatchToRoute(Object(Illuminate/Http/Request))
#10 C:/Users/yyhy0/Herd/meeting.sisuu.com/backend/vendor/laravel/framework/src/Illuminate/Foundation/Http/Kernel.php(200): Illuminate/Routing/Router->dispatch(Object(Illuminate/Http/Request))
#11 C:/Users/yyhy0/Herd/meeting.sisuu.com/backend/vendor/laravel/framework/src/Illuminate/Pipeline/Pipeline.php(144): Illuminate/Foundation/Http/Kernel->Illuminate/Foundation/Http/{closure}(Object(Illuminate/Http/Request))
#12 C:/Users/yyhy0/Herd/meeting.sisuu.com/backend/vendor/laravel/framework/src/Illuminate/Foundation/Http/Middleware/TransformsRequest.php(21): Illuminate/Pipeline/Pipeline->Illuminate/Pipeline/{closure}(Object(Illuminate/Http/Request))
#13 C:/Users/yyhy0/Herd/meeting.sisuu.com/backend/vendor/laravel/framework/src/Illuminate/Foundation/Http/Middleware/ConvertEmptyStringsToNull.php(31): Illuminate/Foundation/Http/Middleware/TransformsRequest->handle(Object(Illuminate/Http/Request), Object(Closure))
#14 C:/Users/yyhy0/Herd/meeting.sisuu.com/backend/vendor/laravel/framework/src/Illuminate/Pipeline/Pipeline.php(183): Illuminate/Foundation/Http/Middleware/ConvertEmptyStringsToNull->handle(Object(Illuminate/Http/Request), Object(Closure))
#15 C:/Users/yyhy0/Herd/meeting.sisuu.com/backend/vendor/laravel/framework/src/Illuminate/Foundation/Http/Middleware/TransformsRequest.php(21): Illuminate/Pipeline/Pipeline->Illuminate/Pipeline/{closure}(Object(Illuminate/Http/Request))
#16 C:/Users/yyhy0/Herd/meeting.sisuu.com/backend/vendor/laravel/framework/src/Illuminate/Foundation/Http/Middleware/TrimStrings.php(40): Illuminate/Foundation/Http/Middleware/TransformsRequest->handle(Object(Illuminate/Http/Request), Object(Closure))
#17 C:/Users/yyhy0/Herd/meeting.sisuu.com/backend/vendor/laravel/framework/src/Illuminate/Pipeline/Pipeline.php(183): Illuminate/Foundation/Http/Middleware/TrimStrings->handle(Object(Illuminate/Http/Request), Object(Closure))
#18 C:/Users/yyhy0/Herd/meeting.sisuu.com/backend/vendor/laravel/framework/src/Illuminate/Foundation/Http/Middleware/ValidatePostSize.php(27): Illuminate/Pipeline/Pipeline->Illuminate/Pipeline/{closure}(Object(Illuminate/Http/Request))
#19 C:/Users/yyhy0/Herd/meeting.sisuu.com/backend/vendor/laravel/framework/src/Illuminate/Pipeline/Pipeline.php(183): Illuminate/Foundation/Http/Middleware/ValidatePostSize->handle(Object(Illuminate/Http/Request), Object(Closure))
#20 C:/Users/yyhy0/Herd/meeting.sisuu.com/backend/vendor/laravel/framework/src/Illuminate/Foundation/Http/Middleware/PreventRequestsDuringMaintenance.php(99): Illuminate/Pipeline/Pipeline->Illuminate/Pipeline/{closure}(Object(Illuminate/Http/Request))
#21 C:/Users/yyhy0/Herd/meeting.sisuu.com/backend/vendor/laravel/framework/src/Illuminate/Pipeline/Pipeline.php(183): Illuminate/Foundation/Http/Middleware/PreventRequestsDuringMaintenance->handle(Object(Illuminate/Http/Request), Object(Closure))
#22 C:/Users/yyhy0/Herd/meeting.sisuu.com/backend/vendor/laravel/framework/src/Illuminate/Http/Middleware/HandleCors.php(49): Illuminate/Pipeline/Pipeline->Illuminate/Pipeline/{closure}(Object(Illuminate/Http/Request))
#23 C:/Users/yyhy0/Herd/meeting.sisuu.com/backend/vendor/laravel/framework/src/Illuminate/Pipeline/Pipeline.php(183): Illuminate/Http/Middleware/HandleCors->handle(Object(Illuminate/Http/Request), Object(Closure))
#24 C:/Users/yyhy0/Herd/meeting.sisuu.com/backend/vendor/laravel/framework/src/Illuminate/Http/Middleware/TrustProxies.php(39): Illuminate/Pipeline/Pipeline->Illuminate/Pipeline/{closure}(Object(Illuminate/Http/Request))
#25 C:/Users/yyhy0/Herd/meeting.sisuu.com/backend/vendor/laravel/framework/src/Illuminate/Pipeline/Pipeline.php(183): Illuminate/Http/Middleware/TrustProxies->handle(Object(Illuminate/Http/Request), Object(Closure))
#26 C:/Users/yyhy0/Herd/meeting.sisuu.com/backend/vendor/laravel/framework/src/Illuminate/Pipeline/Pipeline.php(119): Illuminate/Pipeline/Pipeline->Illuminate/Pipeline/{closure}(Object(Illuminate/Http/Request))
#27 C:/Users/yyhy0/Herd/meeting.sisuu.com/backend/vendor/laravel/framework/src/Illuminate/Foundation/Http/Kernel.php(175): Illuminate/Pipeline/Pipeline->then(Object(Closure))
#28 C:/Users/yyhy0/Herd/meeting.sisuu.com/backend/vendor/laravel/framework/src/Illuminate/Foundation/Http/Kernel.php(144): Illuminate/Foundation/Http/Kernel->sendRequestThroughRouter(Object(Illuminate/Http/Request))
#29 C:/Users/yyhy0/Herd/meeting.sisuu.com/backend/public/index.php(14): Illuminate/Foundation/Http/Kernel->handle(Object(Illuminate/Http/Request))
#30 {main}
"} 
[2026-05-26 23:24:39] local.ERROR: Database file at path [database/database.sqlite] does not exist. Ensure this is an absolute path to the database. (Connection: sqlite, SQL: PRAGMA foreign_keys = ON;) {"exception":"[object] (Illuminate\\Database\\QueryException(code: 0): Database file at path [database/database.sqlite] does not exist. Ensure this is an absolute path to the database. (Connection: sqlite, SQL: PRAGMA foreign_keys = ON;) at C:/Users/yyhy0/Herd/meeting.sisuu.com/backend/vendor/laravel/framework/src/Illuminate/Database/Connection.php:829)
[stacktrace]
#0 C:/Users/yyhy0/Herd/meeting.sisuu.com/backend/vendor/laravel/framework/src/Illuminate/Database/Connection.php(783): Illuminate/Database/Connection->runQueryCallback('PRAGMA foreign_...', Array, Object(Closure))
#1 C:/Users/yyhy0/Herd/meeting.sisuu.com/backend/vendor/laravel/framework/src/Illuminate/Database/Connection.php(576): Illuminate/Database/Connection->run('PRAGMA foreign_...', Array, Object(Closure))
#2 C:/Users/yyhy0/Herd/meeting.sisuu.com/backend/vendor/laravel/framework/src/Illuminate/Database/Schema/Builder.php(560): Illuminate/Database/Connection->statement('PRAGMA foreign_...')
#3 C:/Users/yyhy0/Herd/meeting.sisuu.com/backend/vendor/laravel/framework/src/Illuminate/Database/SQLiteConnection.php(36): Illuminate/Database/Schema/Builder->enableForeignKeyConstraints()
#4 C:/Users/yyhy0/Herd/meeting.sisuu.com/backend/vendor/laravel/framework/src/Illuminate/Database/Connectors/ConnectionFactory.php(272): Illuminate/Database/SQLiteConnection->__construct(Object(Closure), 'database/databa...', '', Array)
#5 C:/Users/yyhy0/Herd/meeting.sisuu.com/backend/vendor/laravel/framework/src/Illuminate/Database/Connectors/ConnectionFactory.php(75): Illuminate/Database/Connectors/ConnectionFactory->createConnection('sqlite', Object(Closure), 'database/databa...', '', Array)
#6 C:/Users/yyhy0/Herd/meeting.sisuu.com/backend/vendor/laravel/framework/src/Illuminate/Database/Connectors/ConnectionFactory.php(50): Illuminate/Database/Connectors/ConnectionFactory->createSingleConnection(Array)
#7 C:/Users/yyhy0/Herd/meeting.sisuu.com/backend/vendor/laravel/framework/src/Illuminate/Database/DatabaseManager.php(175): Illuminate/Database/Connectors/ConnectionFactory->make(Array, 'sqlite')
#8 C:/Users/yyhy0/Herd/meeting.sisuu.com/backend/vendor/laravel/framework/src/Illuminate/Database/DatabaseManager.php(101): Illuminate/Database/DatabaseManager->makeConnection('sqlite')
#9 C:/Users/yyhy0/Herd/meeting.sisuu.com/backend/vendor/laravel/framework/src/Illuminate/Database/Eloquent/Model.php(1820): Illuminate/Database/DatabaseManager->connection('sqlite')
#10 C:/Users/yyhy0/Herd/meeting.sisuu.com/backend/vendor/laravel/framework/src/Illuminate/Database/Eloquent/Model.php(1786): Illuminate/Database/Eloquent/Model::resolveConnection(NULL)
#11 C:/Users/yyhy0/Herd/meeting.sisuu.com/backend/vendor/laravel/framework/src/Illuminate/Database/Eloquent/Model.php(1577): Illuminate/Database/Eloquent/Model->getConnection()
#12 C:/Users/yyhy0/Herd/meeting.sisuu.com/backend/vendor/laravel/framework/src/Illuminate/Database/Eloquent/Model.php(1496): Illuminate/Database/Eloquent/Model->newBaseQueryBuilder()
#13 C:/Users/yyhy0/Herd/meeting.sisuu.com/backend/vendor/laravel/framework/src/Illuminate/Database/Eloquent/Model.php(1532): Illuminate/Database/Eloquent/Model->newModelQuery()
#14 C:/Users/yyhy0/Herd/meeting.sisuu.com/backend/vendor/laravel/framework/src/Illuminate/Database/Eloquent/Model.php(1485): Illuminate/Database/Eloquent/Model->newQueryWithoutScopes()
#15 C:/Users/yyhy0/Herd/meeting.sisuu.com/backend/vendor/laravel/framework/src/Illuminate/Database/Eloquent/Model.php(2335): Illuminate/Database/Eloquent/Model->newQuery()
#16 C:/Users/yyhy0/Herd/meeting.sisuu.com/backend/vendor/laravel/framework/src/Illuminate/Database/Eloquent/Model.php(2347): Illuminate/Database/Eloquent/Model->__call('where', Array)
#17 C:/Users/yyhy0/Herd/meeting.sisuu.com/backend/app/Http/Controllers/AuthController.php(19): Illuminate/Database/Eloquent/Model::__callStatic('where', Array)
#18 C:/Users/yyhy0/Herd/meeting.sisuu.com/backend/vendor/laravel/framework/src/Illuminate/Routing/Controller.php(54): App/Http/Controllers/AuthController->login(Object(Illuminate/Http/Request))
#19 C:/Users/yyhy0/Herd/meeting.sisuu.com/backend/vendor/laravel/framework/src/Illuminate/Routing/ControllerDispatcher.php(43): Illuminate/Routing/Controller->callAction('login', Array)
#20 C:/Users/yyhy0/Herd/meeting.sisuu.com/backend/vendor/laravel/framework/src/Illuminate/Routing/Route.php(259): Illuminate/Routing/ControllerDispatcher->dispatch(Object(Illuminate/Routing/Route), Object(App/Http/Controllers/AuthController), 'login')
#21 C:/Users/yyhy0/Herd/meeting.sisuu.com/backend/vendor/laravel/framework/src/Illuminate/Routing/Route.php(205): Illuminate/Routing/Route->runController()
#22 C:/Users/yyhy0/Herd/meeting.sisuu.com/backend/vendor/laravel/framework/src/Illuminate/Routing/Router.php(806): Illuminate/Routing/Route->run()
#23 C:/Users/yyhy0/Herd/meeting.sisuu.com/backend/vendor/laravel/framework/src/Illuminate/Pipeline/Pipeline.php(144): Illuminate/Routing/Router->Illuminate/Routing/{closure}(Object(Illuminate/Http/Request))
#24 C:/Users/yyhy0/Herd/meeting.sisuu.com/backend/vendor/laravel/framework/src/Illuminate/Routing/Middleware/SubstituteBindings.php(50): Illuminate/Pipeline/Pipeline->Illuminate/Pipeline/{closure}(Object(Illuminate/Http/Request))
#25 C:/Users/yyhy0/Herd/meeting.sisuu.com/backend/vendor/laravel/framework/src/Illuminate/Pipeline/Pipeline.php(183): Illuminate/Routing/Middleware/SubstituteBindings->handle(Object(Illuminate/Http/Request), Object(Closure))
#26 C:/Users/yyhy0/Herd/meeting.sisuu.com/backend/vendor/laravel/framework/src/Illuminate/Routing/Middleware/ThrottleRequests.php(159): Illuminate/Pipeline/Pipeline->Illuminate/Pipeline/{closure}(Object(Illuminate/Http/Request))
#27 C:/Users/yyhy0/Herd/meeting.sisuu.com/backend/vendor/laravel/framework/src/Illuminate/Routing/Middleware/ThrottleRequests.php(125): Illuminate/Routing/Middleware/ThrottleRequests->handleRequest(Object(Illuminate/Http/Request), Object(Closure), Array)
#28 C:/Users/yyhy0/Herd/meeting.sisuu.com/backend/vendor/laravel/framework/src/Illuminate/Routing/Middleware/ThrottleRequests.php(87): Illuminate/Routing/Middleware/ThrottleRequests->handleRequestUsingNamedLimiter(Object(Illuminate/Http/Request), Object(Closure), 'api', Object(Closure))
#29 C:/Users/yyhy0/Herd/meeting.sisuu.com/backend/vendor/laravel/framework/src/Illuminate/Pipeline/Pipeline.php(183): Illuminate/Routing/Middleware/ThrottleRequests->handle(Object(Illuminate/Http/Request), Object(Closure), 'api')
#30 C:/Users/yyhy0/Herd/meeting.sisuu.com/backend/vendor/laravel/sanctum/src/Http/Middleware/EnsureFrontendRequestsAreStateful.php(25): Illuminate/Pipeline/Pipeline->Illuminate/Pipeline/{closure}(Object(Illuminate/Http/Request))
#31 C:/Users/yyhy0/Herd/meeting.sisuu.com/backend/vendor/laravel/framework/src/Illuminate/Pipeline/Pipeline.php(144): Laravel/Sanctum/Http/Middleware/EnsureFrontendRequestsAreStateful->Laravel/Sanctum/Http/Middleware/{closure}(Object(Illuminate/Http/Request))
#32 C:/Users/yyhy0/Herd/meeting.sisuu.com/backend/vendor/laravel/framework/src/Illuminate/Pipeline/Pipeline.php(119): Illuminate/Pipeline/Pipeline->Illuminate/Pipeline/{closure}(Object(Illuminate/Http/Request))
#33 C:/Users/yyhy0/Herd/meeting.sisuu.com/backend/vendor/laravel/sanctum/src/Http/Middleware/EnsureFrontendRequestsAreStateful.php(24): Illuminate/Pipeline/Pipeline->then(Object(Closure))
#34 C:/Users/yyhy0/Herd/meeting.sisuu.com/backend/vendor/laravel/framework/src/Illuminate/Pipeline/Pipeline.php(183): Laravel/Sanctum/Http/Middleware/EnsureFrontendRequestsAreStateful->handle(Object(Illuminate/Http/Request), Object(Closure))
#35 C:/Users/yyhy0/Herd/meeting.sisuu.com/backend/vendor/laravel/framework/src/Illuminate/Pipeline/Pipeline.php(119): Illuminate/Pipeline/Pipeline->Illuminate/Pipeline/{closure}(Object(Illuminate/Http/Request))
#36 C:/Users/yyhy0/Herd/meeting.sisuu.com/backend/vendor/laravel/framework/src/Illuminate/Routing/Router.php(805): Illuminate/Pipeline/Pipeline->then(Object(Closure))
#37 C:/Users/yyhy0/Herd/meeting.sisuu.com/backend/vendor/laravel/framework/src/Illuminate/Routing/Router.php(784): Illuminate/Routing/Router->runRouteWithinStack(Object(Illuminate/Routing/Route), Object(Illuminate/Http/Request))
#38 C:/Users/yyhy0/Herd/meeting.sisuu.com/backend/vendor/laravel/framework/src/Illuminate/Routing/Router.php(748): Illuminate/Routing/Router->runRoute(Object(Illuminate/Http/Request), Object(Illuminate/Routing/Route))
#39 C:/Users/yyhy0/Herd/meeting.sisuu.com/backend/vendor/laravel/framework/src/Illuminate/Routing/Router.php(737): Illuminate/Routing/Router->dispatchToRoute(Object(Illuminate/Http/Request))
#40 C:/Users/yyhy0/Herd/meeting.sisuu.com/backend/vendor/laravel/framework/src/Illuminate/Foundation/Http/Kernel.php(200): Illuminate/Routing/Router->dispatch(Object(Illuminate/Http/Request))
#41 C:/Users/yyhy0/Herd/meeting.sisuu.com/backend/vendor/laravel/framework/src/Illuminate/Pipeline/Pipeline.php(144): Illuminate/Foundation/Http/Kernel->Illuminate/Foundation/Http/{closure}(Object(Illuminate/Http/Request))
#42 C:/Users/yyhy0/Herd/meeting.sisuu.com/backend/vendor/laravel/framework/src/Illuminate/Foundation/Http/Middleware/TransformsRequest.php(21): Illuminate/Pipeline/Pipeline->Illuminate/Pipeline/{closure}(Object(Illuminate/Http/Request))
#43 C:/Users/yyhy0/Herd/meeting.sisuu.com/backend/vendor/laravel/framework/src/Illuminate/Foundation/Http/Middleware/ConvertEmptyStringsToNull.php(31): Illuminate/Foundation/Http/Middleware/TransformsRequest->handle(Object(Illuminate/Http/Request), Object(Closure))
#44 C:/Users/yyhy0/Herd/meeting.sisuu.com/backend/vendor/laravel/framework/src/Illuminate/Pipeline/Pipeline.php(183): Illuminate/Foundation/Http/Middleware/ConvertEmptyStringsToNull->handle(Object(Illuminate/Http/Request), Object(Closure))
#45 C:/Users/yyhy0/Herd/meeting.sisuu.com/backend/vendor/laravel/framework/src/Illuminate/Foundation/Http/Middleware/TransformsRequest.php(21): Illuminate/Pipeline/Pipeline->Illuminate/Pipeline/{closure}(Object(Illuminate/Http/Request))
#46 C:/Users/yyhy0/Herd/meeting.sisuu.com/backend/vendor/laravel/framework/src/Illuminate/Foundation/Http/Middleware/TrimStrings.php(40): Illuminate/Foundation/Http/Middleware/TransformsRequest->handle(Object(Illuminate/Http/Request), Object(Closure))
#47 C:/Users/yyhy0/Herd/meeting.sisuu.com/backend/vendor/laravel/framework/src/Illuminate/Pipeline/Pipeline.php(183): Illuminate/Foundation/Http/Middleware/TrimStrings->handle(Object(Illuminate/Http/Request), Object(Closure))
#48 C:/Users/yyhy0/Herd/meeting.sisuu.com/backend/vendor/laravel/framework/src/Illuminate/Foundation/Http/Middleware/ValidatePostSize.php(27): Illuminate/Pipeline/Pipeline->Illuminate/Pipeline/{closure}(Object(Illuminate/Http/Request))
#49 C:/Users/yyhy0/Herd/meeting.sisuu.com/backend/vendor/laravel/framework/src/Illuminate/Pipeline/Pipeline.php(183): Illuminate/Foundation/Http/Middleware/ValidatePostSize->handle(Object(Illuminate/Http/Request), Object(Closure))
#50 C:/Users/yyhy0/Herd/meeting.sisuu.com/backend/vendor/laravel/framework/src/Illuminate/Foundation/Http/Middleware/PreventRequestsDuringMaintenance.php(99): Illuminate/Pipeline/Pipeline->Illuminate/Pipeline/{closure}(Object(Illuminate/Http/Request))
#51 C:/Users/yyhy0/Herd/meeting.sisuu.com/backend/vendor/laravel/framework/src/Illuminate/Pipeline/Pipeline.php(183): Illuminate/Foundation/Http/Middleware/PreventRequestsDuringMaintenance->handle(Object(Illuminate/Http/Request), Object(Closure))
#52 C:/Users/yyhy0/Herd/meeting.sisuu.com/backend/vendor/laravel/framework/src/Illuminate/Http/Middleware/HandleCors.php(49): Illuminate/Pipeline/Pipeline->Illuminate/Pipeline/{closure}(Object(Illuminate/Http/Request))
#53 C:/Users/yyhy0/Herd/meeting.sisuu.com/backend/vendor/laravel/framework/src/Illuminate/Pipeline/Pipeline.php(183): Illuminate/Http/Middleware/HandleCors->handle(Object(Illuminate/Http/Request), Object(Closure))
#54 C:/Users/yyhy0/Herd/meeting.sisuu.com/backend/vendor/laravel/framework/src/Illuminate/Http/Middleware/TrustProxies.php(39): Illuminate/Pipeline/Pipeline->Illuminate/Pipeline/{closure}(Object(Illuminate/Http/Request))
#55 C:/Users/yyhy0/Herd/meeting.sisuu.com/backend/vendor/laravel/framework/src/Illuminate/Pipeline/Pipeline.php(183): Illuminate/Http/Middleware/TrustProxies->handle(Object(Illuminate/Http/Request), Object(Closure))
#56 C:/Users/yyhy0/Herd/meeting.sisuu.com/backend/vendor/laravel/framework/src/Illuminate/Pipeline/Pipeline.php(119): Illuminate/Pipeline/Pipeline->Illuminate/Pipeline/{closure}(Object(Illuminate/Http/Request))
#57 C:/Users/yyhy0/Herd/meeting.sisuu.com/backend/vendor/laravel/framework/src/Illuminate/Foundation/Http/Kernel.php(175): Illuminate/Pipeline/Pipeline->then(Object(Closure))
#58 C:/Users/yyhy0/Herd/meeting.sisuu.com/backend/vendor/laravel/framework/src/Illuminate/Foundation/Http/Kernel.php(144): Illuminate/Foundation/Http/Kernel->sendRequestThroughRouter(Object(Illuminate/Http/Request))
#59 C:/Users/yyhy0/Herd/meeting.sisuu.com/backend/public/index.php(14): Illuminate/Foundation/Http/Kernel->handle(Object(Illuminate/Http/Request))
#60 {main}

[previous exception] [object] (Illuminate\\Database\\SQLiteDatabaseDoesNotExistException(code: 0): Database file at path [database/database.sqlite] does not exist. Ensure this is an absolute path to the database. at C:/Users/yyhy0/Herd/meeting.sisuu.com/backend/vendor/laravel/framework/src/Illuminate/Database/Connectors/SQLiteConnector.php:34)
[stacktrace]
#0 C:/Users/yyhy0/Herd/meeting.sisuu.com/backend/vendor/laravel/framework/src/Illuminate/Database/Connectors/ConnectionFactory.php(221): Illuminate/Database/Connectors/SQLiteConnector->connect(Array)
#1 [internal function]: Illuminate/Database/Connectors/ConnectionFactory->Illuminate/Database/Connectors/{closure}()
#2 C:/Users/yyhy0/Herd/meeting.sisuu.com/backend/vendor/laravel/framework/src/Illuminate/Database/Connection.php(1339): call_user_func(Object(Closure))
#3 C:/Users/yyhy0/Herd/meeting.sisuu.com/backend/vendor/laravel/framework/src/Illuminate/Database/Connection.php(581): Illuminate/Database/Connection->getPdo()
#4 C:/Users/yyhy0/Herd/meeting.sisuu.com/backend/vendor/laravel/framework/src/Illuminate/Database/Connection.php(816): Illuminate/Database/Connection->Illuminate/Database/{closure}('PRAGMA foreign_...', Array)
#5 C:/Users/yyhy0/Herd/meeting.sisuu.com/backend/vendor/laravel/framework/src/Illuminate/Database/Connection.php(783): Illuminate/Database/Connection->runQueryCallback('PRAGMA foreign_...', Array, Object(Closure))
#6 C:/Users/yyhy0/Herd/meeting.sisuu.com/backend/vendor/laravel/framework/src/Illuminate/Database/Connection.php(576): Illuminate/Database/Connection->run('PRAGMA foreign_...', Array, Object(Closure))
#7 C:/Users/yyhy0/Herd/meeting.sisuu.com/backend/vendor/laravel/framework/src/Illuminate/Database/Schema/Builder.php(560): Illuminate/Database/Connection->statement('PRAGMA foreign_...')
#8 C:/Users/yyhy0/Herd/meeting.sisuu.com/backend/vendor/laravel/framework/src/Illuminate/Database/SQLiteConnection.php(36): Illuminate/Database/Schema/Builder->enableForeignKeyConstraints()
#9 C:/Users/yyhy0/Herd/meeting.sisuu.com/backend/vendor/laravel/framework/src/Illuminate/Database/Connectors/ConnectionFactory.php(272): Illuminate/Database/SQLiteConnection->__construct(Object(Closure), 'database/databa...', '', Array)
#10 C:/Users/yyhy0/Herd/meeting.sisuu.com/backend/vendor/laravel/framework/src/Illuminate/Database/Connectors/ConnectionFactory.php(75): Illuminate/Database/Connectors/ConnectionFactory->createConnection('sqlite', Object(Closure), 'database/databa...', '', Array)
#11 C:/Users/yyhy0/Herd/meeting.sisuu.com/backend/vendor/laravel/framework/src/Illuminate/Database/Connectors/ConnectionFactory.php(50): Illuminate/Database/Connectors/ConnectionFactory->createSingleConnection(Array)
#12 C:/Users/yyhy0/Herd/meeting.sisuu.com/backend/vendor/laravel/framework/src/Illuminate/Database/DatabaseManager.php(175): Illuminate/Database/Connectors/ConnectionFactory->make(Array, 'sqlite')
#13 C:/Users/yyhy0/Herd/meeting.sisuu.com/backend/vendor/laravel/framework/src/Illuminate/Database/DatabaseManager.php(101): Illuminate/Database/DatabaseManager->makeConnection('sqlite')
#14 C:/Users/yyhy0/Herd/meeting.sisuu.com/backend/vendor/laravel/framework/src/Illuminate/Database/Eloquent/Model.php(1820): Illuminate/Database/DatabaseManager->connection('sqlite')
#15 C:/Users/yyhy0/Herd/meeting.sisuu.com/backend/vendor/laravel/framework/src/Illuminate/Database/Eloquent/Model.php(1786): Illuminate/Database/Eloquent/Model::resolveConnection(NULL)
#16 C:/Users/yyhy0/Herd/meeting.sisuu.com/backend/vendor/laravel/framework/src/Illuminate/Database/Eloquent/Model.php(1577): Illuminate/Database/Eloquent/Model->getConnection()
#17 C:/Users/yyhy0/Herd/meeting.sisuu.com/backend/vendor/laravel/framework/src/Illuminate/Database/Eloquent/Model.php(1496): Illuminate/Database/Eloquent/Model->newBaseQueryBuilder()
#18 C:/Users/yyhy0/Herd/meeting.sisuu.com/backend/vendor/laravel/framework/src/Illuminate/Database/Eloquent/Model.php(1532): Illuminate/Database/Eloquent/Model->newModelQuery()
#19 C:/Users/yyhy0/Herd/meeting.sisuu.com/backend/vendor/laravel/framework/src/Illuminate/Database/Eloquent/Model.php(1485): Illuminate/Database/Eloquent/Model->newQueryWithoutScopes()
#20 C:/Users/yyhy0/Herd/meeting.sisuu.com/backend/vendor/laravel/framework/src/Illuminate/Database/Eloquent/Model.php(2335): Illuminate/Database/Eloquent/Model->newQuery()
#21 C:/Users/yyhy0/Herd/meeting.sisuu.com/backend/vendor/laravel/framework/src/Illuminate/Database/Eloquent/Model.php(2347): Illuminate/Database/Eloquent/Model->__call('where', Array)
#22 C:/Users/yyhy0/Herd/meeting.sisuu.com/backend/app/Http/Controllers/AuthController.php(19): Illuminate/Database/Eloquent/Model::__callStatic('where', Array)
#23 C:/Users/yyhy0/Herd/meeting.sisuu.com/backend/vendor/laravel/framework/src/Illuminate/Routing/Controller.php(54): App/Http/Controllers/AuthController->login(Object(Illuminate/Http/Request))
#24 C:/Users/yyhy0/Herd/meeting.sisuu.com/backend/vendor/laravel/framework/src/Illuminate/Routing/ControllerDispatcher.php(43): Illuminate/Routing/Controller->callAction('login', Array)
#25 C:/Users/yyhy0/Herd/meeting.sisuu.com/backend/vendor/laravel/framework/src/Illuminate/Routing/Route.php(259): Illuminate/Routing/ControllerDispatcher->dispatch(Object(Illuminate/Routing/Route), Object(App/Http/Controllers/AuthController), 'login')
#26 C:/Users/yyhy0/Herd/meeting.sisuu.com/backend/vendor/laravel/framework/src/Illuminate/Routing/Route.php(205): Illuminate/Routing/Route->runController()
#27 C:/Users/yyhy0/Herd/meeting.sisuu.com/backend/vendor/laravel/framework/src/Illuminate/Routing/Router.php(806): Illuminate/Routing/Route->run()
#28 C:/Users/yyhy0/Herd/meeting.sisuu.com/backend/vendor/laravel/framework/src/Illuminate/Pipeline/Pipeline.php(144): Illuminate/Routing/Router->Illuminate/Routing/{closure}(Object(Illuminate/Http/Request))
#29 C:/Users/yyhy0/Herd/meeting.sisuu.com/backend/vendor/laravel/framework/src/Illuminate/Routing/Middleware/SubstituteBindings.php(50): Illuminate/Pipeline/Pipeline->Illuminate/Pipeline/{closure}(Object(Illuminate/Http/Request))
#30 C:/Users/yyhy0/Herd/meeting.sisuu.com/backend/vendor/laravel/framework/src/Illuminate/Pipeline/Pipeline.php(183): Illuminate/Routing/Middleware/SubstituteBindings->handle(Object(Illuminate/Http/Request), Object(Closure))
#31 C:/Users/yyhy0/Herd/meeting.sisuu.com/backend/vendor/laravel/framework/src/Illuminate/Routing/Middleware/ThrottleRequests.php(159): Illuminate/Pipeline/Pipeline->Illuminate/Pipeline/{closure}(Object(Illuminate/Http/Request))
#32 C:/Users/yyhy0/Herd/meeting.sisuu.com/backend/vendor/laravel/framework/src/Illuminate/Routing/Middleware/ThrottleRequests.php(125): Illuminate/Routing/Middleware/ThrottleRequests->handleRequest(Object(Illuminate/Http/Request), Object(Closure), Array)
#33 C:/Users/yyhy0/Herd/meeting.sisuu.com/backend/vendor/laravel/framework/src/Illuminate/Routing/Middleware/ThrottleRequests.php(87): Illuminate/Routing/Middleware/ThrottleRequests->handleRequestUsingNamedLimiter(Object(Illuminate/Http/Request), Object(Closure), 'api', Object(Closure))
#34 C:/Users/yyhy0/Herd/meeting.sisuu.com/backend/vendor/laravel/framework/src/Illuminate/Pipeline/Pipeline.php(183): Illuminate/Routing/Middleware/ThrottleRequests->handle(Object(Illuminate/Http/Request), Object(Closure), 'api')
#35 C:/Users/yyhy0/Herd/meeting.sisuu.com/backend/vendor/laravel/sanctum/src/Http/Middleware/EnsureFrontendRequestsAreStateful.php(25): Illuminate/Pipeline/Pipeline->Illuminate/Pipeline/{closure}(Object(Illuminate/Http/Request))
#36 C:/Users/yyhy0/Herd/meeting.sisuu.com/backend/vendor/laravel/framework/src/Illuminate/Pipeline/Pipeline.php(144): Laravel/Sanctum/Http/Middleware/EnsureFrontendRequestsAreStateful->Laravel/Sanctum/Http/Middleware/{closure}(Object(Illuminate/Http/Request))
#37 C:/Users/yyhy0/Herd/meeting.sisuu.com/backend/vendor/laravel/framework/src/Illuminate/Pipeline/Pipeline.php(119): Illuminate/Pipeline/Pipeline->Illuminate/Pipeline/{closure}(Object(Illuminate/Http/Request))
#38 C:/Users/yyhy0/Herd/meeting.sisuu.com/backend/vendor/laravel/sanctum/src/Http/Middleware/EnsureFrontendRequestsAreStateful.php(24): Illuminate/Pipeline/Pipeline->then(Object(Closure))
#39 C:/Users/yyhy0/Herd/meeting.sisuu.com/backend/vendor/laravel/framework/src/Illuminate/Pipeline/Pipeline.php(183): Laravel/Sanctum/Http/Middleware/EnsureFrontendRequestsAreStateful->handle(Object(Illuminate/Http/Request), Object(Closure))
#40 C:/Users/yyhy0/Herd/meeting.sisuu.com/backend/vendor/laravel/framework/src/Illuminate/Pipeline/Pipeline.php(119): Illuminate/Pipeline/Pipeline->Illuminate/Pipeline/{closure}(Object(Illuminate/Http/Request))
#41 C:/Users/yyhy0/Herd/meeting.sisuu.com/backend/vendor/laravel/framework/src/Illuminate/Routing/Router.php(805): Illuminate/Pipeline/Pipeline->then(Object(Closure))
#42 C:/Users/yyhy0/Herd/meeting.sisuu.com/backend/vendor/laravel/framework/src/Illuminate/Routing/Router.php(784): Illuminate/Routing/Router->runRouteWithinStack(Object(Illuminate/Routing/Route), Object(Illuminate/Http/Request))
#43 C:/Users/yyhy0/Herd/meeting.sisuu.com/backend/vendor/laravel/framework/src/Illuminate/Routing/Router.php(748): Illuminate/Routing/Router->runRoute(Object(Illuminate/Http/Request), Object(Illuminate/Routing/Route))
#44 C:/Users/yyhy0/Herd/meeting.sisuu.com/backend/vendor/laravel/framework/src/Illuminate/Routing/Router.php(737): Illuminate/Routing/Router->dispatchToRoute(Object(Illuminate/Http/Request))
#45 C:/Users/yyhy0/Herd/meeting.sisuu.com/backend/vendor/laravel/framework/src/Illuminate/Foundation/Http/Kernel.php(200): Illuminate/Routing/Router->dispatch(Object(Illuminate/Http/Request))
#46 C:/Users/yyhy0/Herd/meeting.sisuu.com/backend/vendor/laravel/framework/src/Illuminate/Pipeline/Pipeline.php(144): Illuminate/Foundation/Http/Kernel->Illuminate/Foundation/Http/{closure}(Object(Illuminate/Http/Request))
#47 C:/Users/yyhy0/Herd/meeting.sisuu.com/backend/vendor/laravel/framework/src/Illuminate/Foundation/Http/Middleware/TransformsRequest.php(21): Illuminate/Pipeline/Pipeline->Illuminate/Pipeline/{closure}(Object(Illuminate/Http/Request))
#48 C:/Users/yyhy0/Herd/meeting.sisuu.com/backend/vendor/laravel/framework/src/Illuminate/Foundation/Http/Middleware/ConvertEmptyStringsToNull.php(31): Illuminate/Foundation/Http/Middleware/TransformsRequest->handle(Object(Illuminate/Http/Request), Object(Closure))
#49 C:/Users/yyhy0/Herd/meeting.sisuu.com/backend/vendor/laravel/framework/src/Illuminate/Pipeline/Pipeline.php(183): Illuminate/Foundation/Http/Middleware/ConvertEmptyStringsToNull->handle(Object(Illuminate/Http/Request), Object(Closure))
#50 C:/Users/yyhy0/Herd/meeting.sisuu.com/backend/vendor/laravel/framework/src/Illuminate/Foundation/Http/Middleware/TransformsRequest.php(21): Illuminate/Pipeline/Pipeline->Illuminate/Pipeline/{closure}(Object(Illuminate/Http/Request))
#51 C:/Users/yyhy0/Herd/meeting.sisuu.com/backend/vendor/laravel/framework/src/Illuminate/Foundation/Http/Middleware/TrimStrings.php(40): Illuminate/Foundation/Http/Middleware/TransformsRequest->handle(Object(Illuminate/Http/Request), Object(Closure))
#52 C:/Users/yyhy0/Herd/meeting.sisuu.com/backend/vendor/laravel/framework/src/Illuminate/Pipeline/Pipeline.php(183): Illuminate/Foundation/Http/Middleware/TrimStrings->handle(Object(Illuminate/Http/Request), Object(Closure))
#53 C:/Users/yyhy0/Herd/meeting.sisuu.com/backend/vendor/laravel/framework/src/Illuminate/Foundation/Http/Middleware/ValidatePostSize.php(27): Illuminate/Pipeline/Pipeline->Illuminate/Pipeline/{closure}(Object(Illuminate/Http/Request))
#54 C:/Users/yyhy0/Herd/meeting.sisuu.com/backend/vendor/laravel/framework/src/Illuminate/Pipeline/Pipeline.php(183): Illuminate/Foundation/Http/Middleware/ValidatePostSize->handle(Object(Illuminate/Http/Request), Object(Closure))
#55 C:/Users/yyhy0/Herd/meeting.sisuu.com/backend/vendor/laravel/framework/src/Illuminate/Foundation/Http/Middleware/PreventRequestsDuringMaintenance.php(99): Illuminate/Pipeline/Pipeline->Illuminate/Pipeline/{closure}(Object(Illuminate/Http/Request))
#56 C:/Users/yyhy0/Herd/meeting.sisuu.com/backend/vendor/laravel/framework/src/Illuminate/Pipeline/Pipeline.php(183): Illuminate/Foundation/Http/Middleware/PreventRequestsDuringMaintenance->handle(Object(Illuminate/Http/Request), Object(Closure))
#57 C:/Users/yyhy0/Herd/meeting.sisuu.com/backend/vendor/laravel/framework/src/Illuminate/Http/Middleware/HandleCors.php(49): Illuminate/Pipeline/Pipeline->Illuminate/Pipeline/{closure}(Object(Illuminate/Http/Request))
#58 C:/Users/yyhy0/Herd/meeting.sisuu.com/backend/vendor/laravel/framework/src/Illuminate/Pipeline/Pipeline.php(183): Illuminate/Http/Middleware/HandleCors->handle(Object(Illuminate/Http/Request), Object(Closure))
#59 C:/Users/yyhy0/Herd/meeting.sisuu.com/backend/vendor/laravel/framework/src/Illuminate/Http/Middleware/TrustProxies.php(39): Illuminate/Pipeline/Pipeline->Illuminate/Pipeline/{closure}(Object(Illuminate/Http/Request))
#60 C:/Users/yyhy0/Herd/meeting.sisuu.com/backend/vendor/laravel/framework/src/Illuminate/Pipeline/Pipeline.php(183): Illuminate/Http/Middleware/TrustProxies->handle(Object(Illuminate/Http/Request), Object(Closure))
#61 C:/Users/yyhy0/Herd/meeting.sisuu.com/backend/vendor/laravel/framework/src/Illuminate/Pipeline/Pipeline.php(119): Illuminate/Pipeline/Pipeline->Illuminate/Pipeline/{closure}(Object(Illuminate/Http/Request))
#62 C:/Users/yyhy0/Herd/meeting.sisuu.com/backend/vendor/laravel/framework/src/Illuminate/Foundation/Http/Kernel.php(175): Illuminate/Pipeline/Pipeline->then(Object(Closure))
#63 C:/Users/yyhy0/Herd/meeting.sisuu.com/backend/vendor/laravel/framework/src/Illuminate/Foundation/Http/Kernel.php(144): Illuminate/Foundation/Http/Kernel->sendRequestThroughRouter(Object(Illuminate/Http/Request))
#64 C:/Users/yyhy0/Herd/meeting.sisuu.com/backend/public/index.php(14): Illuminate/Foundation/Http/Kernel->handle(Object(Illuminate/Http/Request))
#65 {main}
"} 
[2026-05-26 23:25:31] local.ERROR: Database file at path [database/database.sqlite] does not exist. Ensure this is an absolute path to the database. (Connection: sqlite, SQL: PRAGMA foreign_keys = ON;) {"exception":"[object] (Illuminate\\Database\\QueryException(code: 0): Database file at path [database/database.sqlite] does not exist. Ensure this is an absolute path to the database. (Connection: sqlite, SQL: PRAGMA foreign_keys = ON;) at C:/Users/yyhy0/Herd/meeting.sisuu.com/backend/vendor/laravel/framework/src/Illuminate/Database/Connection.php:829)
[stacktrace]
#0 C:/Users/yyhy0/Herd/meeting.sisuu.com/backend/vendor/laravel/framework/src/Illuminate/Database/Connection.php(783): Illuminate/Database/Connection->runQueryCallback('PRAGMA foreign_...', Array, Object(Closure))
#1 C:/Users/yyhy0/Herd/meeting.sisuu.com/backend/vendor/laravel/framework/src/Illuminate/Database/Connection.php(576): Illuminate/Database/Connection->run('PRAGMA foreign_...', Array, Object(Closure))
#2 C:/Users/yyhy0/Herd/meeting.sisuu.com/backend/vendor/laravel/framework/src/Illuminate/Database/Schema/Builder.php(560): Illuminate/Database/Connection->statement('PRAGMA foreign_...')
#3 C:/Users/yyhy0/Herd/meeting.sisuu.com/backend/vendor/laravel/framework/src/Illuminate/Database/SQLiteConnection.php(36): Illuminate/Database/Schema/Builder->enableForeignKeyConstraints()
#4 C:/Users/yyhy0/Herd/meeting.sisuu.com/backend/vendor/laravel/framework/src/Illuminate/Database/Connectors/ConnectionFactory.php(272): Illuminate/Database/SQLiteConnection->__construct(Object(Closure), 'database/databa...', '', Array)
#5 C:/Users/yyhy0/Herd/meeting.sisuu.com/backend/vendor/laravel/framework/src/Illuminate/Database/Connectors/ConnectionFactory.php(75): Illuminate/Database/Connectors/ConnectionFactory->createConnection('sqlite', Object(Closure), 'database/databa...', '', Array)
#6 C:/Users/yyhy0/Herd/meeting.sisuu.com/backend/vendor/laravel/framework/src/Illuminate/Database/Connectors/ConnectionFactory.php(50): Illuminate/Database/Connectors/ConnectionFactory->createSingleConnection(Array)
#7 C:/Users/yyhy0/Herd/meeting.sisuu.com/backend/vendor/laravel/framework/src/Illuminate/Database/DatabaseManager.php(175): Illuminate/Database/Connectors/ConnectionFactory->make(Array, 'sqlite')
#8 C:/Users/yyhy0/Herd/meeting.sisuu.com/backend/vendor/laravel/framework/src/Illuminate/Database/DatabaseManager.php(101): Illuminate/Database/DatabaseManager->makeConnection('sqlite')
#9 C:/Users/yyhy0/Herd/meeting.sisuu.com/backend/vendor/laravel/framework/src/Illuminate/Database/Eloquent/Model.php(1820): Illuminate/Database/DatabaseManager->connection('sqlite')
#10 C:/Users/yyhy0/Herd/meeting.sisuu.com/backend/vendor/laravel/framework/src/Illuminate/Database/Eloquent/Model.php(1786): Illuminate/Database/Eloquent/Model::resolveConnection(NULL)
#11 C:/Users/yyhy0/Herd/meeting.sisuu.com/backend/vendor/laravel/framework/src/Illuminate/Database/Eloquent/Model.php(1577): Illuminate/Database/Eloquent/Model->getConnection()
#12 C:/Users/yyhy0/Herd/meeting.sisuu.com/backend/vendor/laravel/framework/src/Illuminate/Database/Eloquent/Model.php(1496): Illuminate/Database/Eloquent/Model->newBaseQueryBuilder()
#13 C:/Users/yyhy0/Herd/meeting.sisuu.com/backend/vendor/laravel/framework/src/Illuminate/Database/Eloquent/Model.php(1532): Illuminate/Database/Eloquent/Model->newModelQuery()
#14 C:/Users/yyhy0/Herd/meeting.sisuu.com/backend/vendor/laravel/framework/src/Illuminate/Database/Eloquent/Model.php(1485): Illuminate/Database/Eloquent/Model->newQueryWithoutScopes()
#15 C:/Users/yyhy0/Herd/meeting.sisuu.com/backend/vendor/laravel/framework/src/Illuminate/Database/Eloquent/Model.php(2335): Illuminate/Database/Eloquent/Model->newQuery()
#16 C:/Users/yyhy0/Herd/meeting.sisuu.com/backend/vendor/laravel/framework/src/Illuminate/Database/Eloquent/Model.php(2347): Illuminate/Database/Eloquent/Model->__call('where', Array)
#17 C:/Users/yyhy0/Herd/meeting.sisuu.com/backend/app/Http/Controllers/AuthController.php(19): Illuminate/Database/Eloquent/Model::__callStatic('where', Array)
#18 C:/Users/yyhy0/Herd/meeting.sisuu.com/backend/vendor/laravel/framework/src/Illuminate/Routing/Controller.php(54): App/Http/Controllers/AuthController->login(Object(Illuminate/Http/Request))
#19 C:/Users/yyhy0/Herd/meeting.sisuu.com/backend/vendor/laravel/framework/src/Illuminate/Routing/ControllerDispatcher.php(43): Illuminate/Routing/Controller->callAction('login', Array)
#20 C:/Users/yyhy0/Herd/meeting.sisuu.com/backend/vendor/laravel/framework/src/Illuminate/Routing/Route.php(259): Illuminate/Routing/ControllerDispatcher->dispatch(Object(Illuminate/Routing/Route), Object(App/Http/Controllers/AuthController), 'login')
#21 C:/Users/yyhy0/Herd/meeting.sisuu.com/backend/vendor/laravel/framework/src/Illuminate/Routing/Route.php(205): Illuminate/Routing/Route->runController()
#22 C:/Users/yyhy0/Herd/meeting.sisuu.com/backend/vendor/laravel/framework/src/Illuminate/Routing/Router.php(806): Illuminate/Routing/Route->run()
#23 C:/Users/yyhy0/Herd/meeting.sisuu.com/backend/vendor/laravel/framework/src/Illuminate/Pipeline/Pipeline.php(144): Illuminate/Routing/Router->Illuminate/Routing/{closure}(Object(Illuminate/Http/Request))
#24 C:/Users/yyhy0/Herd/meeting.sisuu.com/backend/vendor/laravel/framework/src/Illuminate/Routing/Middleware/SubstituteBindings.php(50): Illuminate/Pipeline/Pipeline->Illuminate/Pipeline/{closure}(Object(Illuminate/Http/Request))
#25 C:/Users/yyhy0/Herd/meeting.sisuu.com/backend/vendor/laravel/framework/src/Illuminate/Pipeline/Pipeline.php(183): Illuminate/Routing/Middleware/SubstituteBindings->handle(Object(Illuminate/Http/Request), Object(Closure))
#26 C:/Users/yyhy0/Herd/meeting.sisuu.com/backend/vendor/laravel/framework/src/Illuminate/Routing/Middleware/ThrottleRequests.php(159): Illuminate/Pipeline/Pipeline->Illuminate/Pipeline/{closure}(Object(Illuminate/Http/Request))
#27 C:/Users/yyhy0/Herd/meeting.sisuu.com/backend/vendor/laravel/framework/src/Illuminate/Routing/Middleware/ThrottleRequests.php(125): Illuminate/Routing/Middleware/ThrottleRequests->handleRequest(Object(Illuminate/Http/Request), Object(Closure), Array)
#28 C:/Users/yyhy0/Herd/meeting.sisuu.com/backend/vendor/laravel/framework/src/Illuminate/Routing/Middleware/ThrottleRequests.php(87): Illuminate/Routing/Middleware/ThrottleRequests->handleRequestUsingNamedLimiter(Object(Illuminate/Http/Request), Object(Closure), 'api', Object(Closure))
#29 C:/Users/yyhy0/Herd/meeting.sisuu.com/backend/vendor/laravel/framework/src/Illuminate/Pipeline/Pipeline.php(183): Illuminate/Routing/Middleware/ThrottleRequests->handle(Object(Illuminate/Http/Request), Object(Closure), 'api')
#30 C:/Users/yyhy0/Herd/meeting.sisuu.com/backend/vendor/laravel/sanctum/src/Http/Middleware/EnsureFrontendRequestsAreStateful.php(25): Illuminate/Pipeline/Pipeline->Illuminate/Pipeline/{closure}(Object(Illuminate/Http/Request))
#31 C:/Users/yyhy0/Herd/meeting.sisuu.com/backend/vendor/laravel/framework/src/Illuminate/Pipeline/Pipeline.php(144): Laravel/Sanctum/Http/Middleware/EnsureFrontendRequestsAreStateful->Laravel/Sanctum/Http/Middleware/{closure}(Object(Illuminate/Http/Request))
#32 C:/Users/yyhy0/Herd/meeting.sisuu.com/backend/vendor/laravel/framework/src/Illuminate/Pipeline/Pipeline.php(119): Illuminate/Pipeline/Pipeline->Illuminate/Pipeline/{closure}(Object(Illuminate/Http/Request))
#33 C:/Users/yyhy0/Herd/meeting.sisuu.com/backend/vendor/laravel/sanctum/src/Http/Middleware/EnsureFrontendRequestsAreStateful.php(24): Illuminate/Pipeline/Pipeline->then(Object(Closure))
#34 C:/Users/yyhy0/Herd/meeting.sisuu.com/backend/vendor/laravel/framework/src/Illuminate/Pipeline/Pipeline.php(183): Laravel/Sanctum/Http/Middleware/EnsureFrontendRequestsAreStateful->handle(Object(Illuminate/Http/Request), Object(Closure))
#35 C:/Users/yyhy0/Herd/meeting.sisuu.com/backend/vendor/laravel/framework/src/Illuminate/Pipeline/Pipeline.php(119): Illuminate/Pipeline/Pipeline->Illuminate/Pipeline/{closure}(Object(Illuminate/Http/Request))
#36 C:/Users/yyhy0/Herd/meeting.sisuu.com/backend/vendor/laravel/framework/src/Illuminate/Routing/Router.php(805): Illuminate/Pipeline/Pipeline->then(Object(Closure))
#37 C:/Users/yyhy0/Herd/meeting.sisuu.com/backend/vendor/laravel/framework/src/Illuminate/Routing/Router.php(784): Illuminate/Routing/Router->runRouteWithinStack(Object(Illuminate/Routing/Route), Object(Illuminate/Http/Request))
#38 C:/Users/yyhy0/Herd/meeting.sisuu.com/backend/vendor/laravel/framework/src/Illuminate/Routing/Router.php(748): Illuminate/Routing/Router->runRoute(Object(Illuminate/Http/Request), Object(Illuminate/Routing/Route))
#39 C:/Users/yyhy0/Herd/meeting.sisuu.com/backend/vendor/laravel/framework/src/Illuminate/Routing/Router.php(737): Illuminate/Routing/Router->dispatchToRoute(Object(Illuminate/Http/Request))
#40 C:/Users/yyhy0/Herd/meeting.sisuu.com/backend/vendor/laravel/framework/src/Illuminate/Foundation/Http/Kernel.php(200): Illuminate/Routing/Router->dispatch(Object(Illuminate/Http/Request))
#41 C:/Users/yyhy0/Herd/meeting.sisuu.com/backend/vendor/laravel/framework/src/Illuminate/Pipeline/Pipeline.php(144): Illuminate/Foundation/Http/Kernel->Illuminate/Foundation/Http/{closure}(Object(Illuminate/Http/Request))
#42 C:/Users/yyhy0/Herd/meeting.sisuu.com/backend/vendor/laravel/framework/src/Illuminate/Foundation/Http/Middleware/TransformsRequest.php(21): Illuminate/Pipeline/Pipeline->Illuminate/Pipeline/{closure}(Object(Illuminate/Http/Request))
#43 C:/Users/yyhy0/Herd/meeting.sisuu.com/backend/vendor/laravel/framework/src/Illuminate/Foundation/Http/Middleware/ConvertEmptyStringsToNull.php(31): Illuminate/Foundation/Http/Middleware/TransformsRequest->handle(Object(Illuminate/Http/Request), Object(Closure))
#44 C:/Users/yyhy0/Herd/meeting.sisuu.com/backend/vendor/laravel/framework/src/Illuminate/Pipeline/Pipeline.php(183): Illuminate/Foundation/Http/Middleware/ConvertEmptyStringsToNull->handle(Object(Illuminate/Http/Request), Object(Closure))
#45 C:/Users/yyhy0/Herd/meeting.sisuu.com/backend/vendor/laravel/framework/src/Illuminate/Foundation/Http/Middleware/TransformsRequest.php(21): Illuminate/Pipeline/Pipeline->Illuminate/Pipeline/{closure}(Object(Illuminate/Http/Request))
#46 C:/Users/yyhy0/Herd/meeting.sisuu.com/backend/vendor/laravel/framework/src/Illuminate/Foundation/Http/Middleware/TrimStrings.php(40): Illuminate/Foundation/Http/Middleware/TransformsRequest->handle(Object(Illuminate/Http/Request), Object(Closure))
#47 C:/Users/yyhy0/Herd/meeting.sisuu.com/backend/vendor/laravel/framework/src/Illuminate/Pipeline/Pipeline.php(183): Illuminate/Foundation/Http/Middleware/TrimStrings->handle(Object(Illuminate/Http/Request), Object(Closure))
#48 C:/Users/yyhy0/Herd/meeting.sisuu.com/backend/vendor/laravel/framework/src/Illuminate/Foundation/Http/Middleware/ValidatePostSize.php(27): Illuminate/Pipeline/Pipeline->Illuminate/Pipeline/{closure}(Object(Illuminate/Http/Request))
#49 C:/Users/yyhy0/Herd/meeting.sisuu.com/backend/vendor/laravel/framework/src/Illuminate/Pipeline/Pipeline.php(183): Illuminate/Foundation/Http/Middleware/ValidatePostSize->handle(Object(Illuminate/Http/Request), Object(Closure))
#50 C:/Users/yyhy0/Herd/meeting.sisuu.com/backend/vendor/laravel/framework/src/Illuminate/Foundation/Http/Middleware/PreventRequestsDuringMaintenance.php(99): Illuminate/Pipeline/Pipeline->Illuminate/Pipeline/{closure}(Object(Illuminate/Http/Request))
#51 C:/Users/yyhy0/Herd/meeting.sisuu.com/backend/vendor/laravel/framework/src/Illuminate/Pipeline/Pipeline.php(183): Illuminate/Foundation/Http/Middleware/PreventRequestsDuringMaintenance->handle(Object(Illuminate/Http/Request), Object(Closure))
#52 C:/Users/yyhy0/Herd/meeting.sisuu.com/backend/vendor/laravel/framework/src/Illuminate/Http/Middleware/HandleCors.php(49): Illuminate/Pipeline/Pipeline->Illuminate/Pipeline/{closure}(Object(Illuminate/Http/Request))
#53 C:/Users/yyhy0/Herd/meeting.sisuu.com/backend/vendor/laravel/framework/src/Illuminate/Pipeline/Pipeline.php(183): Illuminate/Http/Middleware/HandleCors->handle(Object(Illuminate/Http/Request), Object(Closure))
#54 C:/Users/yyhy0/Herd/meeting.sisuu.com/backend/vendor/laravel/framework/src/Illuminate/Http/Middleware/TrustProxies.php(39): Illuminate/Pipeline/Pipeline->Illuminate/Pipeline/{closure}(Object(Illuminate/Http/Request))
#55 C:/Users/yyhy0/Herd/meeting.sisuu.com/backend/vendor/laravel/framework/src/Illuminate/Pipeline/Pipeline.php(183): Illuminate/Http/Middleware/TrustProxies->handle(Object(Illuminate/Http/Request), Object(Closure))
#56 C:/Users/yyhy0/Herd/meeting.sisuu.com/backend/vendor/laravel/framework/src/Illuminate/Pipeline/Pipeline.php(119): Illuminate/Pipeline/Pipeline->Illuminate/Pipeline/{closure}(Object(Illuminate/Http/Request))
#57 C:/Users/yyhy0/Herd/meeting.sisuu.com/backend/vendor/laravel/framework/src/Illuminate/Foundation/Http/Kernel.php(175): Illuminate/Pipeline/Pipeline->then(Object(Closure))
#58 C:/Users/yyhy0/Herd/meeting.sisuu.com/backend/vendor/laravel/framework/src/Illuminate/Foundation/Http/Kernel.php(144): Illuminate/Foundation/Http/Kernel->sendRequestThroughRouter(Object(Illuminate/Http/Request))
#59 C:/Users/yyhy0/Herd/meeting.sisuu.com/backend/public/index.php(14): Illuminate/Foundation/Http/Kernel->handle(Object(Illuminate/Http/Request))
#60 {main}

[previous exception] [object] (Illuminate\\Database\\SQLiteDatabaseDoesNotExistException(code: 0): Database file at path [database/database.sqlite] does not exist. Ensure this is an absolute path to the database. at C:/Users/yyhy0/Herd/meeting.sisuu.com/backend/vendor/laravel/framework/src/Illuminate/Database/Connectors/SQLiteConnector.php:34)
[stacktrace]
#0 C:/Users/yyhy0/Herd/meeting.sisuu.com/backend/vendor/laravel/framework/src/Illuminate/Database/Connectors/ConnectionFactory.php(221): Illuminate/Database/Connectors/SQLiteConnector->connect(Array)
#1 [internal function]: Illuminate/Database/Connectors/ConnectionFactory->Illuminate/Database/Connectors/{closure}()
#2 C:/Users/yyhy0/Herd/meeting.sisuu.com/backend/vendor/laravel/framework/src/Illuminate/Database/Connection.php(1339): call_user_func(Object(Closure))
#3 C:/Users/yyhy0/Herd/meeting.sisuu.com/backend/vendor/laravel/framework/src/Illuminate/Database/Connection.php(581): Illuminate/Database/Connection->getPdo()
#4 C:/Users/yyhy0/Herd/meeting.sisuu.com/backend/vendor/laravel/framework/src/Illuminate/Database/Connection.php(816): Illuminate/Database/Connection->Illuminate/Database/{closure}('PRAGMA foreign_...', Array)
#5 C:/Users/yyhy0/Herd/meeting.sisuu.com/backend/vendor/laravel/framework/src/Illuminate/Database/Connection.php(783): Illuminate/Database/Connection->runQueryCallback('PRAGMA foreign_...', Array, Object(Closure))
#6 C:/Users/yyhy0/Herd/meeting.sisuu.com/backend/vendor/laravel/framework/src/Illuminate/Database/Connection.php(576): Illuminate/Database/Connection->run('PRAGMA foreign_...', Array, Object(Closure))
#7 C:/Users/yyhy0/Herd/meeting.sisuu.com/backend/vendor/laravel/framework/src/Illuminate/Database/Schema/Builder.php(560): Illuminate/Database/Connection->statement('PRAGMA foreign_...')
#8 C:/Users/yyhy0/Herd/meeting.sisuu.com/backend/vendor/laravel/framework/src/Illuminate/Database/SQLiteConnection.php(36): Illuminate/Database/Schema/Builder->enableForeignKeyConstraints()
#9 C:/Users/yyhy0/Herd/meeting.sisuu.com/backend/vendor/laravel/framework/src/Illuminate/Database/Connectors/ConnectionFactory.php(272): Illuminate/Database/SQLiteConnection->__construct(Object(Closure), 'database/databa...', '', Array)
#10 C:/Users/yyhy0/Herd/meeting.sisuu.com/backend/vendor/laravel/framework/src/Illuminate/Database/Connectors/ConnectionFactory.php(75): Illuminate/Database/Connectors/ConnectionFactory->createConnection('sqlite', Object(Closure), 'database/databa...', '', Array)
#11 C:/Users/yyhy0/Herd/meeting.sisuu.com/backend/vendor/laravel/framework/src/Illuminate/Database/Connectors/ConnectionFactory.php(50): Illuminate/Database/Connectors/ConnectionFactory->createSingleConnection(Array)
#12 C:/Users/yyhy0/Herd/meeting.sisuu.com/backend/vendor/laravel/framework/src/Illuminate/Database/DatabaseManager.php(175): Illuminate/Database/Connectors/ConnectionFactory->make(Array, 'sqlite')
#13 C:/Users/yyhy0/Herd/meeting.sisuu.com/backend/vendor/laravel/framework/src/Illuminate/Database/DatabaseManager.php(101): Illuminate/Database/DatabaseManager->makeConnection('sqlite')
#14 C:/Users/yyhy0/Herd/meeting.sisuu.com/backend/vendor/laravel/framework/src/Illuminate/Database/Eloquent/Model.php(1820): Illuminate/Database/DatabaseManager->connection('sqlite')
#15 C:/Users/yyhy0/Herd/meeting.sisuu.com/backend/vendor/laravel/framework/src/Illuminate/Database/Eloquent/Model.php(1786): Illuminate/Database/Eloquent/Model::resolveConnection(NULL)
#16 C:/Users/yyhy0/Herd/meeting.sisuu.com/backend/vendor/laravel/framework/src/Illuminate/Database/Eloquent/Model.php(1577): Illuminate/Database/Eloquent/Model->getConnection()
#17 C:/Users/yyhy0/Herd/meeting.sisuu.com/backend/vendor/laravel/framework/src/Illuminate/Database/Eloquent/Model.php(1496): Illuminate/Database/Eloquent/Model->newBaseQueryBuilder()
#18 C:/Users/yyhy0/Herd/meeting.sisuu.com/backend/vendor/laravel/framework/src/Illuminate/Database/Eloquent/Model.php(1532): Illuminate/Database/Eloquent/Model->newModelQuery()
#19 C:/Users/yyhy0/Herd/meeting.sisuu.com/backend/vendor/laravel/framework/src/Illuminate/Database/Eloquent/Model.php(1485): Illuminate/Database/Eloquent/Model->newQueryWithoutScopes()
#20 C:/Users/yyhy0/Herd/meeting.sisuu.com/backend/vendor/laravel/framework/src/Illuminate/Database/Eloquent/Model.php(2335): Illuminate/Database/Eloquent/Model->newQuery()
#21 C:/Users/yyhy0/Herd/meeting.sisuu.com/backend/vendor/laravel/framework/src/Illuminate/Database/Eloquent/Model.php(2347): Illuminate/Database/Eloquent/Model->__call('where', Array)
#22 C:/Users/yyhy0/Herd/meeting.sisuu.com/backend/app/Http/Controllers/AuthController.php(19): Illuminate/Database/Eloquent/Model::__callStatic('where', Array)
#23 C:/Users/yyhy0/Herd/meeting.sisuu.com/backend/vendor/laravel/framework/src/Illuminate/Routing/Controller.php(54): App/Http/Controllers/AuthController->login(Object(Illuminate/Http/Request))
#24 C:/Users/yyhy0/Herd/meeting.sisuu.com/backend/vendor/laravel/framework/src/Illuminate/Routing/ControllerDispatcher.php(43): Illuminate/Routing/Controller->callAction('login', Array)
#25 C:/Users/yyhy0/Herd/meeting.sisuu.com/backend/vendor/laravel/framework/src/Illuminate/Routing/Route.php(259): Illuminate/Routing/ControllerDispatcher->dispatch(Object(Illuminate/Routing/Route), Object(App/Http/Controllers/AuthController), 'login')
#26 C:/Users/yyhy0/Herd/meeting.sisuu.com/backend/vendor/laravel/framework/src/Illuminate/Routing/Route.php(205): Illuminate/Routing/Route->runController()
#27 C:/Users/yyhy0/Herd/meeting.sisuu.com/backend/vendor/laravel/framework/src/Illuminate/Routing/Router.php(806): Illuminate/Routing/Route->run()
#28 C:/Users/yyhy0/Herd/meeting.sisuu.com/backend/vendor/laravel/framework/src/Illuminate/Pipeline/Pipeline.php(144): Illuminate/Routing/Router->Illuminate/Routing/{closure}(Object(Illuminate/Http/Request))
#29 C:/Users/yyhy0/Herd/meeting.sisuu.com/backend/vendor/laravel/framework/src/Illuminate/Routing/Middleware/SubstituteBindings.php(50): Illuminate/Pipeline/Pipeline->Illuminate/Pipeline/{closure}(Object(Illuminate/Http/Request))
#30 C:/Users/yyhy0/Herd/meeting.sisuu.com/backend/vendor/laravel/framework/src/Illuminate/Pipeline/Pipeline.php(183): Illuminate/Routing/Middleware/SubstituteBindings->handle(Object(Illuminate/Http/Request), Object(Closure))
#31 C:/Users/yyhy0/Herd/meeting.sisuu.com/backend/vendor/laravel/framework/src/Illuminate/Routing/Middleware/ThrottleRequests.php(159): Illuminate/Pipeline/Pipeline->Illuminate/Pipeline/{closure}(Object(Illuminate/Http/Request))
#32 C:/Users/yyhy0/Herd/meeting.sisuu.com/backend/vendor/laravel/framework/src/Illuminate/Routing/Middleware/ThrottleRequests.php(125): Illuminate/Routing/Middleware/ThrottleRequests->handleRequest(Object(Illuminate/Http/Request), Object(Closure), Array)
#33 C:/Users/yyhy0/Herd/meeting.sisuu.com/backend/vendor/laravel/framework/src/Illuminate/Routing/Middleware/ThrottleRequests.php(87): Illuminate/Routing/Middleware/ThrottleRequests->handleRequestUsingNamedLimiter(Object(Illuminate/Http/Request), Object(Closure), 'api', Object(Closure))
#34 C:/Users/yyhy0/Herd/meeting.sisuu.com/backend/vendor/laravel/framework/src/Illuminate/Pipeline/Pipeline.php(183): Illuminate/Routing/Middleware/ThrottleRequests->handle(Object(Illuminate/Http/Request), Object(Closure), 'api')
#35 C:/Users/yyhy0/Herd/meeting.sisuu.com/backend/vendor/laravel/sanctum/src/Http/Middleware/EnsureFrontendRequestsAreStateful.php(25): Illuminate/Pipeline/Pipeline->Illuminate/Pipeline/{closure}(Object(Illuminate/Http/Request))
#36 C:/Users/yyhy0/Herd/meeting.sisuu.com/backend/vendor/laravel/framework/src/Illuminate/Pipeline/Pipeline.php(144): Laravel/Sanctum/Http/Middleware/EnsureFrontendRequestsAreStateful->Laravel/Sanctum/Http/Middleware/{closure}(Object(Illuminate/Http/Request))
#37 C:/Users/yyhy0/Herd/meeting.sisuu.com/backend/vendor/laravel/framework/src/Illuminate/Pipeline/Pipeline.php(119): Illuminate/Pipeline/Pipeline->Illuminate/Pipeline/{closure}(Object(Illuminate/Http/Request))
#38 C:/Users/yyhy0/Herd/meeting.sisuu.com/backend/vendor/laravel/sanctum/src/Http/Middleware/EnsureFrontendRequestsAreStateful.php(24): Illuminate/Pipeline/Pipeline->then(Object(Closure))
#39 C:/Users/yyhy0/Herd/meeting.sisuu.com/backend/vendor/laravel/framework/src/Illuminate/Pipeline/Pipeline.php(183): Laravel/Sanctum/Http/Middleware/EnsureFrontendRequestsAreStateful->handle(Object(Illuminate/Http/Request), Object(Closure))
#40 C:/Users/yyhy0/Herd/meeting.sisuu.com/backend/vendor/laravel/framework/src/Illuminate/Pipeline/Pipeline.php(119): Illuminate/Pipeline/Pipeline->Illuminate/Pipeline/{closure}(Object(Illuminate/Http/Request))
#41 C:/Users/yyhy0/Herd/meeting.sisuu.com/backend/vendor/laravel/framework/src/Illuminate/Routing/Router.php(805): Illuminate/Pipeline/Pipeline->then(Object(Closure))
#42 C:/Users/yyhy0/Herd/meeting.sisuu.com/backend/vendor/laravel/framework/src/Illuminate/Routing/Router.php(784): Illuminate/Routing/Router->runRouteWithinStack(Object(Illuminate/Routing/Route), Object(Illuminate/Http/Request))
#43 C:/Users/yyhy0/Herd/meeting.sisuu.com/backend/vendor/laravel/framework/src/Illuminate/Routing/Router.php(748): Illuminate/Routing/Router->runRoute(Object(Illuminate/Http/Request), Object(Illuminate/Routing/Route))
#44 C:/Users/yyhy0/Herd/meeting.sisuu.com/backend/vendor/laravel/framework/src/Illuminate/Routing/Router.php(737): Illuminate/Routing/Router->dispatchToRoute(Object(Illuminate/Http/Request))
#45 C:/Users/yyhy0/Herd/meeting.sisuu.com/backend/vendor/laravel/framework/src/Illuminate/Foundation/Http/Kernel.php(200): Illuminate/Routing/Router->dispatch(Object(Illuminate/Http/Request))
#46 C:/Users/yyhy0/Herd/meeting.sisuu.com/backend/vendor/laravel/framework/src/Illuminate/Pipeline/Pipeline.php(144): Illuminate/Foundation/Http/Kernel->Illuminate/Foundation/Http/{closure}(Object(Illuminate/Http/Request))
#47 C:/Users/yyhy0/Herd/meeting.sisuu.com/backend/vendor/laravel/framework/src/Illuminate/Foundation/Http/Middleware/TransformsRequest.php(21): Illuminate/Pipeline/Pipeline->Illuminate/Pipeline/{closure}(Object(Illuminate/Http/Request))
#48 C:/Users/yyhy0/Herd/meeting.sisuu.com/backend/vendor/laravel/framework/src/Illuminate/Foundation/Http/Middleware/ConvertEmptyStringsToNull.php(31): Illuminate/Foundation/Http/Middleware/TransformsRequest->handle(Object(Illuminate/Http/Request), Object(Closure))
#49 C:/Users/yyhy0/Herd/meeting.sisuu.com/backend/vendor/laravel/framework/src/Illuminate/Pipeline/Pipeline.php(183): Illuminate/Foundation/Http/Middleware/ConvertEmptyStringsToNull->handle(Object(Illuminate/Http/Request), Object(Closure))
#50 C:/Users/yyhy0/Herd/meeting.sisuu.com/backend/vendor/laravel/framework/src/Illuminate/Foundation/Http/Middleware/TransformsRequest.php(21): Illuminate/Pipeline/Pipeline->Illuminate/Pipeline/{closure}(Object(Illuminate/Http/Request))
#51 C:/Users/yyhy0/Herd/meeting.sisuu.com/backend/vendor/laravel/framework/src/Illuminate/Foundation/Http/Middleware/TrimStrings.php(40): Illuminate/Foundation/Http/Middleware/TransformsRequest->handle(Object(Illuminate/Http/Request), Object(Closure))
#52 C:/Users/yyhy0/Herd/meeting.sisuu.com/backend/vendor/laravel/framework/src/Illuminate/Pipeline/Pipeline.php(183): Illuminate/Foundation/Http/Middleware/TrimStrings->handle(Object(Illuminate/Http/Request), Object(Closure))
#53 C:/Users/yyhy0/Herd/meeting.sisuu.com/backend/vendor/laravel/framework/src/Illuminate/Foundation/Http/Middleware/ValidatePostSize.php(27): Illuminate/Pipeline/Pipeline->Illuminate/Pipeline/{closure}(Object(Illuminate/Http/Request))
#54 C:/Users/yyhy0/Herd/meeting.sisuu.com/backend/vendor/laravel/framework/src/Illuminate/Pipeline/Pipeline.php(183): Illuminate/Foundation/Http/Middleware/ValidatePostSize->handle(Object(Illuminate/Http/Request), Object(Closure))
#55 C:/Users/yyhy0/Herd/meeting.sisuu.com/backend/vendor/laravel/framework/src/Illuminate/Foundation/Http/Middleware/PreventRequestsDuringMaintenance.php(99): Illuminate/Pipeline/Pipeline->Illuminate/Pipeline/{closure}(Object(Illuminate/Http/Request))
#56 C:/Users/yyhy0/Herd/meeting.sisuu.com/backend/vendor/laravel/framework/src/Illuminate/Pipeline/Pipeline.php(183): Illuminate/Foundation/Http/Middleware/PreventRequestsDuringMaintenance->handle(Object(Illuminate/Http/Request), Object(Closure))
#57 C:/Users/yyhy0/Herd/meeting.sisuu.com/backend/vendor/laravel/framework/src/Illuminate/Http/Middleware/HandleCors.php(49): Illuminate/Pipeline/Pipeline->Illuminate/Pipeline/{closure}(Object(Illuminate/Http/Request))
#58 C:/Users/yyhy0/Herd/meeting.sisuu.com/backend/vendor/laravel/framework/src/Illuminate/Pipeline/Pipeline.php(183): Illuminate/Http/Middleware/HandleCors->handle(Object(Illuminate/Http/Request), Object(Closure))
#59 C:/Users/yyhy0/Herd/meeting.sisuu.com/backend/vendor/laravel/framework/src/Illuminate/Http/Middleware/TrustProxies.php(39): Illuminate/Pipeline/Pipeline->Illuminate/Pipeline/{closure}(Object(Illuminate/Http/Request))
#60 C:/Users/yyhy0/Herd/meeting.sisuu.com/backend/vendor/laravel/framework/src/Illuminate/Pipeline/Pipeline.php(183): Illuminate/Http/Middleware/TrustProxies->handle(Object(Illuminate/Http/Request), Object(Closure))
#61 C:/Users/yyhy0/Herd/meeting.sisuu.com/backend/vendor/laravel/framework/src/Illuminate/Pipeline/Pipeline.php(119): Illuminate/Pipeline/Pipeline->Illuminate/Pipeline/{closure}(Object(Illuminate/Http/Request))
#62 C:/Users/yyhy0/Herd/meeting.sisuu.com/backend/vendor/laravel/framework/src/Illuminate/Foundation/Http/Kernel.php(175): Illuminate/Pipeline/Pipeline->then(Object(Closure))
#63 C:/Users/yyhy0/Herd/meeting.sisuu.com/backend/vendor/laravel/framework/src/Illuminate/Foundation/Http/Kernel.php(144): Illuminate/Foundation/Http/Kernel->sendRequestThroughRouter(Object(Illuminate/Http/Request))
#64 C:/Users/yyhy0/Herd/meeting.sisuu.com/backend/public/index.php(14): Illuminate/Foundation/Http/Kernel->handle(Object(Illuminate/Http/Request))
#65 {main}
"} 
[2026-05-26 23:28:31] local.ERROR: Unsupported cipher or incorrect key length. Supported ciphers are: aes-128-cbc, aes-256-cbc, aes-128-gcm, aes-256-gcm. {"exception":"[object] (RuntimeException(code: 0): Unsupported cipher or incorrect key length. Supported ciphers are: aes-128-cbc, aes-256-cbc, aes-128-gcm, aes-256-gcm. at C:/Users/yyhy0/Herd/meeting.sisuu.com/backend/vendor/laravel/framework/src/Illuminate/Encryption/Encrypter.php:55)
[stacktrace]
#0 C:/Users/yyhy0/Herd/meeting.sisuu.com/backend/vendor/laravel/framework/src/Illuminate/Encryption/EncryptionServiceProvider.php(32): Illuminate/Encryption/Encrypter->__construct('/xEC/x9Cw/x7F/xC6/x8B/xF6/xE5/xBA/xB5/x8D/xA9CJ/xCD...', 'AES-256-CBC')
#1 C:/Users/yyhy0/Herd/meeting.sisuu.com/backend/vendor/laravel/framework/src/Illuminate/Container/Container.php(908): Illuminate/Encryption/EncryptionServiceProvider->Illuminate/Encryption/{closure}(Object(Illuminate/Foundation/Application), Array)
#2 C:/Users/yyhy0/Herd/meeting.sisuu.com/backend/vendor/laravel/framework/src/Illuminate/Container/Container.php(795): Illuminate/Container/Container->build(Object(Closure))
#3 C:/Users/yyhy0/Herd/meeting.sisuu.com/backend/vendor/laravel/framework/src/Illuminate/Foundation/Application.php(986): Illuminate/Container/Container->resolve('encrypter', Array, true)
#4 C:/Users/yyhy0/Herd/meeting.sisuu.com/backend/vendor/laravel/framework/src/Illuminate/Container/Container.php(731): Illuminate/Foundation/Application->resolve('encrypter', Array)
#5 C:/Users/yyhy0/Herd/meeting.sisuu.com/backend/vendor/laravel/framework/src/Illuminate/Foundation/Application.php(971): Illuminate/Container/Container->make('encrypter', Array)
#6 C:/Users/yyhy0/Herd/meeting.sisuu.com/backend/vendor/laravel/framework/src/Illuminate/Container/Container.php(1066): Illuminate/Foundation/Application->make('encrypter')
#7 C:/Users/yyhy0/Herd/meeting.sisuu.com/backend/vendor/laravel/framework/src/Illuminate/Container/Container.php(982): Illuminate/Container/Container->resolveClass(Object(ReflectionParameter))
#8 C:/Users/yyhy0/Herd/meeting.sisuu.com/backend/vendor/laravel/framework/src/Illuminate/Container/Container.php(943): Illuminate/Container/Container->resolveDependencies(Array)
#9 C:/Users/yyhy0/Herd/meeting.sisuu.com/backend/vendor/laravel/framework/src/Illuminate/Container/Container.php(795): Illuminate/Container/Container->build('App//Http//Middle...')
#10 C:/Users/yyhy0/Herd/meeting.sisuu.com/backend/vendor/laravel/framework/src/Illuminate/Foundation/Application.php(986): Illuminate/Container/Container->resolve('App//Http//Middle...', Array, true)
#11 C:/Users/yyhy0/Herd/meeting.sisuu.com/backend/vendor/laravel/framework/src/Illuminate/Container/Container.php(731): Illuminate/Foundation/Application->resolve('App//Http//Middle...', Array)
#12 C:/Users/yyhy0/Herd/meeting.sisuu.com/backend/vendor/laravel/framework/src/Illuminate/Foundation/Application.php(971): Illuminate/Container/Container->make('App//Http//Middle...', Array)
#13 C:/Users/yyhy0/Herd/meeting.sisuu.com/backend/vendor/laravel/framework/src/Illuminate/Pipeline/Pipeline.php(172): Illuminate/Foundation/Application->make('App//Http//Middle...')
#14 C:/Users/yyhy0/Herd/meeting.sisuu.com/backend/vendor/laravel/framework/src/Illuminate/Pipeline/Pipeline.php(119): Illuminate/Pipeline/Pipeline->Illuminate/Pipeline/{closure}(Object(Illuminate/Http/Request))
#15 C:/Users/yyhy0/Herd/meeting.sisuu.com/backend/vendor/laravel/framework/src/Illuminate/Routing/Router.php(805): Illuminate/Pipeline/Pipeline->then(Object(Closure))
#16 C:/Users/yyhy0/Herd/meeting.sisuu.com/backend/vendor/laravel/framework/src/Illuminate/Routing/Router.php(784): Illuminate/Routing/Router->runRouteWithinStack(Object(Illuminate/Routing/Route), Object(Illuminate/Http/Request))
#17 C:/Users/yyhy0/Herd/meeting.sisuu.com/backend/vendor/laravel/framework/src/Illuminate/Routing/Router.php(748): Illuminate/Routing/Router->runRoute(Object(Illuminate/Http/Request), Object(Illuminate/Routing/Route))
#18 C:/Users/yyhy0/Herd/meeting.sisuu.com/backend/vendor/laravel/framework/src/Illuminate/Routing/Router.php(737): Illuminate/Routing/Router->dispatchToRoute(Object(Illuminate/Http/Request))
#19 C:/Users/yyhy0/Herd/meeting.sisuu.com/backend/vendor/laravel/framework/src/Illuminate/Foundation/Http/Kernel.php(200): Illuminate/Routing/Router->dispatch(Object(Illuminate/Http/Request))
#20 C:/Users/yyhy0/Herd/meeting.sisuu.com/backend/vendor/laravel/framework/src/Illuminate/Pipeline/Pipeline.php(144): Illuminate/Foundation/Http/Kernel->Illuminate/Foundation/Http/{closure}(Object(Illuminate/Http/Request))
#21 C:/Users/yyhy0/Herd/meeting.sisuu.com/backend/vendor/laravel/framework/src/Illuminate/Foundation/Http/Middleware/TransformsRequest.php(21): Illuminate/Pipeline/Pipeline->Illuminate/Pipeline/{closure}(Object(Illuminate/Http/Request))
#22 C:/Users/yyhy0/Herd/meeting.sisuu.com/backend/vendor/laravel/framework/src/Illuminate/Foundation/Http/Middleware/ConvertEmptyStringsToNull.php(31): Illuminate/Foundation/Http/Middleware/TransformsRequest->handle(Object(Illuminate/Http/Request), Object(Closure))
#23 C:/Users/yyhy0/Herd/meeting.sisuu.com/backend/vendor/laravel/framework/src/Illuminate/Pipeline/Pipeline.php(183): Illuminate/Foundation/Http/Middleware/ConvertEmptyStringsToNull->handle(Object(Illuminate/Http/Request), Object(Closure))
#24 C:/Users/yyhy0/Herd/meeting.sisuu.com/backend/vendor/laravel/framework/src/Illuminate/Foundation/Http/Middleware/TransformsRequest.php(21): Illuminate/Pipeline/Pipeline->Illuminate/Pipeline/{closure}(Object(Illuminate/Http/Request))
#25 C:/Users/yyhy0/Herd/meeting.sisuu.com/backend/vendor/laravel/framework/src/Illuminate/Foundation/Http/Middleware/TrimStrings.php(40): Illuminate/Foundation/Http/Middleware/TransformsRequest->handle(Object(Illuminate/Http/Request), Object(Closure))
#26 C:/Users/yyhy0/Herd/meeting.sisuu.com/backend/vendor/laravel/framework/src/Illuminate/Pipeline/Pipeline.php(183): Illuminate/Foundation/Http/Middleware/TrimStrings->handle(Object(Illuminate/Http/Request), Object(Closure))
#27 C:/Users/yyhy0/Herd/meeting.sisuu.com/backend/vendor/laravel/framework/src/Illuminate/Foundation/Http/Middleware/ValidatePostSize.php(27): Illuminate/Pipeline/Pipeline->Illuminate/Pipeline/{closure}(Object(Illuminate/Http/Request))
#28 C:/Users/yyhy0/Herd/meeting.sisuu.com/backend/vendor/laravel/framework/src/Illuminate/Pipeline/Pipeline.php(183): Illuminate/Foundation/Http/Middleware/ValidatePostSize->handle(Object(Illuminate/Http/Request), Object(Closure))
#29 C:/Users/yyhy0/Herd/meeting.sisuu.com/backend/vendor/laravel/framework/src/Illuminate/Foundation/Http/Middleware/PreventRequestsDuringMaintenance.php(99): Illuminate/Pipeline/Pipeline->Illuminate/Pipeline/{closure}(Object(Illuminate/Http/Request))
#30 C:/Users/yyhy0/Herd/meeting.sisuu.com/backend/vendor/laravel/framework/src/Illuminate/Pipeline/Pipeline.php(183): Illuminate/Foundation/Http/Middleware/PreventRequestsDuringMaintenance->handle(Object(Illuminate/Http/Request), Object(Closure))
#31 C:/Users/yyhy0/Herd/meeting.sisuu.com/backend/vendor/laravel/framework/src/Illuminate/Http/Middleware/HandleCors.php(49): Illuminate/Pipeline/Pipeline->Illuminate/Pipeline/{closure}(Object(Illuminate/Http/Request))
#32 C:/Users/yyhy0/Herd/meeting.sisuu.com/backend/vendor/laravel/framework/src/Illuminate/Pipeline/Pipeline.php(183): Illuminate/Http/Middleware/HandleCors->handle(Object(Illuminate/Http/Request), Object(Closure))
#33 C:/Users/yyhy0/Herd/meeting.sisuu.com/backend/vendor/laravel/framework/src/Illuminate/Http/Middleware/TrustProxies.php(39): Illuminate/Pipeline/Pipeline->Illuminate/Pipeline/{closure}(Object(Illuminate/Http/Request))
#34 C:/Users/yyhy0/Herd/meeting.sisuu.com/backend/vendor/laravel/framework/src/Illuminate/Pipeline/Pipeline.php(183): Illuminate/Http/Middleware/TrustProxies->handle(Object(Illuminate/Http/Request), Object(Closure))
#35 C:/Users/yyhy0/Herd/meeting.sisuu.com/backend/vendor/laravel/framework/src/Illuminate/Pipeline/Pipeline.php(119): Illuminate/Pipeline/Pipeline->Illuminate/Pipeline/{closure}(Object(Illuminate/Http/Request))
#36 C:/Users/yyhy0/Herd/meeting.sisuu.com/backend/vendor/laravel/framework/src/Illuminate/Foundation/Http/Kernel.php(175): Illuminate/Pipeline/Pipeline->then(Object(Closure))
#37 C:/Users/yyhy0/Herd/meeting.sisuu.com/backend/vendor/laravel/framework/src/Illuminate/Foundation/Http/Kernel.php(144): Illuminate/Foundation/Http/Kernel->sendRequestThroughRouter(Object(Illuminate/Http/Request))
#38 C:/Users/yyhy0/Herd/meeting.sisuu.com/backend/public/index.php(14): Illuminate/Foundation/Http/Kernel->handle(Object(Illuminate/Http/Request))
#39 {main}
"} 
[2026-05-26 23:28:31] local.ERROR: Unsupported cipher or incorrect key length. Supported ciphers are: aes-128-cbc, aes-256-cbc, aes-128-gcm, aes-256-gcm. {"exception":"[object] (RuntimeException(code: 0): Unsupported cipher or incorrect key length. Supported ciphers are: aes-128-cbc, aes-256-cbc, aes-128-gcm, aes-256-gcm. at C:/Users/yyhy0/Herd/meeting.sisuu.com/backend/vendor/laravel/framework/src/Illuminate/Encryption/Encrypter.php:55)
[stacktrace]
#0 C:/Users/yyhy0/Herd/meeting.sisuu.com/backend/vendor/laravel/framework/src/Illuminate/Encryption/EncryptionServiceProvider.php(32): Illuminate/Encryption/Encrypter->__construct('/xEC/x9Cw/x7F/xC6/x8B/xF6/xE5/xBA/xB5/x8D/xA9CJ/xCD...', 'AES-256-CBC')
#1 C:/Users/yyhy0/Herd/meeting.sisuu.com/backend/vendor/laravel/framework/src/Illuminate/Container/Container.php(908): Illuminate/Encryption/EncryptionServiceProvider->Illuminate/Encryption/{closure}(Object(Illuminate/Foundation/Application), Array)
#2 C:/Users/yyhy0/Herd/meeting.sisuu.com/backend/vendor/laravel/framework/src/Illuminate/Container/Container.php(795): Illuminate/Container/Container->build(Object(Closure))
#3 C:/Users/yyhy0/Herd/meeting.sisuu.com/backend/vendor/laravel/framework/src/Illuminate/Foundation/Application.php(986): Illuminate/Container/Container->resolve('encrypter', Array, true)
#4 C:/Users/yyhy0/Herd/meeting.sisuu.com/backend/vendor/laravel/framework/src/Illuminate/Container/Container.php(731): Illuminate/Foundation/Application->resolve('encrypter', Array)
#5 C:/Users/yyhy0/Herd/meeting.sisuu.com/backend/vendor/laravel/framework/src/Illuminate/Foundation/Application.php(971): Illuminate/Container/Container->make('encrypter', Array)
#6 C:/Users/yyhy0/Herd/meeting.sisuu.com/backend/vendor/laravel/framework/src/Illuminate/Container/Container.php(1066): Illuminate/Foundation/Application->make('encrypter')
#7 C:/Users/yyhy0/Herd/meeting.sisuu.com/backend/vendor/laravel/framework/src/Illuminate/Container/Container.php(982): Illuminate/Container/Container->resolveClass(Object(ReflectionParameter))
#8 C:/Users/yyhy0/Herd/meeting.sisuu.com/backend/vendor/laravel/framework/src/Illuminate/Container/Container.php(943): Illuminate/Container/Container->resolveDependencies(Array)
#9 C:/Users/yyhy0/Herd/meeting.sisuu.com/backend/vendor/laravel/framework/src/Illuminate/Container/Container.php(795): Illuminate/Container/Container->build('App//Http//Middle...')
#10 C:/Users/yyhy0/Herd/meeting.sisuu.com/backend/vendor/laravel/framework/src/Illuminate/Foundation/Application.php(986): Illuminate/Container/Container->resolve('App//Http//Middle...', Array, true)
#11 C:/Users/yyhy0/Herd/meeting.sisuu.com/backend/vendor/laravel/framework/src/Illuminate/Container/Container.php(731): Illuminate/Foundation/Application->resolve('App//Http//Middle...', Array)
#12 C:/Users/yyhy0/Herd/meeting.sisuu.com/backend/vendor/laravel/framework/src/Illuminate/Foundation/Application.php(971): Illuminate/Container/Container->make('App//Http//Middle...', Array)
#13 C:/Users/yyhy0/Herd/meeting.sisuu.com/backend/vendor/laravel/framework/src/Illuminate/Foundation/Http/Kernel.php(255): Illuminate/Foundation/Application->make('App//Http//Middle...')
#14 C:/Users/yyhy0/Herd/meeting.sisuu.com/backend/vendor/laravel/framework/src/Illuminate/Foundation/Http/Kernel.php(213): Illuminate/Foundation/Http/Kernel->terminateMiddleware(Object(Illuminate/Http/Request), Object(Illuminate/Http/Response))
#15 C:/Users/yyhy0/Herd/meeting.sisuu.com/backend/public/index.php(18): Illuminate/Foundation/Http/Kernel->terminate(Object(Illuminate/Http/Request), Object(Illuminate/Http/Response))
#16 {main}
"} 
[2026-05-27 00:05:38] local.ERROR: Route [login] not defined. {"exception":"[object] (Symfony\\Component\\Routing\\Exception\\RouteNotFoundException(code: 0): Route [login] not defined. at C:/Users/yyhy0/Herd/meeting.sisuu.com/backend/vendor/laravel/framework/src/Illuminate/Routing/UrlGenerator.php:477)
[stacktrace]
#0 C:/Users/yyhy0/Herd/meeting.sisuu.com/backend/vendor/laravel/framework/src/Illuminate/Foundation/helpers.php(811): Illuminate/Routing/UrlGenerator->route('login', Array, true)
#1 C:/Users/yyhy0/Herd/meeting.sisuu.com/backend/app/Http/Middleware/Authenticate.php(12): route('login')
#2 C:/Users/yyhy0/Herd/meeting.sisuu.com/backend/vendor/laravel/framework/src/Illuminate/Auth/Middleware/Authenticate.php(96): App/Http/Middleware/Authenticate->redirectTo(Object(Illuminate/Http/Request))
#3 C:/Users/yyhy0/Herd/meeting.sisuu.com/backend/vendor/laravel/framework/src/Illuminate/Auth/Middleware/Authenticate.php(81): Illuminate/Auth/Middleware/Authenticate->unauthenticated(Object(Illuminate/Http/Request), Array)
#4 C:/Users/yyhy0/Herd/meeting.sisuu.com/backend/vendor/laravel/framework/src/Illuminate/Auth/Middleware/Authenticate.php(55): Illuminate/Auth/Middleware/Authenticate->authenticate(Object(Illuminate/Http/Request), Array)
#5 C:/Users/yyhy0/Herd/meeting.sisuu.com/backend/vendor/laravel/framework/src/Illuminate/Pipeline/Pipeline.php(183): Illuminate/Auth/Middleware/Authenticate->handle(Object(Illuminate/Http/Request), Object(Closure), 'sanctum')
#6 C:/Users/yyhy0/Herd/meeting.sisuu.com/backend/vendor/laravel/sanctum/src/Http/Middleware/EnsureFrontendRequestsAreStateful.php(25): Illuminate/Pipeline/Pipeline->Illuminate/Pipeline/{closure}(Object(Illuminate/Http/Request))
#7 C:/Users/yyhy0/Herd/meeting.sisuu.com/backend/vendor/laravel/framework/src/Illuminate/Pipeline/Pipeline.php(144): Laravel/Sanctum/Http/Middleware/EnsureFrontendRequestsAreStateful->Laravel/Sanctum/Http/Middleware/{closure}(Object(Illuminate/Http/Request))
#8 C:/Users/yyhy0/Herd/meeting.sisuu.com/backend/vendor/laravel/framework/src/Illuminate/Pipeline/Pipeline.php(119): Illuminate/Pipeline/Pipeline->Illuminate/Pipeline/{closure}(Object(Illuminate/Http/Request))
#9 C:/Users/yyhy0/Herd/meeting.sisuu.com/backend/vendor/laravel/sanctum/src/Http/Middleware/EnsureFrontendRequestsAreStateful.php(24): Illuminate/Pipeline/Pipeline->then(Object(Closure))
#10 C:/Users/yyhy0/Herd/meeting.sisuu.com/backend/vendor/laravel/framework/src/Illuminate/Pipeline/Pipeline.php(183): Laravel/Sanctum/Http/Middleware/EnsureFrontendRequestsAreStateful->handle(Object(Illuminate/Http/Request), Object(Closure))
#11 C:/Users/yyhy0/Herd/meeting.sisuu.com/backend/vendor/laravel/framework/src/Illuminate/Pipeline/Pipeline.php(119): Illuminate/Pipeline/Pipeline->Illuminate/Pipeline/{closure}(Object(Illuminate/Http/Request))
#12 C:/Users/yyhy0/Herd/meeting.sisuu.com/backend/vendor/laravel/framework/src/Illuminate/Routing/Router.php(805): Illuminate/Pipeline/Pipeline->then(Object(Closure))
#13 C:/Users/yyhy0/Herd/meeting.sisuu.com/backend/vendor/laravel/framework/src/Illuminate/Routing/Router.php(784): Illuminate/Routing/Router->runRouteWithinStack(Object(Illuminate/Routing/Route), Object(Illuminate/Http/Request))
#14 C:/Users/yyhy0/Herd/meeting.sisuu.com/backend/vendor/laravel/framework/src/Illuminate/Routing/Router.php(748): Illuminate/Routing/Router->runRoute(Object(Illuminate/Http/Request), Object(Illuminate/Routing/Route))
#15 C:/Users/yyhy0/Herd/meeting.sisuu.com/backend/vendor/laravel/framework/src/Illuminate/Routing/Router.php(737): Illuminate/Routing/Router->dispatchToRoute(Object(Illuminate/Http/Request))
#16 C:/Users/yyhy0/Herd/meeting.sisuu.com/backend/vendor/laravel/framework/src/Illuminate/Foundation/Http/Kernel.php(200): Illuminate/Routing/Router->dispatch(Object(Illuminate/Http/Request))
#17 C:/Users/yyhy0/Herd/meeting.sisuu.com/backend/vendor/laravel/framework/src/Illuminate/Pipeline/Pipeline.php(144): Illuminate/Foundation/Http/Kernel->Illuminate/Foundation/Http/{closure}(Object(Illuminate/Http/Request))
#18 C:/Users/yyhy0/Herd/meeting.sisuu.com/backend/vendor/laravel/framework/src/Illuminate/Foundation/Http/Middleware/TransformsRequest.php(21): Illuminate/Pipeline/Pipeline->Illuminate/Pipeline/{closure}(Object(Illuminate/Http/Request))
#19 C:/Users/yyhy0/Herd/meeting.sisuu.com/backend/vendor/laravel/framework/src/Illuminate/Foundation/Http/Middleware/ConvertEmptyStringsToNull.php(31): Illuminate/Foundation/Http/Middleware/TransformsRequest->handle(Object(Illuminate/Http/Request), Object(Closure))
#20 C:/Users/yyhy0/Herd/meeting.sisuu.com/backend/vendor/laravel/framework/src/Illuminate/Pipeline/Pipeline.php(183): Illuminate/Foundation/Http/Middleware/ConvertEmptyStringsToNull->handle(Object(Illuminate/Http/Request), Object(Closure))
#21 C:/Users/yyhy0/Herd/meeting.sisuu.com/backend/vendor/laravel/framework/src/Illuminate/Foundation/Http/Middleware/TransformsRequest.php(21): Illuminate/Pipeline/Pipeline->Illuminate/Pipeline/{closure}(Object(Illuminate/Http/Request))
#22 C:/Users/yyhy0/Herd/meeting.sisuu.com/backend/vendor/laravel/framework/src/Illuminate/Foundation/Http/Middleware/TrimStrings.php(40): Illuminate/Foundation/Http/Middleware/TransformsRequest->handle(Object(Illuminate/Http/Request), Object(Closure))
#23 C:/Users/yyhy0/Herd/meeting.sisuu.com/backend/vendor/laravel/framework/src/Illuminate/Pipeline/Pipeline.php(183): Illuminate/Foundation/Http/Middleware/TrimStrings->handle(Object(Illuminate/Http/Request), Object(Closure))
#24 C:/Users/yyhy0/Herd/meeting.sisuu.com/backend/vendor/laravel/framework/src/Illuminate/Foundation/Http/Middleware/ValidatePostSize.php(27): Illuminate/Pipeline/Pipeline->Illuminate/Pipeline/{closure}(Object(Illuminate/Http/Request))
#25 C:/Users/yyhy0/Herd/meeting.sisuu.com/backend/vendor/laravel/framework/src/Illuminate/Pipeline/Pipeline.php(183): Illuminate/Foundation/Http/Middleware/ValidatePostSize->handle(Object(Illuminate/Http/Request), Object(Closure))
#26 C:/Users/yyhy0/Herd/meeting.sisuu.com/backend/vendor/laravel/framework/src/Illuminate/Foundation/Http/Middleware/PreventRequestsDuringMaintenance.php(99): Illuminate/Pipeline/Pipeline->Illuminate/Pipeline/{closure}(Object(Illuminate/Http/Request))
#27 C:/Users/yyhy0/Herd/meeting.sisuu.com/backend/vendor/laravel/framework/src/Illuminate/Pipeline/Pipeline.php(183): Illuminate/Foundation/Http/Middleware/PreventRequestsDuringMaintenance->handle(Object(Illuminate/Http/Request), Object(Closure))
#28 C:/Users/yyhy0/Herd/meeting.sisuu.com/backend/vendor/laravel/framework/src/Illuminate/Http/Middleware/HandleCors.php(49): Illuminate/Pipeline/Pipeline->Illuminate/Pipeline/{closure}(Object(Illuminate/Http/Request))
#29 C:/Users/yyhy0/Herd/meeting.sisuu.com/backend/vendor/laravel/framework/src/Illuminate/Pipeline/Pipeline.php(183): Illuminate/Http/Middleware/HandleCors->handle(Object(Illuminate/Http/Request), Object(Closure))
#30 C:/Users/yyhy0/Herd/meeting.sisuu.com/backend/vendor/laravel/framework/src/Illuminate/Http/Middleware/TrustProxies.php(39): Illuminate/Pipeline/Pipeline->Illuminate/Pipeline/{closure}(Object(Illuminate/Http/Request))
#31 C:/Users/yyhy0/Herd/meeting.sisuu.com/backend/vendor/laravel/framework/src/Illuminate/Pipeline/Pipeline.php(183): Illuminate/Http/Middleware/TrustProxies->handle(Object(Illuminate/Http/Request), Object(Closure))
#32 C:/Users/yyhy0/Herd/meeting.sisuu.com/backend/vendor/laravel/framework/src/Illuminate/Pipeline/Pipeline.php(119): Illuminate/Pipeline/Pipeline->Illuminate/Pipeline/{closure}(Object(Illuminate/Http/Request))
#33 C:/Users/yyhy0/Herd/meeting.sisuu.com/backend/vendor/laravel/framework/src/Illuminate/Foundation/Http/Kernel.php(175): Illuminate/Pipeline/Pipeline->then(Object(Closure))
#34 C:/Users/yyhy0/Herd/meeting.sisuu.com/backend/vendor/laravel/framework/src/Illuminate/Foundation/Http/Kernel.php(144): Illuminate/Foundation/Http/Kernel->sendRequestThroughRouter(Object(Illuminate/Http/Request))
#35 C:/Users/yyhy0/Herd/meeting.sisuu.com/backend/public/index.php(14): Illuminate/Foundation/Http/Kernel->handle(Object(Illuminate/Http/Request))
#36 {main}
"} 
[2026-05-27 00:06:15] local.ERROR: Route [login] not defined. {"exception":"[object] (Symfony\\Component\\Routing\\Exception\\RouteNotFoundException(code: 0): Route [login] not defined. at C:/Users/yyhy0/Herd/meeting.sisuu.com/backend/vendor/laravel/framework/src/Illuminate/Routing/UrlGenerator.php:477)
[stacktrace]
#0 C:/Users/yyhy0/Herd/meeting.sisuu.com/backend/vendor/laravel/framework/src/Illuminate/Foundation/helpers.php(811): Illuminate/Routing/UrlGenerator->route('login', Array, true)
#1 C:/Users/yyhy0/Herd/meeting.sisuu.com/backend/vendor/laravel/framework/src/Illuminate/Foundation/Exceptions/Handler.php(570): route('login')
#2 C:/Users/yyhy0/Herd/meeting.sisuu.com/backend/vendor/laravel/framework/src/Illuminate/Foundation/Exceptions/Handler.php(471): Illuminate/Foundation/Exceptions/Handler->unauthenticated(Object(Illuminate/Http/Request), Object(Illuminate/Auth/AuthenticationException))
#3 C:/Users/yyhy0/Herd/meeting.sisuu.com/backend/vendor/laravel/framework/src/Illuminate/Routing/Pipeline.php(51): Illuminate/Foundation/Exceptions/Handler->render(Object(Illuminate/Http/Request), Object(Illuminate/Auth/AuthenticationException))
#4 C:/Users/yyhy0/Herd/meeting.sisuu.com/backend/vendor/laravel/framework/src/Illuminate/Pipeline/Pipeline.php(188): Illuminate/Routing/Pipeline->handleException(Object(Illuminate/Http/Request), Object(Illuminate/Auth/AuthenticationException))
#5 C:/Users/yyhy0/Herd/meeting.sisuu.com/backend/vendor/laravel/sanctum/src/Http/Middleware/EnsureFrontendRequestsAreStateful.php(25): Illuminate/Pipeline/Pipeline->Illuminate/Pipeline/{closure}(Object(Illuminate/Http/Request))
#6 C:/Users/yyhy0/Herd/meeting.sisuu.com/backend/vendor/laravel/framework/src/Illuminate/Pipeline/Pipeline.php(144): Laravel/Sanctum/Http/Middleware/EnsureFrontendRequestsAreStateful->Laravel/Sanctum/Http/Middleware/{closure}(Object(Illuminate/Http/Request))
#7 C:/Users/yyhy0/Herd/meeting.sisuu.com/backend/vendor/laravel/framework/src/Illuminate/Pipeline/Pipeline.php(119): Illuminate/Pipeline/Pipeline->Illuminate/Pipeline/{closure}(Object(Illuminate/Http/Request))
#8 C:/Users/yyhy0/Herd/meeting.sisuu.com/backend/vendor/laravel/sanctum/src/Http/Middleware/EnsureFrontendRequestsAreStateful.php(24): Illuminate/Pipeline/Pipeline->then(Object(Closure))
#9 C:/Users/yyhy0/Herd/meeting.sisuu.com/backend/vendor/laravel/framework/src/Illuminate/Pipeline/Pipeline.php(183): Laravel/Sanctum/Http/Middleware/EnsureFrontendRequestsAreStateful->handle(Object(Illuminate/Http/Request), Object(Closure))
#10 C:/Users/yyhy0/Herd/meeting.sisuu.com/backend/vendor/laravel/framework/src/Illuminate/Pipeline/Pipeline.php(119): Illuminate/Pipeline/Pipeline->Illuminate/Pipeline/{closure}(Object(Illuminate/Http/Request))
#11 C:/Users/yyhy0/Herd/meeting.sisuu.com/backend/vendor/laravel/framework/src/Illuminate/Routing/Router.php(805): Illuminate/Pipeline/Pipeline->then(Object(Closure))
#12 C:/Users/yyhy0/Herd/meeting.sisuu.com/backend/vendor/laravel/framework/src/Illuminate/Routing/Router.php(784): Illuminate/Routing/Router->runRouteWithinStack(Object(Illuminate/Routing/Route), Object(Illuminate/Http/Request))
#13 C:/Users/yyhy0/Herd/meeting.sisuu.com/backend/vendor/laravel/framework/src/Illuminate/Routing/Router.php(748): Illuminate/Routing/Router->runRoute(Object(Illuminate/Http/Request), Object(Illuminate/Routing/Route))
#14 C:/Users/yyhy0/Herd/meeting.sisuu.com/backend/vendor/laravel/framework/src/Illuminate/Routing/Router.php(737): Illuminate/Routing/Router->dispatchToRoute(Object(Illuminate/Http/Request))
#15 C:/Users/yyhy0/Herd/meeting.sisuu.com/backend/vendor/laravel/framework/src/Illuminate/Foundation/Http/Kernel.php(200): Illuminate/Routing/Router->dispatch(Object(Illuminate/Http/Request))
#16 C:/Users/yyhy0/Herd/meeting.sisuu.com/backend/vendor/laravel/framework/src/Illuminate/Pipeline/Pipeline.php(144): Illuminate/Foundation/Http/Kernel->Illuminate/Foundation/Http/{closure}(Object(Illuminate/Http/Request))
#17 C:/Users/yyhy0/Herd/meeting.sisuu.com/backend/vendor/laravel/framework/src/Illuminate/Foundation/Http/Middleware/TransformsRequest.php(21): Illuminate/Pipeline/Pipeline->Illuminate/Pipeline/{closure}(Object(Illuminate/Http/Request))
#18 C:/Users/yyhy0/Herd/meeting.sisuu.com/backend/vendor/laravel/framework/src/Illuminate/Foundation/Http/Middleware/ConvertEmptyStringsToNull.php(31): Illuminate/Foundation/Http/Middleware/TransformsRequest->handle(Object(Illuminate/Http/Request), Object(Closure))
#19 C:/Users/yyhy0/Herd/meeting.sisuu.com/backend/vendor/laravel/framework/src/Illuminate/Pipeline/Pipeline.php(183): Illuminate/Foundation/Http/Middleware/ConvertEmptyStringsToNull->handle(Object(Illuminate/Http/Request), Object(Closure))
#20 C:/Users/yyhy0/Herd/meeting.sisuu.com/backend/vendor/laravel/framework/src/Illuminate/Foundation/Http/Middleware/TransformsRequest.php(21): Illuminate/Pipeline/Pipeline->Illuminate/Pipeline/{closure}(Object(Illuminate/Http/Request))
#21 C:/Users/yyhy0/Herd/meeting.sisuu.com/backend/vendor/laravel/framework/src/Illuminate/Foundation/Http/Middleware/TrimStrings.php(40): Illuminate/Foundation/Http/Middleware/TransformsRequest->handle(Object(Illuminate/Http/Request), Object(Closure))
#22 C:/Users/yyhy0/Herd/meeting.sisuu.com/backend/vendor/laravel/framework/src/Illuminate/Pipeline/Pipeline.php(183): Illuminate/Foundation/Http/Middleware/TrimStrings->handle(Object(Illuminate/Http/Request), Object(Closure))
#23 C:/Users/yyhy0/Herd/meeting.sisuu.com/backend/vendor/laravel/framework/src/Illuminate/Foundation/Http/Middleware/ValidatePostSize.php(27): Illuminate/Pipeline/Pipeline->Illuminate/Pipeline/{closure}(Object(Illuminate/Http/Request))
#24 C:/Users/yyhy0/Herd/meeting.sisuu.com/backend/vendor/laravel/framework/src/Illuminate/Pipeline/Pipeline.php(183): Illuminate/Foundation/Http/Middleware/ValidatePostSize->handle(Object(Illuminate/Http/Request), Object(Closure))
#25 C:/Users/yyhy0/Herd/meeting.sisuu.com/backend/vendor/laravel/framework/src/Illuminate/Foundation/Http/Middleware/PreventRequestsDuringMaintenance.php(99): Illuminate/Pipeline/Pipeline->Illuminate/Pipeline/{closure}(Object(Illuminate/Http/Request))
#26 C:/Users/yyhy0/Herd/meeting.sisuu.com/backend/vendor/laravel/framework/src/Illuminate/Pipeline/Pipeline.php(183): Illuminate/Foundation/Http/Middleware/PreventRequestsDuringMaintenance->handle(Object(Illuminate/Http/Request), Object(Closure))
#27 C:/Users/yyhy0/Herd/meeting.sisuu.com/backend/vendor/laravel/framework/src/Illuminate/Http/Middleware/HandleCors.php(49): Illuminate/Pipeline/Pipeline->Illuminate/Pipeline/{closure}(Object(Illuminate/Http/Request))
#28 C:/Users/yyhy0/Herd/meeting.sisuu.com/backend/vendor/laravel/framework/src/Illuminate/Pipeline/Pipeline.php(183): Illuminate/Http/Middleware/HandleCors->handle(Object(Illuminate/Http/Request), Object(Closure))
#29 C:/Users/yyhy0/Herd/meeting.sisuu.com/backend/vendor/laravel/framework/src/Illuminate/Http/Middleware/TrustProxies.php(39): Illuminate/Pipeline/Pipeline->Illuminate/Pipeline/{closure}(Object(Illuminate/Http/Request))
#30 C:/Users/yyhy0/Herd/meeting.sisuu.com/backend/vendor/laravel/framework/src/Illuminate/Pipeline/Pipeline.php(183): Illuminate/Http/Middleware/TrustProxies->handle(Object(Illuminate/Http/Request), Object(Closure))
#31 C:/Users/yyhy0/Herd/meeting.sisuu.com/backend/vendor/laravel/framework/src/Illuminate/Pipeline/Pipeline.php(119): Illuminate/Pipeline/Pipeline->Illuminate/Pipeline/{closure}(Object(Illuminate/Http/Request))
#32 C:/Users/yyhy0/Herd/meeting.sisuu.com/backend/vendor/laravel/framework/src/Illuminate/Foundation/Http/Kernel.php(175): Illuminate/Pipeline/Pipeline->then(Object(Closure))
#33 C:/Users/yyhy0/Herd/meeting.sisuu.com/backend/vendor/laravel/framework/src/Illuminate/Foundation/Http/Kernel.php(144): Illuminate/Foundation/Http/Kernel->sendRequestThroughRouter(Object(Illuminate/Http/Request))
#34 C:/Users/yyhy0/Herd/meeting.sisuu.com/backend/public/index.php(14): Illuminate/Foundation/Http/Kernel->handle(Object(Illuminate/Http/Request))
#35 {main}
"} 
[2026-05-27 00:11:31] local.INFO: [Notification] User: 3, Type: reservation_approve, Content: 您的会议预定已通过审批：项目需求评审  
[2026-05-27 21:41:19] local.ERROR: Method Illuminate\Validation\Validator::validateDatetime does not exist. {"userId":1,"exception":"[object] (BadMethodCallException(code: 0): Method Illuminate\\Validation\\Validator::validateDatetime does not exist. at C:/Users/yyhy0/Herd/meeting.sisuu.com/backend/vendor/laravel/framework/src/Illuminate/Validation/Validator.php:1646)
[stacktrace]
#0 C:/Users/yyhy0/Herd/meeting.sisuu.com/backend/vendor/laravel/framework/src/Illuminate/Validation/Validator.php(660): Illuminate/Validation/Validator->__call('validateDatetim...', Array)
#1 C:/Users/yyhy0/Herd/meeting.sisuu.com/backend/vendor/laravel/framework/src/Illuminate/Validation/Validator.php(459): Illuminate/Validation/Validator->validateAttribute('start_time', 'Datetime')
#2 C:/Users/yyhy0/Herd/meeting.sisuu.com/backend/vendor/laravel/framework/src/Illuminate/Validation/Validator.php(494): Illuminate/Validation/Validator->passes()
#3 C:/Users/yyhy0/Herd/meeting.sisuu.com/backend/vendor/laravel/framework/src/Illuminate/Validation/Validator.php(536): Illuminate/Validation/Validator->fails()
#4 C:/Users/yyhy0/Herd/meeting.sisuu.com/backend/vendor/laravel/framework/src/Illuminate/Foundation/Providers/FoundationServiceProvider.php(124): Illuminate/Validation/Validator->validate()
#5 C:/Users/yyhy0/Herd/meeting.sisuu.com/backend/vendor/laravel/framework/src/Illuminate/Macroable/Traits/Macroable.php(123): Illuminate/Http/Request->Illuminate/Foundation/Providers/{closure}(Array)
#6 C:/Users/yyhy0/Herd/meeting.sisuu.com/backend/app/Http/Controllers/ReservationController.php(59): Illuminate/Http/Request->__call('validate', Array)
#7 C:/Users/yyhy0/Herd/meeting.sisuu.com/backend/vendor/laravel/framework/src/Illuminate/Routing/Controller.php(54): App/Http/Controllers/ReservationController->store(Object(Illuminate/Http/Request))
#8 C:/Users/yyhy0/Herd/meeting.sisuu.com/backend/vendor/laravel/framework/src/Illuminate/Routing/ControllerDispatcher.php(43): Illuminate/Routing/Controller->callAction('store', Array)
#9 C:/Users/yyhy0/Herd/meeting.sisuu.com/backend/vendor/laravel/framework/src/Illuminate/Routing/Route.php(259): Illuminate/Routing/ControllerDispatcher->dispatch(Object(Illuminate/Routing/Route), Object(App/Http/Controllers/ReservationController), 'store')
#10 C:/Users/yyhy0/Herd/meeting.sisuu.com/backend/vendor/laravel/framework/src/Illuminate/Routing/Route.php(205): Illuminate/Routing/Route->runController()
#11 C:/Users/yyhy0/Herd/meeting.sisuu.com/backend/vendor/laravel/framework/src/Illuminate/Routing/Router.php(806): Illuminate/Routing/Route->run()
#12 C:/Users/yyhy0/Herd/meeting.sisuu.com/backend/vendor/laravel/framework/src/Illuminate/Pipeline/Pipeline.php(144): Illuminate/Routing/Router->Illuminate/Routing/{closure}(Object(Illuminate/Http/Request))
#13 C:/Users/yyhy0/Herd/meeting.sisuu.com/backend/vendor/laravel/framework/src/Illuminate/Routing/Middleware/SubstituteBindings.php(50): Illuminate/Pipeline/Pipeline->Illuminate/Pipeline/{closure}(Object(Illuminate/Http/Request))
#14 C:/Users/yyhy0/Herd/meeting.sisuu.com/backend/vendor/laravel/framework/src/Illuminate/Pipeline/Pipeline.php(183): Illuminate/Routing/Middleware/SubstituteBindings->handle(Object(Illuminate/Http/Request), Object(Closure))
#15 C:/Users/yyhy0/Herd/meeting.sisuu.com/backend/vendor/laravel/framework/src/Illuminate/Routing/Middleware/ThrottleRequests.php(159): Illuminate/Pipeline/Pipeline->Illuminate/Pipeline/{closure}(Object(Illuminate/Http/Request))
#16 C:/Users/yyhy0/Herd/meeting.sisuu.com/backend/vendor/laravel/framework/src/Illuminate/Routing/Middleware/ThrottleRequests.php(125): Illuminate/Routing/Middleware/ThrottleRequests->handleRequest(Object(Illuminate/Http/Request), Object(Closure), Array)
#17 C:/Users/yyhy0/Herd/meeting.sisuu.com/backend/vendor/laravel/framework/src/Illuminate/Routing/Middleware/ThrottleRequests.php(87): Illuminate/Routing/Middleware/ThrottleRequests->handleRequestUsingNamedLimiter(Object(Illuminate/Http/Request), Object(Closure), 'api', Object(Closure))
#18 C:/Users/yyhy0/Herd/meeting.sisuu.com/backend/vendor/laravel/framework/src/Illuminate/Pipeline/Pipeline.php(183): Illuminate/Routing/Middleware/ThrottleRequests->handle(Object(Illuminate/Http/Request), Object(Closure), 'api')
#19 C:/Users/yyhy0/Herd/meeting.sisuu.com/backend/vendor/laravel/framework/src/Illuminate/Auth/Middleware/Authenticate.php(57): Illuminate/Pipeline/Pipeline->Illuminate/Pipeline/{closure}(Object(Illuminate/Http/Request))
#20 C:/Users/yyhy0/Herd/meeting.sisuu.com/backend/vendor/laravel/framework/src/Illuminate/Pipeline/Pipeline.php(183): Illuminate/Auth/Middleware/Authenticate->handle(Object(Illuminate/Http/Request), Object(Closure), 'sanctum')
#21 C:/Users/yyhy0/Herd/meeting.sisuu.com/backend/vendor/laravel/sanctum/src/Http/Middleware/EnsureFrontendRequestsAreStateful.php(25): Illuminate/Pipeline/Pipeline->Illuminate/Pipeline/{closure}(Object(Illuminate/Http/Request))
#22 C:/Users/yyhy0/Herd/meeting.sisuu.com/backend/vendor/laravel/framework/src/Illuminate/Pipeline/Pipeline.php(144): Laravel/Sanctum/Http/Middleware/EnsureFrontendRequestsAreStateful->Laravel/Sanctum/Http/Middleware/{closure}(Object(Illuminate/Http/Request))
#23 C:/Users/yyhy0/Herd/meeting.sisuu.com/backend/vendor/laravel/framework/src/Illuminate/Pipeline/Pipeline.php(119): Illuminate/Pipeline/Pipeline->Illuminate/Pipeline/{closure}(Object(Illuminate/Http/Request))
#24 C:/Users/yyhy0/Herd/meeting.sisuu.com/backend/vendor/laravel/sanctum/src/Http/Middleware/EnsureFrontendRequestsAreStateful.php(24): Illuminate/Pipeline/Pipeline->then(Object(Closure))
#25 C:/Users/yyhy0/Herd/meeting.sisuu.com/backend/vendor/laravel/framework/src/Illuminate/Pipeline/Pipeline.php(183): Laravel/Sanctum/Http/Middleware/EnsureFrontendRequestsAreStateful->handle(Object(Illuminate/Http/Request), Object(Closure))
#26 C:/Users/yyhy0/Herd/meeting.sisuu.com/backend/vendor/laravel/framework/src/Illuminate/Pipeline/Pipeline.php(119): Illuminate/Pipeline/Pipeline->Illuminate/Pipeline/{closure}(Object(Illuminate/Http/Request))
#27 C:/Users/yyhy0/Herd/meeting.sisuu.com/backend/vendor/laravel/framework/src/Illuminate/Routing/Router.php(805): Illuminate/Pipeline/Pipeline->then(Object(Closure))
#28 C:/Users/yyhy0/Herd/meeting.sisuu.com/backend/vendor/laravel/framework/src/Illuminate/Routing/Router.php(784): Illuminate/Routing/Router->runRouteWithinStack(Object(Illuminate/Routing/Route), Object(Illuminate/Http/Request))
#29 C:/Users/yyhy0/Herd/meeting.sisuu.com/backend/vendor/laravel/framework/src/Illuminate/Routing/Router.php(748): Illuminate/Routing/Router->runRoute(Object(Illuminate/Http/Request), Object(Illuminate/Routing/Route))
#30 C:/Users/yyhy0/Herd/meeting.sisuu.com/backend/vendor/laravel/framework/src/Illuminate/Routing/Router.php(737): Illuminate/Routing/Router->dispatchToRoute(Object(Illuminate/Http/Request))
#31 C:/Users/yyhy0/Herd/meeting.sisuu.com/backend/vendor/laravel/framework/src/Illuminate/Foundation/Http/Kernel.php(200): Illuminate/Routing/Router->dispatch(Object(Illuminate/Http/Request))
#32 C:/Users/yyhy0/Herd/meeting.sisuu.com/backend/vendor/laravel/framework/src/Illuminate/Pipeline/Pipeline.php(144): Illuminate/Foundation/Http/Kernel->Illuminate/Foundation/Http/{closure}(Object(Illuminate/Http/Request))
#33 C:/Users/yyhy0/Herd/meeting.sisuu.com/backend/vendor/laravel/framework/src/Illuminate/Foundation/Http/Middleware/TransformsRequest.php(21): Illuminate/Pipeline/Pipeline->Illuminate/Pipeline/{closure}(Object(Illuminate/Http/Request))
#34 C:/Users/yyhy0/Herd/meeting.sisuu.com/backend/vendor/laravel/framework/src/Illuminate/Foundation/Http/Middleware/ConvertEmptyStringsToNull.php(31): Illuminate/Foundation/Http/Middleware/TransformsRequest->handle(Object(Illuminate/Http/Request), Object(Closure))
#35 C:/Users/yyhy0/Herd/meeting.sisuu.com/backend/vendor/laravel/framework/src/Illuminate/Pipeline/Pipeline.php(183): Illuminate/Foundation/Http/Middleware/ConvertEmptyStringsToNull->handle(Object(Illuminate/Http/Request), Object(Closure))
#36 C:/Users/yyhy0/Herd/meeting.sisuu.com/backend/vendor/laravel/framework/src/Illuminate/Foundation/Http/Middleware/TransformsRequest.php(21): Illuminate/Pipeline/Pipeline->Illuminate/Pipeline/{closure}(Object(Illuminate/Http/Request))
#37 C:/Users/yyhy0/Herd/meeting.sisuu.com/backend/vendor/laravel/framework/src/Illuminate/Foundation/Http/Middleware/TrimStrings.php(40): Illuminate/Foundation/Http/Middleware/TransformsRequest->handle(Object(Illuminate/Http/Request), Object(Closure))
#38 C:/Users/yyhy0/Herd/meeting.sisuu.com/backend/vendor/laravel/framework/src/Illuminate/Pipeline/Pipeline.php(183): Illuminate/Foundation/Http/Middleware/TrimStrings->handle(Object(Illuminate/Http/Request), Object(Closure))
#39 C:/Users/yyhy0/Herd/meeting.sisuu.com/backend/vendor/laravel/framework/src/Illuminate/Foundation/Http/Middleware/ValidatePostSize.php(27): Illuminate/Pipeline/Pipeline->Illuminate/Pipeline/{closure}(Object(Illuminate/Http/Request))
#40 C:/Users/yyhy0/Herd/meeting.sisuu.com/backend/vendor/laravel/framework/src/Illuminate/Pipeline/Pipeline.php(183): Illuminate/Foundation/Http/Middleware/ValidatePostSize->handle(Object(Illuminate/Http/Request), Object(Closure))
#41 C:/Users/yyhy0/Herd/meeting.sisuu.com/backend/vendor/laravel/framework/src/Illuminate/Foundation/Http/Middleware/PreventRequestsDuringMaintenance.php(99): Illuminate/Pipeline/Pipeline->Illuminate/Pipeline/{closure}(Object(Illuminate/Http/Request))
#42 C:/Users/yyhy0/Herd/meeting.sisuu.com/backend/vendor/laravel/framework/src/Illuminate/Pipeline/Pipeline.php(183): Illuminate/Foundation/Http/Middleware/PreventRequestsDuringMaintenance->handle(Object(Illuminate/Http/Request), Object(Closure))
#43 C:/Users/yyhy0/Herd/meeting.sisuu.com/backend/vendor/laravel/framework/src/Illuminate/Http/Middleware/HandleCors.php(49): Illuminate/Pipeline/Pipeline->Illuminate/Pipeline/{closure}(Object(Illuminate/Http/Request))
#44 C:/Users/yyhy0/Herd/meeting.sisuu.com/backend/vendor/laravel/framework/src/Illuminate/Pipeline/Pipeline.php(183): Illuminate/Http/Middleware/HandleCors->handle(Object(Illuminate/Http/Request), Object(Closure))
#45 C:/Users/yyhy0/Herd/meeting.sisuu.com/backend/vendor/laravel/framework/src/Illuminate/Http/Middleware/TrustProxies.php(39): Illuminate/Pipeline/Pipeline->Illuminate/Pipeline/{closure}(Object(Illuminate/Http/Request))
#46 C:/Users/yyhy0/Herd/meeting.sisuu.com/backend/vendor/laravel/framework/src/Illuminate/Pipeline/Pipeline.php(183): Illuminate/Http/Middleware/TrustProxies->handle(Object(Illuminate/Http/Request), Object(Closure))
#47 C:/Users/yyhy0/Herd/meeting.sisuu.com/backend/vendor/laravel/framework/src/Illuminate/Pipeline/Pipeline.php(119): Illuminate/Pipeline/Pipeline->Illuminate/Pipeline/{closure}(Object(Illuminate/Http/Request))
#48 C:/Users/yyhy0/Herd/meeting.sisuu.com/backend/vendor/laravel/framework/src/Illuminate/Foundation/Http/Kernel.php(175): Illuminate/Pipeline/Pipeline->then(Object(Closure))
#49 C:/Users/yyhy0/Herd/meeting.sisuu.com/backend/vendor/laravel/framework/src/Illuminate/Foundation/Http/Kernel.php(144): Illuminate/Foundation/Http/Kernel->sendRequestThroughRouter(Object(Illuminate/Http/Request))
#50 C:/Users/yyhy0/Herd/meeting.sisuu.com/backend/public/index.php(14): Illuminate/Foundation/Http/Kernel->handle(Object(Illuminate/Http/Request))
#51 {main}
"} 
[2026-05-27 21:46:34] local.ERROR: Method Illuminate\Validation\Validator::validateDatetime does not exist. {"userId":1,"exception":"[object] (BadMethodCallException(code: 0): Method Illuminate\\Validation\\Validator::validateDatetime does not exist. at C:/Users/yyhy0/Herd/meeting.sisuu.com/backend/vendor/laravel/framework/src/Illuminate/Validation/Validator.php:1646)
[stacktrace]
#0 C:/Users/yyhy0/Herd/meeting.sisuu.com/backend/vendor/laravel/framework/src/Illuminate/Validation/Validator.php(660): Illuminate/Validation/Validator->__call('validateDatetim...', Array)
#1 C:/Users/yyhy0/Herd/meeting.sisuu.com/backend/vendor/laravel/framework/src/Illuminate/Validation/Validator.php(459): Illuminate/Validation/Validator->validateAttribute('start_time', 'Datetime')
#2 C:/Users/yyhy0/Herd/meeting.sisuu.com/backend/vendor/laravel/framework/src/Illuminate/Validation/Validator.php(494): Illuminate/Validation/Validator->passes()
#3 C:/Users/yyhy0/Herd/meeting.sisuu.com/backend/vendor/laravel/framework/src/Illuminate/Validation/Validator.php(536): Illuminate/Validation/Validator->fails()
#4 C:/Users/yyhy0/Herd/meeting.sisuu.com/backend/vendor/laravel/framework/src/Illuminate/Foundation/Providers/FoundationServiceProvider.php(124): Illuminate/Validation/Validator->validate()
#5 C:/Users/yyhy0/Herd/meeting.sisuu.com/backend/vendor/laravel/framework/src/Illuminate/Macroable/Traits/Macroable.php(123): Illuminate/Http/Request->Illuminate/Foundation/Providers/{closure}(Array)
#6 C:/Users/yyhy0/Herd/meeting.sisuu.com/backend/app/Http/Controllers/ReservationController.php(59): Illuminate/Http/Request->__call('validate', Array)
#7 C:/Users/yyhy0/Herd/meeting.sisuu.com/backend/vendor/laravel/framework/src/Illuminate/Routing/Controller.php(54): App/Http/Controllers/ReservationController->store(Object(Illuminate/Http/Request))
#8 C:/Users/yyhy0/Herd/meeting.sisuu.com/backend/vendor/laravel/framework/src/Illuminate/Routing/ControllerDispatcher.php(43): Illuminate/Routing/Controller->callAction('store', Array)
#9 C:/Users/yyhy0/Herd/meeting.sisuu.com/backend/vendor/laravel/framework/src/Illuminate/Routing/Route.php(259): Illuminate/Routing/ControllerDispatcher->dispatch(Object(Illuminate/Routing/Route), Object(App/Http/Controllers/ReservationController), 'store')
#10 C:/Users/yyhy0/Herd/meeting.sisuu.com/backend/vendor/laravel/framework/src/Illuminate/Routing/Route.php(205): Illuminate/Routing/Route->runController()
#11 C:/Users/yyhy0/Herd/meeting.sisuu.com/backend/vendor/laravel/framework/src/Illuminate/Routing/Router.php(806): Illuminate/Routing/Route->run()
#12 C:/Users/yyhy0/Herd/meeting.sisuu.com/backend/vendor/laravel/framework/src/Illuminate/Pipeline/Pipeline.php(144): Illuminate/Routing/Router->Illuminate/Routing/{closure}(Object(Illuminate/Http/Request))
#13 C:/Users/yyhy0/Herd/meeting.sisuu.com/backend/vendor/laravel/framework/src/Illuminate/Routing/Middleware/SubstituteBindings.php(50): Illuminate/Pipeline/Pipeline->Illuminate/Pipeline/{closure}(Object(Illuminate/Http/Request))
#14 C:/Users/yyhy0/Herd/meeting.sisuu.com/backend/vendor/laravel/framework/src/Illuminate/Pipeline/Pipeline.php(183): Illuminate/Routing/Middleware/SubstituteBindings->handle(Object(Illuminate/Http/Request), Object(Closure))
#15 C:/Users/yyhy0/Herd/meeting.sisuu.com/backend/vendor/laravel/framework/src/Illuminate/Routing/Middleware/ThrottleRequests.php(159): Illuminate/Pipeline/Pipeline->Illuminate/Pipeline/{closure}(Object(Illuminate/Http/Request))
#16 C:/Users/yyhy0/Herd/meeting.sisuu.com/backend/vendor/laravel/framework/src/Illuminate/Routing/Middleware/ThrottleRequests.php(125): Illuminate/Routing/Middleware/ThrottleRequests->handleRequest(Object(Illuminate/Http/Request), Object(Closure), Array)
#17 C:/Users/yyhy0/Herd/meeting.sisuu.com/backend/vendor/laravel/framework/src/Illuminate/Routing/Middleware/ThrottleRequests.php(87): Illuminate/Routing/Middleware/ThrottleRequests->handleRequestUsingNamedLimiter(Object(Illuminate/Http/Request), Object(Closure), 'api', Object(Closure))
#18 C:/Users/yyhy0/Herd/meeting.sisuu.com/backend/vendor/laravel/framework/src/Illuminate/Pipeline/Pipeline.php(183): Illuminate/Routing/Middleware/ThrottleRequests->handle(Object(Illuminate/Http/Request), Object(Closure), 'api')
#19 C:/Users/yyhy0/Herd/meeting.sisuu.com/backend/vendor/laravel/framework/src/Illuminate/Auth/Middleware/Authenticate.php(57): Illuminate/Pipeline/Pipeline->Illuminate/Pipeline/{closure}(Object(Illuminate/Http/Request))
#20 C:/Users/yyhy0/Herd/meeting.sisuu.com/backend/vendor/laravel/framework/src/Illuminate/Pipeline/Pipeline.php(183): Illuminate/Auth/Middleware/Authenticate->handle(Object(Illuminate/Http/Request), Object(Closure), 'sanctum')
#21 C:/Users/yyhy0/Herd/meeting.sisuu.com/backend/vendor/laravel/sanctum/src/Http/Middleware/EnsureFrontendRequestsAreStateful.php(25): Illuminate/Pipeline/Pipeline->Illuminate/Pipeline/{closure}(Object(Illuminate/Http/Request))
#22 C:/Users/yyhy0/Herd/meeting.sisuu.com/backend/vendor/laravel/framework/src/Illuminate/Pipeline/Pipeline.php(144): Laravel/Sanctum/Http/Middleware/EnsureFrontendRequestsAreStateful->Laravel/Sanctum/Http/Middleware/{closure}(Object(Illuminate/Http/Request))
#23 C:/Users/yyhy0/Herd/meeting.sisuu.com/backend/vendor/laravel/framework/src/Illuminate/Pipeline/Pipeline.php(119): Illuminate/Pipeline/Pipeline->Illuminate/Pipeline/{closure}(Object(Illuminate/Http/Request))
#24 C:/Users/yyhy0/Herd/meeting.sisuu.com/backend/vendor/laravel/sanctum/src/Http/Middleware/EnsureFrontendRequestsAreStateful.php(24): Illuminate/Pipeline/Pipeline->then(Object(Closure))
#25 C:/Users/yyhy0/Herd/meeting.sisuu.com/backend/vendor/laravel/framework/src/Illuminate/Pipeline/Pipeline.php(183): Laravel/Sanctum/Http/Middleware/EnsureFrontendRequestsAreStateful->handle(Object(Illuminate/Http/Request), Object(Closure))
#26 C:/Users/yyhy0/Herd/meeting.sisuu.com/backend/vendor/laravel/framework/src/Illuminate/Pipeline/Pipeline.php(119): Illuminate/Pipeline/Pipeline->Illuminate/Pipeline/{closure}(Object(Illuminate/Http/Request))
#27 C:/Users/yyhy0/Herd/meeting.sisuu.com/backend/vendor/laravel/framework/src/Illuminate/Routing/Router.php(805): Illuminate/Pipeline/Pipeline->then(Object(Closure))
#28 C:/Users/yyhy0/Herd/meeting.sisuu.com/backend/vendor/laravel/framework/src/Illuminate/Routing/Router.php(784): Illuminate/Routing/Router->runRouteWithinStack(Object(Illuminate/Routing/Route), Object(Illuminate/Http/Request))
#29 C:/Users/yyhy0/Herd/meeting.sisuu.com/backend/vendor/laravel/framework/src/Illuminate/Routing/Router.php(748): Illuminate/Routing/Router->runRoute(Object(Illuminate/Http/Request), Object(Illuminate/Routing/Route))
#30 C:/Users/yyhy0/Herd/meeting.sisuu.com/backend/vendor/laravel/framework/src/Illuminate/Routing/Router.php(737): Illuminate/Routing/Router->dispatchToRoute(Object(Illuminate/Http/Request))
#31 C:/Users/yyhy0/Herd/meeting.sisuu.com/backend/vendor/laravel/framework/src/Illuminate/Foundation/Http/Kernel.php(200): Illuminate/Routing/Router->dispatch(Object(Illuminate/Http/Request))
#32 C:/Users/yyhy0/Herd/meeting.sisuu.com/backend/vendor/laravel/framework/src/Illuminate/Pipeline/Pipeline.php(144): Illuminate/Foundation/Http/Kernel->Illuminate/Foundation/Http/{closure}(Object(Illuminate/Http/Request))
#33 C:/Users/yyhy0/Herd/meeting.sisuu.com/backend/vendor/laravel/framework/src/Illuminate/Foundation/Http/Middleware/TransformsRequest.php(21): Illuminate/Pipeline/Pipeline->Illuminate/Pipeline/{closure}(Object(Illuminate/Http/Request))
#34 C:/Users/yyhy0/Herd/meeting.sisuu.com/backend/vendor/laravel/framework/src/Illuminate/Foundation/Http/Middleware/ConvertEmptyStringsToNull.php(31): Illuminate/Foundation/Http/Middleware/TransformsRequest->handle(Object(Illuminate/Http/Request), Object(Closure))
#35 C:/Users/yyhy0/Herd/meeting.sisuu.com/backend/vendor/laravel/framework/src/Illuminate/Pipeline/Pipeline.php(183): Illuminate/Foundation/Http/Middleware/ConvertEmptyStringsToNull->handle(Object(Illuminate/Http/Request), Object(Closure))
#36 C:/Users/yyhy0/Herd/meeting.sisuu.com/backend/vendor/laravel/framework/src/Illuminate/Foundation/Http/Middleware/TransformsRequest.php(21): Illuminate/Pipeline/Pipeline->Illuminate/Pipeline/{closure}(Object(Illuminate/Http/Request))
#37 C:/Users/yyhy0/Herd/meeting.sisuu.com/backend/vendor/laravel/framework/src/Illuminate/Foundation/Http/Middleware/TrimStrings.php(40): Illuminate/Foundation/Http/Middleware/TransformsRequest->handle(Object(Illuminate/Http/Request), Object(Closure))
#38 C:/Users/yyhy0/Herd/meeting.sisuu.com/backend/vendor/laravel/framework/src/Illuminate/Pipeline/Pipeline.php(183): Illuminate/Foundation/Http/Middleware/TrimStrings->handle(Object(Illuminate/Http/Request), Object(Closure))
#39 C:/Users/yyhy0/Herd/meeting.sisuu.com/backend/vendor/laravel/framework/src/Illuminate/Foundation/Http/Middleware/ValidatePostSize.php(27): Illuminate/Pipeline/Pipeline->Illuminate/Pipeline/{closure}(Object(Illuminate/Http/Request))
#40 C:/Users/yyhy0/Herd/meeting.sisuu.com/backend/vendor/laravel/framework/src/Illuminate/Pipeline/Pipeline.php(183): Illuminate/Foundation/Http/Middleware/ValidatePostSize->handle(Object(Illuminate/Http/Request), Object(Closure))
#41 C:/Users/yyhy0/Herd/meeting.sisuu.com/backend/vendor/laravel/framework/src/Illuminate/Foundation/Http/Middleware/PreventRequestsDuringMaintenance.php(99): Illuminate/Pipeline/Pipeline->Illuminate/Pipeline/{closure}(Object(Illuminate/Http/Request))
#42 C:/Users/yyhy0/Herd/meeting.sisuu.com/backend/vendor/laravel/framework/src/Illuminate/Pipeline/Pipeline.php(183): Illuminate/Foundation/Http/Middleware/PreventRequestsDuringMaintenance->handle(Object(Illuminate/Http/Request), Object(Closure))
#43 C:/Users/yyhy0/Herd/meeting.sisuu.com/backend/vendor/laravel/framework/src/Illuminate/Http/Middleware/HandleCors.php(49): Illuminate/Pipeline/Pipeline->Illuminate/Pipeline/{closure}(Object(Illuminate/Http/Request))
#44 C:/Users/yyhy0/Herd/meeting.sisuu.com/backend/vendor/laravel/framework/src/Illuminate/Pipeline/Pipeline.php(183): Illuminate/Http/Middleware/HandleCors->handle(Object(Illuminate/Http/Request), Object(Closure))
#45 C:/Users/yyhy0/Herd/meeting.sisuu.com/backend/vendor/laravel/framework/src/Illuminate/Http/Middleware/TrustProxies.php(39): Illuminate/Pipeline/Pipeline->Illuminate/Pipeline/{closure}(Object(Illuminate/Http/Request))
#46 C:/Users/yyhy0/Herd/meeting.sisuu.com/backend/vendor/laravel/framework/src/Illuminate/Pipeline/Pipeline.php(183): Illuminate/Http/Middleware/TrustProxies->handle(Object(Illuminate/Http/Request), Object(Closure))
#47 C:/Users/yyhy0/Herd/meeting.sisuu.com/backend/vendor/laravel/framework/src/Illuminate/Pipeline/Pipeline.php(119): Illuminate/Pipeline/Pipeline->Illuminate/Pipeline/{closure}(Object(Illuminate/Http/Request))
#48 C:/Users/yyhy0/Herd/meeting.sisuu.com/backend/vendor/laravel/framework/src/Illuminate/Foundation/Http/Kernel.php(175): Illuminate/Pipeline/Pipeline->then(Object(Closure))
#49 C:/Users/yyhy0/Herd/meeting.sisuu.com/backend/vendor/laravel/framework/src/Illuminate/Foundation/Http/Kernel.php(144): Illuminate/Foundation/Http/Kernel->sendRequestThroughRouter(Object(Illuminate/Http/Request))
#50 C:/Users/yyhy0/Herd/meeting.sisuu.com/backend/public/index.php(14): Illuminate/Foundation/Http/Kernel->handle(Object(Illuminate/Http/Request))
#51 {main}
"} 
[2026-05-27 21:46:39] local.ERROR: Method Illuminate\Validation\Validator::validateDatetime does not exist. {"userId":1,"exception":"[object] (BadMethodCallException(code: 0): Method Illuminate\\Validation\\Validator::validateDatetime does not exist. at C:/Users/yyhy0/Herd/meeting.sisuu.com/backend/vendor/laravel/framework/src/Illuminate/Validation/Validator.php:1646)
[stacktrace]
#0 C:/Users/yyhy0/Herd/meeting.sisuu.com/backend/vendor/laravel/framework/src/Illuminate/Validation/Validator.php(660): Illuminate/Validation/Validator->__call('validateDatetim...', Array)
#1 C:/Users/yyhy0/Herd/meeting.sisuu.com/backend/vendor/laravel/framework/src/Illuminate/Validation/Validator.php(459): Illuminate/Validation/Validator->validateAttribute('start_time', 'Datetime')
#2 C:/Users/yyhy0/Herd/meeting.sisuu.com/backend/vendor/laravel/framework/src/Illuminate/Validation/Validator.php(494): Illuminate/Validation/Validator->passes()
#3 C:/Users/yyhy0/Herd/meeting.sisuu.com/backend/vendor/laravel/framework/src/Illuminate/Validation/Validator.php(536): Illuminate/Validation/Validator->fails()
#4 C:/Users/yyhy0/Herd/meeting.sisuu.com/backend/vendor/laravel/framework/src/Illuminate/Foundation/Providers/FoundationServiceProvider.php(124): Illuminate/Validation/Validator->validate()
#5 C:/Users/yyhy0/Herd/meeting.sisuu.com/backend/vendor/laravel/framework/src/Illuminate/Macroable/Traits/Macroable.php(123): Illuminate/Http/Request->Illuminate/Foundation/Providers/{closure}(Array)
#6 C:/Users/yyhy0/Herd/meeting.sisuu.com/backend/app/Http/Controllers/ReservationController.php(59): Illuminate/Http/Request->__call('validate', Array)
#7 C:/Users/yyhy0/Herd/meeting.sisuu.com/backend/vendor/laravel/framework/src/Illuminate/Routing/Controller.php(54): App/Http/Controllers/ReservationController->store(Object(Illuminate/Http/Request))
#8 C:/Users/yyhy0/Herd/meeting.sisuu.com/backend/vendor/laravel/framework/src/Illuminate/Routing/ControllerDispatcher.php(43): Illuminate/Routing/Controller->callAction('store', Array)
#9 C:/Users/yyhy0/Herd/meeting.sisuu.com/backend/vendor/laravel/framework/src/Illuminate/Routing/Route.php(259): Illuminate/Routing/ControllerDispatcher->dispatch(Object(Illuminate/Routing/Route), Object(App/Http/Controllers/ReservationController), 'store')
#10 C:/Users/yyhy0/Herd/meeting.sisuu.com/backend/vendor/laravel/framework/src/Illuminate/Routing/Route.php(205): Illuminate/Routing/Route->runController()
#11 C:/Users/yyhy0/Herd/meeting.sisuu.com/backend/vendor/laravel/framework/src/Illuminate/Routing/Router.php(806): Illuminate/Routing/Route->run()
#12 C:/Users/yyhy0/Herd/meeting.sisuu.com/backend/vendor/laravel/framework/src/Illuminate/Pipeline/Pipeline.php(144): Illuminate/Routing/Router->Illuminate/Routing/{closure}(Object(Illuminate/Http/Request))
#13 C:/Users/yyhy0/Herd/meeting.sisuu.com/backend/vendor/laravel/framework/src/Illuminate/Routing/Middleware/SubstituteBindings.php(50): Illuminate/Pipeline/Pipeline->Illuminate/Pipeline/{closure}(Object(Illuminate/Http/Request))
#14 C:/Users/yyhy0/Herd/meeting.sisuu.com/backend/vendor/laravel/framework/src/Illuminate/Pipeline/Pipeline.php(183): Illuminate/Routing/Middleware/SubstituteBindings->handle(Object(Illuminate/Http/Request), Object(Closure))
#15 C:/Users/yyhy0/Herd/meeting.sisuu.com/backend/vendor/laravel/framework/src/Illuminate/Routing/Middleware/ThrottleRequests.php(159): Illuminate/Pipeline/Pipeline->Illuminate/Pipeline/{closure}(Object(Illuminate/Http/Request))
#16 C:/Users/yyhy0/Herd/meeting.sisuu.com/backend/vendor/laravel/framework/src/Illuminate/Routing/Middleware/ThrottleRequests.php(125): Illuminate/Routing/Middleware/ThrottleRequests->handleRequest(Object(Illuminate/Http/Request), Object(Closure), Array)
#17 C:/Users/yyhy0/Herd/meeting.sisuu.com/backend/vendor/laravel/framework/src/Illuminate/Routing/Middleware/ThrottleRequests.php(87): Illuminate/Routing/Middleware/ThrottleRequests->handleRequestUsingNamedLimiter(Object(Illuminate/Http/Request), Object(Closure), 'api', Object(Closure))
#18 C:/Users/yyhy0/Herd/meeting.sisuu.com/backend/vendor/laravel/framework/src/Illuminate/Pipeline/Pipeline.php(183): Illuminate/Routing/Middleware/ThrottleRequests->handle(Object(Illuminate/Http/Request), Object(Closure), 'api')
#19 C:/Users/yyhy0/Herd/meeting.sisuu.com/backend/vendor/laravel/framework/src/Illuminate/Auth/Middleware/Authenticate.php(57): Illuminate/Pipeline/Pipeline->Illuminate/Pipeline/{closure}(Object(Illuminate/Http/Request))
#20 C:/Users/yyhy0/Herd/meeting.sisuu.com/backend/vendor/laravel/framework/src/Illuminate/Pipeline/Pipeline.php(183): Illuminate/Auth/Middleware/Authenticate->handle(Object(Illuminate/Http/Request), Object(Closure), 'sanctum')
#21 C:/Users/yyhy0/Herd/meeting.sisuu.com/backend/vendor/laravel/sanctum/src/Http/Middleware/EnsureFrontendRequestsAreStateful.php(25): Illuminate/Pipeline/Pipeline->Illuminate/Pipeline/{closure}(Object(Illuminate/Http/Request))
#22 C:/Users/yyhy0/Herd/meeting.sisuu.com/backend/vendor/laravel/framework/src/Illuminate/Pipeline/Pipeline.php(144): Laravel/Sanctum/Http/Middleware/EnsureFrontendRequestsAreStateful->Laravel/Sanctum/Http/Middleware/{closure}(Object(Illuminate/Http/Request))
#23 C:/Users/yyhy0/Herd/meeting.sisuu.com/backend/vendor/laravel/framework/src/Illuminate/Pipeline/Pipeline.php(119): Illuminate/Pipeline/Pipeline->Illuminate/Pipeline/{closure}(Object(Illuminate/Http/Request))
#24 C:/Users/yyhy0/Herd/meeting.sisuu.com/backend/vendor/laravel/sanctum/src/Http/Middleware/EnsureFrontendRequestsAreStateful.php(24): Illuminate/Pipeline/Pipeline->then(Object(Closure))
#25 C:/Users/yyhy0/Herd/meeting.sisuu.com/backend/vendor/laravel/framework/src/Illuminate/Pipeline/Pipeline.php(183): Laravel/Sanctum/Http/Middleware/EnsureFrontendRequestsAreStateful->handle(Object(Illuminate/Http/Request), Object(Closure))
#26 C:/Users/yyhy0/Herd/meeting.sisuu.com/backend/vendor/laravel/framework/src/Illuminate/Pipeline/Pipeline.php(119): Illuminate/Pipeline/Pipeline->Illuminate/Pipeline/{closure}(Object(Illuminate/Http/Request))
#27 C:/Users/yyhy0/Herd/meeting.sisuu.com/backend/vendor/laravel/framework/src/Illuminate/Routing/Router.php(805): Illuminate/Pipeline/Pipeline->then(Object(Closure))
#28 C:/Users/yyhy0/Herd/meeting.sisuu.com/backend/vendor/laravel/framework/src/Illuminate/Routing/Router.php(784): Illuminate/Routing/Router->runRouteWithinStack(Object(Illuminate/Routing/Route), Object(Illuminate/Http/Request))
#29 C:/Users/yyhy0/Herd/meeting.sisuu.com/backend/vendor/laravel/framework/src/Illuminate/Routing/Router.php(748): Illuminate/Routing/Router->runRoute(Object(Illuminate/Http/Request), Object(Illuminate/Routing/Route))
#30 C:/Users/yyhy0/Herd/meeting.sisuu.com/backend/vendor/laravel/framework/src/Illuminate/Routing/Router.php(737): Illuminate/Routing/Router->dispatchToRoute(Object(Illuminate/Http/Request))
#31 C:/Users/yyhy0/Herd/meeting.sisuu.com/backend/vendor/laravel/framework/src/Illuminate/Foundation/Http/Kernel.php(200): Illuminate/Routing/Router->dispatch(Object(Illuminate/Http/Request))
#32 C:/Users/yyhy0/Herd/meeting.sisuu.com/backend/vendor/laravel/framework/src/Illuminate/Pipeline/Pipeline.php(144): Illuminate/Foundation/Http/Kernel->Illuminate/Foundation/Http/{closure}(Object(Illuminate/Http/Request))
#33 C:/Users/yyhy0/Herd/meeting.sisuu.com/backend/vendor/laravel/framework/src/Illuminate/Foundation/Http/Middleware/TransformsRequest.php(21): Illuminate/Pipeline/Pipeline->Illuminate/Pipeline/{closure}(Object(Illuminate/Http/Request))
#34 C:/Users/yyhy0/Herd/meeting.sisuu.com/backend/vendor/laravel/framework/src/Illuminate/Foundation/Http/Middleware/ConvertEmptyStringsToNull.php(31): Illuminate/Foundation/Http/Middleware/TransformsRequest->handle(Object(Illuminate/Http/Request), Object(Closure))
#35 C:/Users/yyhy0/Herd/meeting.sisuu.com/backend/vendor/laravel/framework/src/Illuminate/Pipeline/Pipeline.php(183): Illuminate/Foundation/Http/Middleware/ConvertEmptyStringsToNull->handle(Object(Illuminate/Http/Request), Object(Closure))
#36 C:/Users/yyhy0/Herd/meeting.sisuu.com/backend/vendor/laravel/framework/src/Illuminate/Foundation/Http/Middleware/TransformsRequest.php(21): Illuminate/Pipeline/Pipeline->Illuminate/Pipeline/{closure}(Object(Illuminate/Http/Request))
#37 C:/Users/yyhy0/Herd/meeting.sisuu.com/backend/vendor/laravel/framework/src/Illuminate/Foundation/Http/Middleware/TrimStrings.php(40): Illuminate/Foundation/Http/Middleware/TransformsRequest->handle(Object(Illuminate/Http/Request), Object(Closure))
#38 C:/Users/yyhy0/Herd/meeting.sisuu.com/backend/vendor/laravel/framework/src/Illuminate/Pipeline/Pipeline.php(183): Illuminate/Foundation/Http/Middleware/TrimStrings->handle(Object(Illuminate/Http/Request), Object(Closure))
#39 C:/Users/yyhy0/Herd/meeting.sisuu.com/backend/vendor/laravel/framework/src/Illuminate/Foundation/Http/Middleware/ValidatePostSize.php(27): Illuminate/Pipeline/Pipeline->Illuminate/Pipeline/{closure}(Object(Illuminate/Http/Request))
#40 C:/Users/yyhy0/Herd/meeting.sisuu.com/backend/vendor/laravel/framework/src/Illuminate/Pipeline/Pipeline.php(183): Illuminate/Foundation/Http/Middleware/ValidatePostSize->handle(Object(Illuminate/Http/Request), Object(Closure))
#41 C:/Users/yyhy0/Herd/meeting.sisuu.com/backend/vendor/laravel/framework/src/Illuminate/Foundation/Http/Middleware/PreventRequestsDuringMaintenance.php(99): Illuminate/Pipeline/Pipeline->Illuminate/Pipeline/{closure}(Object(Illuminate/Http/Request))
#42 C:/Users/yyhy0/Herd/meeting.sisuu.com/backend/vendor/laravel/framework/src/Illuminate/Pipeline/Pipeline.php(183): Illuminate/Foundation/Http/Middleware/PreventRequestsDuringMaintenance->handle(Object(Illuminate/Http/Request), Object(Closure))
#43 C:/Users/yyhy0/Herd/meeting.sisuu.com/backend/vendor/laravel/framework/src/Illuminate/Http/Middleware/HandleCors.php(49): Illuminate/Pipeline/Pipeline->Illuminate/Pipeline/{closure}(Object(Illuminate/Http/Request))
#44 C:/Users/yyhy0/Herd/meeting.sisuu.com/backend/vendor/laravel/framework/src/Illuminate/Pipeline/Pipeline.php(183): Illuminate/Http/Middleware/HandleCors->handle(Object(Illuminate/Http/Request), Object(Closure))
#45 C:/Users/yyhy0/Herd/meeting.sisuu.com/backend/vendor/laravel/framework/src/Illuminate/Http/Middleware/TrustProxies.php(39): Illuminate/Pipeline/Pipeline->Illuminate/Pipeline/{closure}(Object(Illuminate/Http/Request))
#46 C:/Users/yyhy0/Herd/meeting.sisuu.com/backend/vendor/laravel/framework/src/Illuminate/Pipeline/Pipeline.php(183): Illuminate/Http/Middleware/TrustProxies->handle(Object(Illuminate/Http/Request), Object(Closure))
#47 C:/Users/yyhy0/Herd/meeting.sisuu.com/backend/vendor/laravel/framework/src/Illuminate/Pipeline/Pipeline.php(119): Illuminate/Pipeline/Pipeline->Illuminate/Pipeline/{closure}(Object(Illuminate/Http/Request))
#48 C:/Users/yyhy0/Herd/meeting.sisuu.com/backend/vendor/laravel/framework/src/Illuminate/Foundation/Http/Kernel.php(175): Illuminate/Pipeline/Pipeline->then(Object(Closure))
#49 C:/Users/yyhy0/Herd/meeting.sisuu.com/backend/vendor/laravel/framework/src/Illuminate/Foundation/Http/Kernel.php(144): Illuminate/Foundation/Http/Kernel->sendRequestThroughRouter(Object(Illuminate/Http/Request))
#50 C:/Users/yyhy0/Herd/meeting.sisuu.com/backend/public/index.php(14): Illuminate/Foundation/Http/Kernel->handle(Object(Illuminate/Http/Request))
#51 {main}
"} 
[2026-05-27 22:00:39] local.INFO: [Notification] User: 3, Type: reservation_approve, Content: 您的会议预定已通过审批：项目需求评审  
[2026-05-27 22:09:50] local.ERROR: Command "tinker" is not defined. {"exception":"[object] (Symfony\\Component\\Console\\Exception\\CommandNotFoundException(code: 0): Command \"tinker\" is not defined. at C:/Users/yyhy0/Herd/meeting.sisuu.com/backend/vendor/symfony/console/Application.php:745)
[stacktrace]
#0 C:/Users/yyhy0/Herd/meeting.sisuu.com/backend/vendor/symfony/console/Application.php(266): Symfony/Component/Console/Application->find('tinker')
#1 C:/Users/yyhy0/Herd/meeting.sisuu.com/backend/vendor/symfony/console/Application.php(175): Symfony/Component/Console/Application->doRun(Object(Symfony/Component/Console/Input/ArgvInput), Object(Symfony/Component/Console/Output/ConsoleOutput))
#2 C:/Users/yyhy0/Herd/meeting.sisuu.com/backend/vendor/laravel/framework/src/Illuminate/Foundation/Console/Kernel.php(201): Symfony/Component/Console/Application->run(Object(Symfony/Component/Console/Input/ArgvInput), Object(Symfony/Component/Console/Output/ConsoleOutput))
#3 C:/Users/yyhy0/Herd/meeting.sisuu.com/backend/artisan(12): Illuminate/Foundation/Console/Kernel->handle(Object(Symfony/Component/Console/Input/ArgvInput), Object(Symfony/Component/Console/Output/ConsoleOutput))
#4 {main}
"} 
[2026-05-27 22:10:00] local.ERROR: Command "db:query" is not defined.

Did you mean one of these?
    db
    db:monitor
    db:seed
    db:show
    db:table
    db:wipe {"exception":"[object] (Symfony\\Component\\Console\\Exception\\CommandNotFoundException(code: 0): Command \"db:query\" is not defined.

Did you mean one of these?
    db
    db:monitor
    db:seed
    db:show
    db:table
    db:wipe at C:/Users/yyhy0/Herd/meeting.sisuu.com/backend/vendor/symfony/console/Application.php:745)
[stacktrace]
#0 C:/Users/yyhy0/Herd/meeting.sisuu.com/backend/vendor/symfony/console/Application.php(266): Symfony/Component/Console/Application->find('db:query')
#1 C:/Users/yyhy0/Herd/meeting.sisuu.com/backend/vendor/symfony/console/Application.php(175): Symfony/Component/Console/Application->doRun(Object(Symfony/Component/Console/Input/ArgvInput), Object(Symfony/Component/Console/Output/ConsoleOutput))
#2 C:/Users/yyhy0/Herd/meeting.sisuu.com/backend/vendor/laravel/framework/src/Illuminate/Foundation/Console/Kernel.php(201): Symfony/Component/Console/Application->run(Object(Symfony/Component/Console/Input/ArgvInput), Object(Symfony/Component/Console/Output/ConsoleOutput))
#3 C:/Users/yyhy0/Herd/meeting.sisuu.com/backend/artisan(12): Illuminate/Foundation/Console/Kernel->handle(Object(Symfony/Component/Console/Input/ArgvInput), Object(Symfony/Component/Console/Output/ConsoleOutput))
#4 {main}
"} 
[2026-05-28 14:12:05] local.ERROR: Call to undefined relationship [meetingRoom] on model [App\Models\MeetingRoom]. {"exception":"[object] (Illuminate\\Database\\Eloquent\\RelationNotFoundException(code: 0): Call to undefined relationship [meetingRoom] on model [App\\Models\\MeetingRoom]. at C:/Users/yyhy0/Herd/meeting.sisuu.com/backend/vendor/laravel/framework/src/Illuminate/Database/Eloquent/RelationNotFoundException.php:35)
[stacktrace]
#0 C:/Users/yyhy0/Herd/meeting.sisuu.com/backend/vendor/laravel/framework/src/Illuminate/Database/Eloquent/Builder.php(806): Illuminate/Database/Eloquent/RelationNotFoundException::make(Object(App/Models/MeetingRoom), 'meetingRoom')
#1 C:/Users/yyhy0/Herd/meeting.sisuu.com/backend/vendor/laravel/framework/src/Illuminate/Database/Eloquent/Relations/Relation.php(110): Illuminate/Database/Eloquent/Builder->Illuminate/Database/Eloquent/{closure}()
#2 C:/Users/yyhy0/Herd/meeting.sisuu.com/backend/vendor/laravel/framework/src/Illuminate/Database/Eloquent/Builder.php(802): Illuminate/Database/Eloquent/Relations/Relation::noConstraints(Object(Closure))
#3 C:/Users/yyhy0/Herd/meeting.sisuu.com/backend/vendor/laravel/framework/src/Illuminate/Database/Eloquent/Builder.php(776): Illuminate/Database/Eloquent/Builder->getRelation('meetingRoom')
#4 C:/Users/yyhy0/Herd/meeting.sisuu.com/backend/vendor/laravel/framework/src/Illuminate/Database/Eloquent/Builder.php(756): Illuminate/Database/Eloquent/Builder->eagerLoadRelation(Array, 'meetingRoom', Object(Closure))
#5 C:/Users/yyhy0/Herd/meeting.sisuu.com/backend/vendor/laravel/framework/src/Illuminate/Database/Eloquent/Relations/BelongsToMany.php(882): Illuminate/Database/Eloquent/Builder->eagerLoadRelations(Array)
#6 C:/Users/yyhy0/Herd/meeting.sisuu.com/backend/test_favorites.php(14): Illuminate/Database/Eloquent/Relations/BelongsToMany->get()
#7 {main}
"} 
[2026-05-29 13:46:30] local.INFO: [Notification] User: 3, Type: reservation_extend, Content: 会议已延长至 2026-05-29 18:00:00  
[2026-05-29 13:50:43] local.INFO: [Notification] User: 3, Type: reservation_extend, Content: 会议已延长至 2026-05-29 19:00:00  
[2026-05-30 16:24:48] local.ERROR: Command "tinker" is not defined. {"exception":"[object] (Symfony\\Component\\Console\\Exception\\CommandNotFoundException(code: 0): Command \"tinker\" is not defined. at C:/Users/yyhy0/Herd/meeting.sisuu.com/backend/vendor/symfony/console/Application.php:745)
[stacktrace]
#0 C:/Users/yyhy0/Herd/meeting.sisuu.com/backend/vendor/symfony/console/Application.php(266): Symfony/Component/Console/Application->find('tinker')
#1 C:/Users/yyhy0/Herd/meeting.sisuu.com/backend/vendor/symfony/console/Application.php(175): Symfony/Component/Console/Application->doRun(Object(Symfony/Component/Console/Input/ArgvInput), Object(Symfony/Component/Console/Output/ConsoleOutput))
#2 C:/Users/yyhy0/Herd/meeting.sisuu.com/backend/vendor/laravel/framework/src/Illuminate/Foundation/Console/Kernel.php(201): Symfony/Component/Console/Application->run(Object(Symfony/Component/Console/Input/ArgvInput), Object(Symfony/Component/Console/Output/ConsoleOutput))
#3 C:/Users/yyhy0/Herd/meeting.sisuu.com/backend/artisan(12): Illuminate/Foundation/Console/Kernel->handle(Object(Symfony/Component/Console/Input/ArgvInput), Object(Symfony/Component/Console/Output/ConsoleOutput))
#4 {main}
"} 
[2026-05-30 16:52:45] local.ERROR: SQLSTATE[23000]: Integrity constraint violation: 19 UNIQUE constraint failed: users.email (Connection: sqlite, SQL: insert into "users" ("name", "email", "password", "department_id", "position", "is_manager", "is_admin", "is_super_admin", "credit_score", "status", "updated_at", "created_at") values (超级管理员, super@admin.com, $2y$12$heYnlDRZuEvTN6D1NkpKh.dQj21x8Ox37IuxhnLlqBibwHMhSgVGS, ?, 系统超级管理员, 0, 1, 1, 100, 1, 2026-05-30 16:52:45, 2026-05-30 16:52:45)) {"exception":"[object] (Illuminate\\Database\\UniqueConstraintViolationException(code: 23000): SQLSTATE[23000]: Integrity constraint violation: 19 UNIQUE constraint failed: users.email (Connection: sqlite, SQL: insert into \"users\" (\"name\", \"email\", \"password\", \"department_id\", \"position\", \"is_manager\", \"is_admin\", \"is_super_admin\", \"credit_score\", \"status\", \"updated_at\", \"created_at\") values (超级管理员, super@admin.com, $2y$12$heYnlDRZuEvTN6D1NkpKh.dQj21x8Ox37IuxhnLlqBibwHMhSgVGS, ?, 系统超级管理员, 0, 1, 1, 100, 1, 2026-05-30 16:52:45, 2026-05-30 16:52:45)) at C:/Users/yyhy0/Herd/meeting.sisuu.com/backend/vendor/laravel/framework/src/Illuminate/Database/Connection.php:824)
[stacktrace]
#0 C:/Users/yyhy0/Herd/meeting.sisuu.com/backend/vendor/laravel/framework/src/Illuminate/Database/Connection.php(783): Illuminate/Database/Connection->runQueryCallback('insert into \"us...', Array, Object(Closure))
#1 C:/Users/yyhy0/Herd/meeting.sisuu.com/backend/vendor/laravel/framework/src/Illuminate/Database/Connection.php(576): Illuminate/Database/Connection->run('insert into \"us...', Array, Object(Closure))
#2 C:/Users/yyhy0/Herd/meeting.sisuu.com/backend/vendor/laravel/framework/src/Illuminate/Database/Connection.php(540): Illuminate/Database/Connection->statement('insert into \"us...', Array)
#3 C:/Users/yyhy0/Herd/meeting.sisuu.com/backend/vendor/laravel/framework/src/Illuminate/Database/Query/Processors/Processor.php(32): Illuminate/Database/Connection->insert('insert into \"us...', Array)
#4 C:/Users/yyhy0/Herd/meeting.sisuu.com/backend/vendor/laravel/framework/src/Illuminate/Database/Query/Builder.php(3549): Illuminate/Database/Query/Processors/Processor->processInsertGetId(Object(Illuminate/Database/Query/Builder), 'insert into \"us...', Array, 'id')
#5 C:/Users/yyhy0/Herd/meeting.sisuu.com/backend/vendor/laravel/framework/src/Illuminate/Database/Eloquent/Builder.php(1982): Illuminate/Database/Query/Builder->insertGetId(Array, 'id')
#6 C:/Users/yyhy0/Herd/meeting.sisuu.com/backend/vendor/laravel/framework/src/Illuminate/Database/Eloquent/Model.php(1334): Illuminate/Database/Eloquent/Builder->__call('insertGetId', Array)
#7 C:/Users/yyhy0/Herd/meeting.sisuu.com/backend/vendor/laravel/framework/src/Illuminate/Database/Eloquent/Model.php(1299): Illuminate/Database/Eloquent/Model->insertAndSetId(Object(Illuminate/Database/Eloquent/Builder), Array)
#8 C:/Users/yyhy0/Herd/meeting.sisuu.com/backend/vendor/laravel/framework/src/Illuminate/Database/Eloquent/Model.php(1138): Illuminate/Database/Eloquent/Model->performInsert(Object(Illuminate/Database/Eloquent/Builder))
#9 C:/Users/yyhy0/Herd/meeting.sisuu.com/backend/vendor/laravel/framework/src/Illuminate/Database/Eloquent/Builder.php(1025): Illuminate/Database/Eloquent/Model->save()
#10 C:/Users/yyhy0/Herd/meeting.sisuu.com/backend/vendor/laravel/framework/src/Illuminate/Support/helpers.php(320): Illuminate/Database/Eloquent/Builder->Illuminate/Database/Eloquent/{closure}(Object(App/Models/User))
#11 C:/Users/yyhy0/Herd/meeting.sisuu.com/backend/vendor/laravel/framework/src/Illuminate/Database/Eloquent/Builder.php(1024): tap(Object(App/Models/User), Object(Closure))
#12 C:/Users/yyhy0/Herd/meeting.sisuu.com/backend/vendor/laravel/framework/src/Illuminate/Support/Traits/ForwardsCalls.php(23): Illuminate/Database/Eloquent/Builder->create(Array)
#13 C:/Users/yyhy0/Herd/meeting.sisuu.com/backend/vendor/laravel/framework/src/Illuminate/Database/Eloquent/Model.php(2335): Illuminate/Database/Eloquent/Model->forwardCallTo(Object(Illuminate/Database/Eloquent/Builder), 'create', Array)
#14 C:/Users/yyhy0/Herd/meeting.sisuu.com/backend/vendor/laravel/framework/src/Illuminate/Database/Eloquent/Model.php(2347): Illuminate/Database/Eloquent/Model->__call('create', Array)
#15 C:/Users/yyhy0/Herd/meeting.sisuu.com/backend/database/seeders/SuperAdminSeeder.php(13): Illuminate/Database/Eloquent/Model::__callStatic('create', Array)
#16 C:/Users/yyhy0/Herd/meeting.sisuu.com/backend/vendor/laravel/framework/src/Illuminate/Container/BoundMethod.php(36): Database/Seeders/SuperAdminSeeder->run()
#17 C:/Users/yyhy0/Herd/meeting.sisuu.com/backend/vendor/laravel/framework/src/Illuminate/Container/Util.php(41): Illuminate/Container/BoundMethod::Illuminate/Container/{closure}()
#18 C:/Users/yyhy0/Herd/meeting.sisuu.com/backend/vendor/laravel/framework/src/Illuminate/Container/BoundMethod.php(93): Illuminate/Container/Util::unwrapIfClosure(Object(Closure))
#19 C:/Users/yyhy0/Herd/meeting.sisuu.com/backend/vendor/laravel/framework/src/Illuminate/Container/BoundMethod.php(35): Illuminate/Container/BoundMethod::callBoundMethod(Object(Illuminate/Foundation/Application), Array, Object(Closure))
#20 C:/Users/yyhy0/Herd/meeting.sisuu.com/backend/vendor/laravel/framework/src/Illuminate/Container/Container.php(662): Illuminate/Container/BoundMethod::call(Object(Illuminate/Foundation/Application), Array, Array, NULL)
#21 C:/Users/yyhy0/Herd/meeting.sisuu.com/backend/vendor/laravel/framework/src/Illuminate/Database/Seeder.php(184): Illuminate/Container/Container->call(Array, Array)
#22 C:/Users/yyhy0/Herd/meeting.sisuu.com/backend/vendor/laravel/framework/src/Illuminate/Database/Seeder.php(193): Illuminate/Database/Seeder->Illuminate/Database/{closure}()
#23 C:/Users/yyhy0/Herd/meeting.sisuu.com/backend/vendor/laravel/framework/src/Illuminate/Database/Seeder.php(61): Illuminate/Database/Seeder->__invoke(Array)
#24 C:/Users/yyhy0/Herd/meeting.sisuu.com/backend/database/seeders/DatabaseSeeder.php(11): Illuminate/Database/Seeder->call('Database//Seeder...')
#25 C:/Users/yyhy0/Herd/meeting.sisuu.com/backend/vendor/laravel/framework/src/Illuminate/Container/BoundMethod.php(36): Database/Seeders/DatabaseSeeder->run()
#26 C:/Users/yyhy0/Herd/meeting.sisuu.com/backend/vendor/laravel/framework/src/Illuminate/Container/Util.php(41): Illuminate/Container/BoundMethod::Illuminate/Container/{closure}()
#27 C:/Users/yyhy0/Herd/meeting.sisuu.com/backend/vendor/laravel/framework/src/Illuminate/Container/BoundMethod.php(93): Illuminate/Container/Util::unwrapIfClosure(Object(Closure))
#28 C:/Users/yyhy0/Herd/meeting.sisuu.com/backend/vendor/laravel/framework/src/Illuminate/Container/BoundMethod.php(35): Illuminate/Container/BoundMethod::callBoundMethod(Object(Illuminate/Foundation/Application), Array, Object(Closure))
#29 C:/Users/yyhy0/Herd/meeting.sisuu.com/backend/vendor/laravel/framework/src/Illuminate/Container/Container.php(662): Illuminate/Container/BoundMethod::call(Object(Illuminate/Foundation/Application), Array, Array, NULL)
#30 C:/Users/yyhy0/Herd/meeting.sisuu.com/backend/vendor/laravel/framework/src/Illuminate/Database/Seeder.php(184): Illuminate/Container/Container->call(Array, Array)
#31 C:/Users/yyhy0/Herd/meeting.sisuu.com/backend/vendor/laravel/framework/src/Illuminate/Database/Seeder.php(193): Illuminate/Database/Seeder->Illuminate/Database/{closure}()
#32 C:/Users/yyhy0/Herd/meeting.sisuu.com/backend/vendor/laravel/framework/src/Illuminate/Database/Console/Seeds/SeedCommand.php(70): Illuminate/Database/Seeder->__invoke()
#33 C:/Users/yyhy0/Herd/meeting.sisuu.com/backend/vendor/laravel/framework/src/Illuminate/Database/Eloquent/Concerns/GuardsAttributes.php(155): Illuminate/Database/Console/Seeds/SeedCommand->Illuminate/Database/Console/Seeds/{closure}()
#34 C:/Users/yyhy0/Herd/meeting.sisuu.com/backend/vendor/laravel/framework/src/Illuminate/Database/Console/Seeds/SeedCommand.php(69): Illuminate/Database/Eloquent/Model::unguarded(Object(Closure))
#35 C:/Users/yyhy0/Herd/meeting.sisuu.com/backend/vendor/laravel/framework/src/Illuminate/Container/BoundMethod.php(36): Illuminate/Database/Console/Seeds/SeedCommand->handle()
#36 C:/Users/yyhy0/Herd/meeting.sisuu.com/backend/vendor/laravel/framework/src/Illuminate/Container/Util.php(41): Illuminate/Container/BoundMethod::Illuminate/Container/{closure}()
#37 C:/Users/yyhy0/Herd/meeting.sisuu.com/backend/vendor/laravel/framework/src/Illuminate/Container/BoundMethod.php(93): Illuminate/Container/Util::unwrapIfClosure(Object(Closure))
#38 C:/Users/yyhy0/Herd/meeting.sisuu.com/backend/vendor/laravel/framework/src/Illuminate/Container/BoundMethod.php(35): Illuminate/Container/BoundMethod::callBoundMethod(Object(Illuminate/Foundation/Application), Array, Object(Closure))
#39 C:/Users/yyhy0/Herd/meeting.sisuu.com/backend/vendor/laravel/framework/src/Illuminate/Container/Container.php(662): Illuminate/Container/BoundMethod::call(Object(Illuminate/Foundation/Application), Array, Array, NULL)
#40 C:/Users/yyhy0/Herd/meeting.sisuu.com/backend/vendor/laravel/framework/src/Illuminate/Console/Command.php(211): Illuminate/Container/Container->call(Array)
#41 C:/Users/yyhy0/Herd/meeting.sisuu.com/backend/vendor/symfony/console/Command/Command.php(326): Illuminate/Console/Command->execute(Object(Symfony/Component/Console/Input/ArgvInput), Object(Illuminate/Console/OutputStyle))
#42 C:/Users/yyhy0/Herd/meeting.sisuu.com/backend/vendor/laravel/framework/src/Illuminate/Console/Command.php(180): Symfony/Component/Console/Command/Command->run(Object(Symfony/Component/Console/Input/ArgvInput), Object(Illuminate/Console/OutputStyle))
#43 C:/Users/yyhy0/Herd/meeting.sisuu.com/backend/vendor/symfony/console/Application.php(1121): Illuminate/Console/Command->run(Object(Symfony/Component/Console/Input/ArgvInput), Object(Symfony/Component/Console/Output/ConsoleOutput))
#44 C:/Users/yyhy0/Herd/meeting.sisuu.com/backend/vendor/symfony/console/Application.php(324): Symfony/Component/Console/Application->doRunCommand(Object(Illuminate/Database/Console/Seeds/SeedCommand), Object(Symfony/Component/Console/Input/ArgvInput), Object(Symfony/Component/Console/Output/ConsoleOutput))
#45 C:/Users/yyhy0/Herd/meeting.sisuu.com/backend/vendor/symfony/console/Application.php(175): Symfony/Component/Console/Application->doRun(Object(Symfony/Component/Console/Input/ArgvInput), Object(Symfony/Component/Console/Output/ConsoleOutput))
#46 C:/Users/yyhy0/Herd/meeting.sisuu.com/backend/vendor/laravel/framework/src/Illuminate/Foundation/Console/Kernel.php(201): Symfony/Component/Console/Application->run(Object(Symfony/Component/Console/Input/ArgvInput), Object(Symfony/Component/Console/Output/ConsoleOutput))
#47 C:/Users/yyhy0/Herd/meeting.sisuu.com/backend/artisan(12): Illuminate/Foundation/Console/Kernel->handle(Object(Symfony/Component/Console/Input/ArgvInput), Object(Symfony/Component/Console/Output/ConsoleOutput))
#48 {main}

[previous exception] [object] (PDOException(code: 23000): SQLSTATE[23000]: Integrity constraint violation: 19 UNIQUE constraint failed: users.email at C:/Users/yyhy0/Herd/meeting.sisuu.com/backend/vendor/laravel/framework/src/Illuminate/Database/Connection.php:587)
[stacktrace]
#0 C:/Users/yyhy0/Herd/meeting.sisuu.com/backend/vendor/laravel/framework/src/Illuminate/Database/Connection.php(587): PDOStatement->execute()
#1 C:/Users/yyhy0/Herd/meeting.sisuu.com/backend/vendor/laravel/framework/src/Illuminate/Database/Connection.php(816): Illuminate/Database/Connection->Illuminate/Database/{closure}('insert into \"us...', Array)
#2 C:/Users/yyhy0/Herd/meeting.sisuu.com/backend/vendor/laravel/framework/src/Illuminate/Database/Connection.php(783): Illuminate/Database/Connection->runQueryCallback('insert into \"us...', Array, Object(Closure))
#3 C:/Users/yyhy0/Herd/meeting.sisuu.com/backend/vendor/laravel/framework/src/Illuminate/Database/Connection.php(576): Illuminate/Database/Connection->run('insert into \"us...', Array, Object(Closure))
#4 C:/Users/yyhy0/Herd/meeting.sisuu.com/backend/vendor/laravel/framework/src/Illuminate/Database/Connection.php(540): Illuminate/Database/Connection->statement('insert into \"us...', Array)
#5 C:/Users/yyhy0/Herd/meeting.sisuu.com/backend/vendor/laravel/framework/src/Illuminate/Database/Query/Processors/Processor.php(32): Illuminate/Database/Connection->insert('insert into \"us...', Array)
#6 C:/Users/yyhy0/Herd/meeting.sisuu.com/backend/vendor/laravel/framework/src/Illuminate/Database/Query/Builder.php(3549): Illuminate/Database/Query/Processors/Processor->processInsertGetId(Object(Illuminate/Database/Query/Builder), 'insert into \"us...', Array, 'id')
#7 C:/Users/yyhy0/Herd/meeting.sisuu.com/backend/vendor/laravel/framework/src/Illuminate/Database/Eloquent/Builder.php(1982): Illuminate/Database/Query/Builder->insertGetId(Array, 'id')
#8 C:/Users/yyhy0/Herd/meeting.sisuu.com/backend/vendor/laravel/framework/src/Illuminate/Database/Eloquent/Model.php(1334): Illuminate/Database/Eloquent/Builder->__call('insertGetId', Array)
#9 C:/Users/yyhy0/Herd/meeting.sisuu.com/backend/vendor/laravel/framework/src/Illuminate/Database/Eloquent/Model.php(1299): Illuminate/Database/Eloquent/Model->insertAndSetId(Object(Illuminate/Database/Eloquent/Builder), Array)
#10 C:/Users/yyhy0/Herd/meeting.sisuu.com/backend/vendor/laravel/framework/src/Illuminate/Database/Eloquent/Model.php(1138): Illuminate/Database/Eloquent/Model->performInsert(Object(Illuminate/Database/Eloquent/Builder))
#11 C:/Users/yyhy0/Herd/meeting.sisuu.com/backend/vendor/laravel/framework/src/Illuminate/Database/Eloquent/Builder.php(1025): Illuminate/Database/Eloquent/Model->save()
#12 C:/Users/yyhy0/Herd/meeting.sisuu.com/backend/vendor/laravel/framework/src/Illuminate/Support/helpers.php(320): Illuminate/Database/Eloquent/Builder->Illuminate/Database/Eloquent/{closure}(Object(App/Models/User))
#13 C:/Users/yyhy0/Herd/meeting.sisuu.com/backend/vendor/laravel/framework/src/Illuminate/Database/Eloquent/Builder.php(1024): tap(Object(App/Models/User), Object(Closure))
#14 C:/Users/yyhy0/Herd/meeting.sisuu.com/backend/vendor/laravel/framework/src/Illuminate/Support/Traits/ForwardsCalls.php(23): Illuminate/Database/Eloquent/Builder->create(Array)
#15 C:/Users/yyhy0/Herd/meeting.sisuu.com/backend/vendor/laravel/framework/src/Illuminate/Database/Eloquent/Model.php(2335): Illuminate/Database/Eloquent/Model->forwardCallTo(Object(Illuminate/Database/Eloquent/Builder), 'create', Array)
#16 C:/Users/yyhy0/Herd/meeting.sisuu.com/backend/vendor/laravel/framework/src/Illuminate/Database/Eloquent/Model.php(2347): Illuminate/Database/Eloquent/Model->__call('create', Array)
#17 C:/Users/yyhy0/Herd/meeting.sisuu.com/backend/database/seeders/SuperAdminSeeder.php(13): Illuminate/Database/Eloquent/Model::__callStatic('create', Array)
#18 C:/Users/yyhy0/Herd/meeting.sisuu.com/backend/vendor/laravel/framework/src/Illuminate/Container/BoundMethod.php(36): Database/Seeders/SuperAdminSeeder->run()
#19 C:/Users/yyhy0/Herd/meeting.sisuu.com/backend/vendor/laravel/framework/src/Illuminate/Container/Util.php(41): Illuminate/Container/BoundMethod::Illuminate/Container/{closure}()
#20 C:/Users/yyhy0/Herd/meeting.sisuu.com/backend/vendor/laravel/framework/src/Illuminate/Container/BoundMethod.php(93): Illuminate/Container/Util::unwrapIfClosure(Object(Closure))
#21 C:/Users/yyhy0/Herd/meeting.sisuu.com/backend/vendor/laravel/framework/src/Illuminate/Container/BoundMethod.php(35): Illuminate/Container/BoundMethod::callBoundMethod(Object(Illuminate/Foundation/Application), Array, Object(Closure))
#22 C:/Users/yyhy0/Herd/meeting.sisuu.com/backend/vendor/laravel/framework/src/Illuminate/Container/Container.php(662): Illuminate/Container/BoundMethod::call(Object(Illuminate/Foundation/Application), Array, Array, NULL)
#23 C:/Users/yyhy0/Herd/meeting.sisuu.com/backend/vendor/laravel/framework/src/Illuminate/Database/Seeder.php(184): Illuminate/Container/Container->call(Array, Array)
#24 C:/Users/yyhy0/Herd/meeting.sisuu.com/backend/vendor/laravel/framework/src/Illuminate/Database/Seeder.php(193): Illuminate/Database/Seeder->Illuminate/Database/{closure}()
#25 C:/Users/yyhy0/Herd/meeting.sisuu.com/backend/vendor/laravel/framework/src/Illuminate/Database/Seeder.php(61): Illuminate/Database/Seeder->__invoke(Array)
#26 C:/Users/yyhy0/Herd/meeting.sisuu.com/backend/database/seeders/DatabaseSeeder.php(11): Illuminate/Database/Seeder->call('Database//Seeder...')
#27 C:/Users/yyhy0/Herd/meeting.sisuu.com/backend/vendor/laravel/framework/src/Illuminate/Container/BoundMethod.php(36): Database/Seeders/DatabaseSeeder->run()
#28 C:/Users/yyhy0/Herd/meeting.sisuu.com/backend/vendor/laravel/framework/src/Illuminate/Container/Util.php(41): Illuminate/Container/BoundMethod::Illuminate/Container/{closure}()
#29 C:/Users/yyhy0/Herd/meeting.sisuu.com/backend/vendor/laravel/framework/src/Illuminate/Container/BoundMethod.php(93): Illuminate/Container/Util::unwrapIfClosure(Object(Closure))
#30 C:/Users/yyhy0/Herd/meeting.sisuu.com/backend/vendor/laravel/framework/src/Illuminate/Container/BoundMethod.php(35): Illuminate/Container/BoundMethod::callBoundMethod(Object(Illuminate/Foundation/Application), Array, Object(Closure))
#31 C:/Users/yyhy0/Herd/meeting.sisuu.com/backend/vendor/laravel/framework/src/Illuminate/Container/Container.php(662): Illuminate/Container/BoundMethod::call(Object(Illuminate/Foundation/Application), Array, Array, NULL)
#32 C:/Users/yyhy0/Herd/meeting.sisuu.com/backend/vendor/laravel/framework/src/Illuminate/Database/Seeder.php(184): Illuminate/Container/Container->call(Array, Array)
#33 C:/Users/yyhy0/Herd/meeting.sisuu.com/backend/vendor/laravel/framework/src/Illuminate/Database/Seeder.php(193): Illuminate/Database/Seeder->Illuminate/Database/{closure}()
#34 C:/Users/yyhy0/Herd/meeting.sisuu.com/backend/vendor/laravel/framework/src/Illuminate/Database/Console/Seeds/SeedCommand.php(70): Illuminate/Database/Seeder->__invoke()
#35 C:/Users/yyhy0/Herd/meeting.sisuu.com/backend/vendor/laravel/framework/src/Illuminate/Database/Eloquent/Concerns/GuardsAttributes.php(155): Illuminate/Database/Console/Seeds/SeedCommand->Illuminate/Database/Console/Seeds/{closure}()
#36 C:/Users/yyhy0/Herd/meeting.sisuu.com/backend/vendor/laravel/framework/src/Illuminate/Database/Console/Seeds/SeedCommand.php(69): Illuminate/Database/Eloquent/Model::unguarded(Object(Closure))
#37 C:/Users/yyhy0/Herd/meeting.sisuu.com/backend/vendor/laravel/framework/src/Illuminate/Container/BoundMethod.php(36): Illuminate/Database/Console/Seeds/SeedCommand->handle()
#38 C:/Users/yyhy0/Herd/meeting.sisuu.com/backend/vendor/laravel/framework/src/Illuminate/Container/Util.php(41): Illuminate/Container/BoundMethod::Illuminate/Container/{closure}()
#39 C:/Users/yyhy0/Herd/meeting.sisuu.com/backend/vendor/laravel/framework/src/Illuminate/Container/BoundMethod.php(93): Illuminate/Container/Util::unwrapIfClosure(Object(Closure))
#40 C:/Users/yyhy0/Herd/meeting.sisuu.com/backend/vendor/laravel/framework/src/Illuminate/Container/BoundMethod.php(35): Illuminate/Container/BoundMethod::callBoundMethod(Object(Illuminate/Foundation/Application), Array, Object(Closure))
#41 C:/Users/yyhy0/Herd/meeting.sisuu.com/backend/vendor/laravel/framework/src/Illuminate/Container/Container.php(662): Illuminate/Container/BoundMethod::call(Object(Illuminate/Foundation/Application), Array, Array, NULL)
#42 C:/Users/yyhy0/Herd/meeting.sisuu.com/backend/vendor/laravel/framework/src/Illuminate/Console/Command.php(211): Illuminate/Container/Container->call(Array)
#43 C:/Users/yyhy0/Herd/meeting.sisuu.com/backend/vendor/symfony/console/Command/Command.php(326): Illuminate/Console/Command->execute(Object(Symfony/Component/Console/Input/ArgvInput), Object(Illuminate/Console/OutputStyle))
#44 C:/Users/yyhy0/Herd/meeting.sisuu.com/backend/vendor/laravel/framework/src/Illuminate/Console/Command.php(180): Symfony/Component/Console/Command/Command->run(Object(Symfony/Component/Console/Input/ArgvInput), Object(Illuminate/Console/OutputStyle))
#45 C:/Users/yyhy0/Herd/meeting.sisuu.com/backend/vendor/symfony/console/Application.php(1121): Illuminate/Console/Command->run(Object(Symfony/Component/Console/Input/ArgvInput), Object(Symfony/Component/Console/Output/ConsoleOutput))
#46 C:/Users/yyhy0/Herd/meeting.sisuu.com/backend/vendor/symfony/console/Application.php(324): Symfony/Component/Console/Application->doRunCommand(Object(Illuminate/Database/Console/Seeds/SeedCommand), Object(Symfony/Component/Console/Input/ArgvInput), Object(Symfony/Component/Console/Output/ConsoleOutput))
#47 C:/Users/yyhy0/Herd/meeting.sisuu.com/backend/vendor/symfony/console/Application.php(175): Symfony/Component/Console/Application->doRun(Object(Symfony/Component/Console/Input/ArgvInput), Object(Symfony/Component/Console/Output/ConsoleOutput))
#48 C:/Users/yyhy0/Herd/meeting.sisuu.com/backend/vendor/laravel/framework/src/Illuminate/Foundation/Console/Kernel.php(201): Symfony/Component/Console/Application->run(Object(Symfony/Component/Console/Input/ArgvInput), Object(Symfony/Component/Console/Output/ConsoleOutput))
#49 C:/Users/yyhy0/Herd/meeting.sisuu.com/backend/artisan(12): Illuminate/Foundation/Console/Kernel->handle(Object(Symfony/Component/Console/Input/ArgvInput), Object(Symfony/Component/Console/Output/ConsoleOutput))
#50 {main}
"} 
[2026-06-04 14:50:27] local.ERROR: SQLSTATE[23000]: Integrity constraint violation: 19 UNIQUE constraint failed: users.email (Connection: sqlite, SQL: insert into "users" ("tenant_id", "name", "email", "password", "department_id", "position", "is_manager", "is_admin", "is_super_admin", "credit_score", "status", "updated_at", "created_at") values (?, 超级管理员, super@admin.com, $2y$12$FCkDCCiJZLx916UE2nLd7.sLi9rjnZFVVWflbZU4dJ.CXS5RlNfoW, ?, 超级管理员, 0, 0, 1, 100, 1, 2026-06-04 14:50:26, 2026-06-04 14:50:26)) {"exception":"[object] (Illuminate\\Database\\UniqueConstraintViolationException(code: 23000): SQLSTATE[23000]: Integrity constraint violation: 19 UNIQUE constraint failed: users.email (Connection: sqlite, SQL: insert into \"users\" (\"tenant_id\", \"name\", \"email\", \"password\", \"department_id\", \"position\", \"is_manager\", \"is_admin\", \"is_super_admin\", \"credit_score\", \"status\", \"updated_at\", \"created_at\") values (?, 超级管理员, super@admin.com, $2y$12$FCkDCCiJZLx916UE2nLd7.sLi9rjnZFVVWflbZU4dJ.CXS5RlNfoW, ?, 超级管理员, 0, 0, 1, 100, 1, 2026-06-04 14:50:26, 2026-06-04 14:50:26)) at C:/Users/yyhy0/Herd/meeting.sisuu.com/backend/vendor/laravel/framework/src/Illuminate/Database/Connection.php:824)
[stacktrace]
#0 C:/Users/yyhy0/Herd/meeting.sisuu.com/backend/vendor/laravel/framework/src/Illuminate/Database/Connection.php(783): Illuminate/Database/Connection->runQueryCallback('insert into \"us...', Array, Object(Closure))
#1 C:/Users/yyhy0/Herd/meeting.sisuu.com/backend/vendor/laravel/framework/src/Illuminate/Database/Connection.php(576): Illuminate/Database/Connection->run('insert into \"us...', Array, Object(Closure))
#2 C:/Users/yyhy0/Herd/meeting.sisuu.com/backend/vendor/laravel/framework/src/Illuminate/Database/Connection.php(540): Illuminate/Database/Connection->statement('insert into \"us...', Array)
#3 C:/Users/yyhy0/Herd/meeting.sisuu.com/backend/vendor/laravel/framework/src/Illuminate/Database/Query/Processors/Processor.php(32): Illuminate/Database/Connection->insert('insert into \"us...', Array)
#4 C:/Users/yyhy0/Herd/meeting.sisuu.com/backend/vendor/laravel/framework/src/Illuminate/Database/Query/Builder.php(3549): Illuminate/Database/Query/Processors/Processor->processInsertGetId(Object(Illuminate/Database/Query/Builder), 'insert into \"us...', Array, 'id')
#5 C:/Users/yyhy0/Herd/meeting.sisuu.com/backend/vendor/laravel/framework/src/Illuminate/Database/Eloquent/Builder.php(1982): Illuminate/Database/Query/Builder->insertGetId(Array, 'id')
#6 C:/Users/yyhy0/Herd/meeting.sisuu.com/backend/vendor/laravel/framework/src/Illuminate/Database/Eloquent/Model.php(1334): Illuminate/Database/Eloquent/Builder->__call('insertGetId', Array)
#7 C:/Users/yyhy0/Herd/meeting.sisuu.com/backend/vendor/laravel/framework/src/Illuminate/Database/Eloquent/Model.php(1299): Illuminate/Database/Eloquent/Model->insertAndSetId(Object(Illuminate/Database/Eloquent/Builder), Array)
#8 C:/Users/yyhy0/Herd/meeting.sisuu.com/backend/vendor/laravel/framework/src/Illuminate/Database/Eloquent/Model.php(1138): Illuminate/Database/Eloquent/Model->performInsert(Object(Illuminate/Database/Eloquent/Builder))
#9 C:/Users/yyhy0/Herd/meeting.sisuu.com/backend/vendor/laravel/framework/src/Illuminate/Database/Eloquent/Builder.php(1025): Illuminate/Database/Eloquent/Model->save()
#10 C:/Users/yyhy0/Herd/meeting.sisuu.com/backend/vendor/laravel/framework/src/Illuminate/Support/helpers.php(320): Illuminate/Database/Eloquent/Builder->Illuminate/Database/Eloquent/{closure}(Object(App/Models/User))
#11 C:/Users/yyhy0/Herd/meeting.sisuu.com/backend/vendor/laravel/framework/src/Illuminate/Database/Eloquent/Builder.php(1024): tap(Object(App/Models/User), Object(Closure))
#12 C:/Users/yyhy0/Herd/meeting.sisuu.com/backend/vendor/laravel/framework/src/Illuminate/Support/Traits/ForwardsCalls.php(23): Illuminate/Database/Eloquent/Builder->create(Array)
#13 C:/Users/yyhy0/Herd/meeting.sisuu.com/backend/vendor/laravel/framework/src/Illuminate/Database/Eloquent/Model.php(2335): Illuminate/Database/Eloquent/Model->forwardCallTo(Object(Illuminate/Database/Eloquent/Builder), 'create', Array)
#14 C:/Users/yyhy0/Herd/meeting.sisuu.com/backend/vendor/laravel/framework/src/Illuminate/Database/Eloquent/Model.php(2347): Illuminate/Database/Eloquent/Model->__call('create', Array)
#15 C:/Users/yyhy0/Herd/meeting.sisuu.com/backend/database/seeders/MultiTenantSeeder.php(16): Illuminate/Database/Eloquent/Model::__callStatic('create', Array)
#16 C:/Users/yyhy0/Herd/meeting.sisuu.com/backend/vendor/laravel/framework/src/Illuminate/Container/BoundMethod.php(36): Database/Seeders/MultiTenantSeeder->run()
#17 C:/Users/yyhy0/Herd/meeting.sisuu.com/backend/vendor/laravel/framework/src/Illuminate/Container/Util.php(41): Illuminate/Container/BoundMethod::Illuminate/Container/{closure}()
#18 C:/Users/yyhy0/Herd/meeting.sisuu.com/backend/vendor/laravel/framework/src/Illuminate/Container/BoundMethod.php(93): Illuminate/Container/Util::unwrapIfClosure(Object(Closure))
#19 C:/Users/yyhy0/Herd/meeting.sisuu.com/backend/vendor/laravel/framework/src/Illuminate/Container/BoundMethod.php(35): Illuminate/Container/BoundMethod::callBoundMethod(Object(Illuminate/Foundation/Application), Array, Object(Closure))
#20 C:/Users/yyhy0/Herd/meeting.sisuu.com/backend/vendor/laravel/framework/src/Illuminate/Container/Container.php(662): Illuminate/Container/BoundMethod::call(Object(Illuminate/Foundation/Application), Array, Array, NULL)
#21 C:/Users/yyhy0/Herd/meeting.sisuu.com/backend/vendor/laravel/framework/src/Illuminate/Database/Seeder.php(184): Illuminate/Container/Container->call(Array, Array)
#22 C:/Users/yyhy0/Herd/meeting.sisuu.com/backend/vendor/laravel/framework/src/Illuminate/Database/Seeder.php(193): Illuminate/Database/Seeder->Illuminate/Database/{closure}()
#23 C:/Users/yyhy0/Herd/meeting.sisuu.com/backend/vendor/laravel/framework/src/Illuminate/Database/Seeder.php(61): Illuminate/Database/Seeder->__invoke(Array)
#24 C:/Users/yyhy0/Herd/meeting.sisuu.com/backend/database/seeders/DatabaseSeeder.php(11): Illuminate/Database/Seeder->call('Database//Seeder...')
#25 C:/Users/yyhy0/Herd/meeting.sisuu.com/backend/vendor/laravel/framework/src/Illuminate/Container/BoundMethod.php(36): Database/Seeders/DatabaseSeeder->run()
#26 C:/Users/yyhy0/Herd/meeting.sisuu.com/backend/vendor/laravel/framework/src/Illuminate/Container/Util.php(41): Illuminate/Container/BoundMethod::Illuminate/Container/{closure}()
#27 C:/Users/yyhy0/Herd/meeting.sisuu.com/backend/vendor/laravel/framework/src/Illuminate/Container/BoundMethod.php(93): Illuminate/Container/Util::unwrapIfClosure(Object(Closure))
#28 C:/Users/yyhy0/Herd/meeting.sisuu.com/backend/vendor/laravel/framework/src/Illuminate/Container/BoundMethod.php(35): Illuminate/Container/BoundMethod::callBoundMethod(Object(Illuminate/Foundation/Application), Array, Object(Closure))
#29 C:/Users/yyhy0/Herd/meeting.sisuu.com/backend/vendor/laravel/framework/src/Illuminate/Container/Container.php(662): Illuminate/Container/BoundMethod::call(Object(Illuminate/Foundation/Application), Array, Array, NULL)
#30 C:/Users/yyhy0/Herd/meeting.sisuu.com/backend/vendor/laravel/framework/src/Illuminate/Database/Seeder.php(184): Illuminate/Container/Container->call(Array, Array)
#31 C:/Users/yyhy0/Herd/meeting.sisuu.com/backend/vendor/laravel/framework/src/Illuminate/Database/Seeder.php(193): Illuminate/Database/Seeder->Illuminate/Database/{closure}()
#32 C:/Users/yyhy0/Herd/meeting.sisuu.com/backend/vendor/laravel/framework/src/Illuminate/Database/Console/Seeds/SeedCommand.php(70): Illuminate/Database/Seeder->__invoke()
#33 C:/Users/yyhy0/Herd/meeting.sisuu.com/backend/vendor/laravel/framework/src/Illuminate/Database/Eloquent/Concerns/GuardsAttributes.php(155): Illuminate/Database/Console/Seeds/SeedCommand->Illuminate/Database/Console/Seeds/{closure}()
#34 C:/Users/yyhy0/Herd/meeting.sisuu.com/backend/vendor/laravel/framework/src/Illuminate/Database/Console/Seeds/SeedCommand.php(69): Illuminate/Database/Eloquent/Model::unguarded(Object(Closure))
#35 C:/Users/yyhy0/Herd/meeting.sisuu.com/backend/vendor/laravel/framework/src/Illuminate/Container/BoundMethod.php(36): Illuminate/Database/Console/Seeds/SeedCommand->handle()
#36 C:/Users/yyhy0/Herd/meeting.sisuu.com/backend/vendor/laravel/framework/src/Illuminate/Container/Util.php(41): Illuminate/Container/BoundMethod::Illuminate/Container/{closure}()
#37 C:/Users/yyhy0/Herd/meeting.sisuu.com/backend/vendor/laravel/framework/src/Illuminate/Container/BoundMethod.php(93): Illuminate/Container/Util::unwrapIfClosure(Object(Closure))
#38 C:/Users/yyhy0/Herd/meeting.sisuu.com/backend/vendor/laravel/framework/src/Illuminate/Container/BoundMethod.php(35): Illuminate/Container/BoundMethod::callBoundMethod(Object(Illuminate/Foundation/Application), Array, Object(Closure))
#39 C:/Users/yyhy0/Herd/meeting.sisuu.com/backend/vendor/laravel/framework/src/Illuminate/Container/Container.php(662): Illuminate/Container/BoundMethod::call(Object(Illuminate/Foundation/Application), Array, Array, NULL)
#40 C:/Users/yyhy0/Herd/meeting.sisuu.com/backend/vendor/laravel/framework/src/Illuminate/Console/Command.php(211): Illuminate/Container/Container->call(Array)
#41 C:/Users/yyhy0/Herd/meeting.sisuu.com/backend/vendor/symfony/console/Command/Command.php(326): Illuminate/Console/Command->execute(Object(Symfony/Component/Console/Input/ArrayInput), Object(Illuminate/Console/OutputStyle))
#42 C:/Users/yyhy0/Herd/meeting.sisuu.com/backend/vendor/laravel/framework/src/Illuminate/Console/Command.php(180): Symfony/Component/Console/Command/Command->run(Object(Symfony/Component/Console/Input/ArrayInput), Object(Illuminate/Console/OutputStyle))
#43 C:/Users/yyhy0/Herd/meeting.sisuu.com/backend/vendor/laravel/framework/src/Illuminate/Console/Concerns/CallsCommands.php(67): Illuminate/Console/Command->run(Object(Symfony/Component/Console/Input/ArrayInput), Object(Illuminate/Console/OutputStyle))
#44 C:/Users/yyhy0/Herd/meeting.sisuu.com/backend/vendor/laravel/framework/src/Illuminate/Console/Concerns/CallsCommands.php(28): Illuminate/Console/Command->runCommand('db:seed', Array, Object(Illuminate/Console/OutputStyle))
#45 C:/Users/yyhy0/Herd/meeting.sisuu.com/backend/vendor/laravel/framework/src/Illuminate/Database/Console/Migrations/FreshCommand.php(93): Illuminate/Console/Command->call('db:seed', Array)
#46 C:/Users/yyhy0/Herd/meeting.sisuu.com/backend/vendor/laravel/framework/src/Illuminate/Database/Console/Migrations/FreshCommand.php(69): Illuminate/Database/Console/Migrations/FreshCommand->runSeeder(NULL)
#47 C:/Users/yyhy0/Herd/meeting.sisuu.com/backend/vendor/laravel/framework/src/Illuminate/Container/BoundMethod.php(36): Illuminate/Database/Console/Migrations/FreshCommand->handle()
#48 C:/Users/yyhy0/Herd/meeting.sisuu.com/backend/vendor/laravel/framework/src/Illuminate/Container/Util.php(41): Illuminate/Container/BoundMethod::Illuminate/Container/{closure}()
#49 C:/Users/yyhy0/Herd/meeting.sisuu.com/backend/vendor/laravel/framework/src/Illuminate/Container/BoundMethod.php(93): Illuminate/Container/Util::unwrapIfClosure(Object(Closure))
#50 C:/Users/yyhy0/Herd/meeting.sisuu.com/backend/vendor/laravel/framework/src/Illuminate/Container/BoundMethod.php(35): Illuminate/Container/BoundMethod::callBoundMethod(Object(Illuminate/Foundation/Application), Array, Object(Closure))
#51 C:/Users/yyhy0/Herd/meeting.sisuu.com/backend/vendor/laravel/framework/src/Illuminate/Container/Container.php(662): Illuminate/Container/BoundMethod::call(Object(Illuminate/Foundation/Application), Array, Array, NULL)
#52 C:/Users/yyhy0/Herd/meeting.sisuu.com/backend/vendor/laravel/framework/src/Illuminate/Console/Command.php(211): Illuminate/Container/Container->call(Array)
#53 C:/Users/yyhy0/Herd/meeting.sisuu.com/backend/vendor/symfony/console/Command/Command.php(326): Illuminate/Console/Command->execute(Object(Symfony/Component/Console/Input/ArgvInput), Object(Illuminate/Console/OutputStyle))
#54 C:/Users/yyhy0/Herd/meeting.sisuu.com/backend/vendor/laravel/framework/src/Illuminate/Console/Command.php(180): Symfony/Component/Console/Command/Command->run(Object(Symfony/Component/Console/Input/ArgvInput), Object(Illuminate/Console/OutputStyle))
#55 C:/Users/yyhy0/Herd/meeting.sisuu.com/backend/vendor/symfony/console/Application.php(1121): Illuminate/Console/Command->run(Object(Symfony/Component/Console/Input/ArgvInput), Object(Symfony/Component/Console/Output/ConsoleOutput))
#56 C:/Users/yyhy0/Herd/meeting.sisuu.com/backend/vendor/symfony/console/Application.php(324): Symfony/Component/Console/Application->doRunCommand(Object(Illuminate/Database/Console/Migrations/FreshCommand), Object(Symfony/Component/Console/Input/ArgvInput), Object(Symfony/Component/Console/Output/ConsoleOutput))
#57 C:/Users/yyhy0/Herd/meeting.sisuu.com/backend/vendor/symfony/console/Application.php(175): Symfony/Component/Console/Application->doRun(Object(Symfony/Component/Console/Input/ArgvInput), Object(Symfony/Component/Console/Output/ConsoleOutput))
#58 C:/Users/yyhy0/Herd/meeting.sisuu.com/backend/vendor/laravel/framework/src/Illuminate/Foundation/Console/Kernel.php(201): Symfony/Component/Console/Application->run(Object(Symfony/Component/Console/Input/ArgvInput), Object(Symfony/Component/Console/Output/ConsoleOutput))
#59 C:/Users/yyhy0/Herd/meeting.sisuu.com/backend/artisan(12): Illuminate/Foundation/Console/Kernel->handle(Object(Symfony/Component/Console/Input/ArgvInput), Object(Symfony/Component/Console/Output/ConsoleOutput))
#60 {main}

[previous exception] [object] (PDOException(code: 23000): SQLSTATE[23000]: Integrity constraint violation: 19 UNIQUE constraint failed: users.email at C:/Users/yyhy0/Herd/meeting.sisuu.com/backend/vendor/laravel/framework/src/Illuminate/Database/Connection.php:587)
[stacktrace]
#0 C:/Users/yyhy0/Herd/meeting.sisuu.com/backend/vendor/laravel/framework/src/Illuminate/Database/Connection.php(587): PDOStatement->execute()
#1 C:/Users/yyhy0/Herd/meeting.sisuu.com/backend/vendor/laravel/framework/src/Illuminate/Database/Connection.php(816): Illuminate/Database/Connection->Illuminate/Database/{closure}('insert into \"us...', Array)
#2 C:/Users/yyhy0/Herd/meeting.sisuu.com/backend/vendor/laravel/framework/src/Illuminate/Database/Connection.php(783): Illuminate/Database/Connection->runQueryCallback('insert into \"us...', Array, Object(Closure))
#3 C:/Users/yyhy0/Herd/meeting.sisuu.com/backend/vendor/laravel/framework/src/Illuminate/Database/Connection.php(576): Illuminate/Database/Connection->run('insert into \"us...', Array, Object(Closure))
#4 C:/Users/yyhy0/Herd/meeting.sisuu.com/backend/vendor/laravel/framework/src/Illuminate/Database/Connection.php(540): Illuminate/Database/Connection->statement('insert into \"us...', Array)
#5 C:/Users/yyhy0/Herd/meeting.sisuu.com/backend/vendor/laravel/framework/src/Illuminate/Database/Query/Processors/Processor.php(32): Illuminate/Database/Connection->insert('insert into \"us...', Array)
#6 C:/Users/yyhy0/Herd/meeting.sisuu.com/backend/vendor/laravel/framework/src/Illuminate/Database/Query/Builder.php(3549): Illuminate/Database/Query/Processors/Processor->processInsertGetId(Object(Illuminate/Database/Query/Builder), 'insert into \"us...', Array, 'id')
#7 C:/Users/yyhy0/Herd/meeting.sisuu.com/backend/vendor/laravel/framework/src/Illuminate/Database/Eloquent/Builder.php(1982): Illuminate/Database/Query/Builder->insertGetId(Array, 'id')
#8 C:/Users/yyhy0/Herd/meeting.sisuu.com/backend/vendor/laravel/framework/src/Illuminate/Database/Eloquent/Model.php(1334): Illuminate/Database/Eloquent/Builder->__call('insertGetId', Array)
#9 C:/Users/yyhy0/Herd/meeting.sisuu.com/backend/vendor/laravel/framework/src/Illuminate/Database/Eloquent/Model.php(1299): Illuminate/Database/Eloquent/Model->insertAndSetId(Object(Illuminate/Database/Eloquent/Builder), Array)
#10 C:/Users/yyhy0/Herd/meeting.sisuu.com/backend/vendor/laravel/framework/src/Illuminate/Database/Eloquent/Model.php(1138): Illuminate/Database/Eloquent/Model->performInsert(Object(Illuminate/Database/Eloquent/Builder))
#11 C:/Users/yyhy0/Herd/meeting.sisuu.com/backend/vendor/laravel/framework/src/Illuminate/Database/Eloquent/Builder.php(1025): Illuminate/Database/Eloquent/Model->save()
#12 C:/Users/yyhy0/Herd/meeting.sisuu.com/backend/vendor/laravel/framework/src/Illuminate/Support/helpers.php(320): Illuminate/Database/Eloquent/Builder->Illuminate/Database/Eloquent/{closure}(Object(App/Models/User))
#13 C:/Users/yyhy0/Herd/meeting.sisuu.com/backend/vendor/laravel/framework/src/Illuminate/Database/Eloquent/Builder.php(1024): tap(Object(App/Models/User), Object(Closure))
#14 C:/Users/yyhy0/Herd/meeting.sisuu.com/backend/vendor/laravel/framework/src/Illuminate/Support/Traits/ForwardsCalls.php(23): Illuminate/Database/Eloquent/Builder->create(Array)
#15 C:/Users/yyhy0/Herd/meeting.sisuu.com/backend/vendor/laravel/framework/src/Illuminate/Database/Eloquent/Model.php(2335): Illuminate/Database/Eloquent/Model->forwardCallTo(Object(Illuminate/Database/Eloquent/Builder), 'create', Array)
#16 C:/Users/yyhy0/Herd/meeting.sisuu.com/backend/vendor/laravel/framework/src/Illuminate/Database/Eloquent/Model.php(2347): Illuminate/Database/Eloquent/Model->__call('create', Array)
#17 C:/Users/yyhy0/Herd/meeting.sisuu.com/backend/database/seeders/MultiTenantSeeder.php(16): Illuminate/Database/Eloquent/Model::__callStatic('create', Array)
#18 C:/Users/yyhy0/Herd/meeting.sisuu.com/backend/vendor/laravel/framework/src/Illuminate/Container/BoundMethod.php(36): Database/Seeders/MultiTenantSeeder->run()
#19 C:/Users/yyhy0/Herd/meeting.sisuu.com/backend/vendor/laravel/framework/src/Illuminate/Container/Util.php(41): Illuminate/Container/BoundMethod::Illuminate/Container/{closure}()
#20 C:/Users/yyhy0/Herd/meeting.sisuu.com/backend/vendor/laravel/framework/src/Illuminate/Container/BoundMethod.php(93): Illuminate/Container/Util::unwrapIfClosure(Object(Closure))
#21 C:/Users/yyhy0/Herd/meeting.sisuu.com/backend/vendor/laravel/framework/src/Illuminate/Container/BoundMethod.php(35): Illuminate/Container/BoundMethod::callBoundMethod(Object(Illuminate/Foundation/Application), Array, Object(Closure))
#22 C:/Users/yyhy0/Herd/meeting.sisuu.com/backend/vendor/laravel/framework/src/Illuminate/Container/Container.php(662): Illuminate/Container/BoundMethod::call(Object(Illuminate/Foundation/Application), Array, Array, NULL)
#23 C:/Users/yyhy0/Herd/meeting.sisuu.com/backend/vendor/laravel/framework/src/Illuminate/Database/Seeder.php(184): Illuminate/Container/Container->call(Array, Array)
#24 C:/Users/yyhy0/Herd/meeting.sisuu.com/backend/vendor/laravel/framework/src/Illuminate/Database/Seeder.php(193): Illuminate/Database/Seeder->Illuminate/Database/{closure}()
#25 C:/Users/yyhy0/Herd/meeting.sisuu.com/backend/vendor/laravel/framework/src/Illuminate/Database/Seeder.php(61): Illuminate/Database/Seeder->__invoke(Array)
#26 C:/Users/yyhy0/Herd/meeting.sisuu.com/backend/database/seeders/DatabaseSeeder.php(11): Illuminate/Database/Seeder->call('Database//Seeder...')
#27 C:/Users/yyhy0/Herd/meeting.sisuu.com/backend/vendor/laravel/framework/src/Illuminate/Container/BoundMethod.php(36): Database/Seeders/DatabaseSeeder->run()
#28 C:/Users/yyhy0/Herd/meeting.sisuu.com/backend/vendor/laravel/framework/src/Illuminate/Container/Util.php(41): Illuminate/Container/BoundMethod::Illuminate/Container/{closure}()
#29 C:/Users/yyhy0/Herd/meeting.sisuu.com/backend/vendor/laravel/framework/src/Illuminate/Container/BoundMethod.php(93): Illuminate/Container/Util::unwrapIfClosure(Object(Closure))
#30 C:/Users/yyhy0/Herd/meeting.sisuu.com/backend/vendor/laravel/framework/src/Illuminate/Container/BoundMethod.php(35): Illuminate/Container/BoundMethod::callBoundMethod(Object(Illuminate/Foundation/Application), Array, Object(Closure))
#31 C:/Users/yyhy0/Herd/meeting.sisuu.com/backend/vendor/laravel/framework/src/Illuminate/Container/Container.php(662): Illuminate/Container/BoundMethod::call(Object(Illuminate/Foundation/Application), Array, Array, NULL)
#32 C:/Users/yyhy0/Herd/meeting.sisuu.com/backend/vendor/laravel/framework/src/Illuminate/Database/Seeder.php(184): Illuminate/Container/Container->call(Array, Array)
#33 C:/Users/yyhy0/Herd/meeting.sisuu.com/backend/vendor/laravel/framework/src/Illuminate/Database/Seeder.php(193): Illuminate/Database/Seeder->Illuminate/Database/{closure}()
#34 C:/Users/yyhy0/Herd/meeting.sisuu.com/backend/vendor/laravel/framework/src/Illuminate/Database/Console/Seeds/SeedCommand.php(70): Illuminate/Database/Seeder->__invoke()
#35 C:/Users/yyhy0/Herd/meeting.sisuu.com/backend/vendor/laravel/framework/src/Illuminate/Database/Eloquent/Concerns/GuardsAttributes.php(155): Illuminate/Database/Console/Seeds/SeedCommand->Illuminate/Database/Console/Seeds/{closure}()
#36 C:/Users/yyhy0/Herd/meeting.sisuu.com/backend/vendor/laravel/framework/src/Illuminate/Database/Console/Seeds/SeedCommand.php(69): Illuminate/Database/Eloquent/Model::unguarded(Object(Closure))
#37 C:/Users/yyhy0/Herd/meeting.sisuu.com/backend/vendor/laravel/framework/src/Illuminate/Container/BoundMethod.php(36): Illuminate/Database/Console/Seeds/SeedCommand->handle()
#38 C:/Users/yyhy0/Herd/meeting.sisuu.com/backend/vendor/laravel/framework/src/Illuminate/Container/Util.php(41): Illuminate/Container/BoundMethod::Illuminate/Container/{closure}()
#39 C:/Users/yyhy0/Herd/meeting.sisuu.com/backend/vendor/laravel/framework/src/Illuminate/Container/BoundMethod.php(93): Illuminate/Container/Util::unwrapIfClosure(Object(Closure))
#40 C:/Users/yyhy0/Herd/meeting.sisuu.com/backend/vendor/laravel/framework/src/Illuminate/Container/BoundMethod.php(35): Illuminate/Container/BoundMethod::callBoundMethod(Object(Illuminate/Foundation/Application), Array, Object(Closure))
#41 C:/Users/yyhy0/Herd/meeting.sisuu.com/backend/vendor/laravel/framework/src/Illuminate/Container/Container.php(662): Illuminate/Container/BoundMethod::call(Object(Illuminate/Foundation/Application), Array, Array, NULL)
#42 C:/Users/yyhy0/Herd/meeting.sisuu.com/backend/vendor/laravel/framework/src/Illuminate/Console/Command.php(211): Illuminate/Container/Container->call(Array)
#43 C:/Users/yyhy0/Herd/meeting.sisuu.com/backend/vendor/symfony/console/Command/Command.php(326): Illuminate/Console/Command->execute(Object(Symfony/Component/Console/Input/ArrayInput), Object(Illuminate/Console/OutputStyle))
#44 C:/Users/yyhy0/Herd/meeting.sisuu.com/backend/vendor/laravel/framework/src/Illuminate/Console/Command.php(180): Symfony/Component/Console/Command/Command->run(Object(Symfony/Component/Console/Input/ArrayInput), Object(Illuminate/Console/OutputStyle))
#45 C:/Users/yyhy0/Herd/meeting.sisuu.com/backend/vendor/laravel/framework/src/Illuminate/Console/Concerns/CallsCommands.php(67): Illuminate/Console/Command->run(Object(Symfony/Component/Console/Input/ArrayInput), Object(Illuminate/Console/OutputStyle))
#46 C:/Users/yyhy0/Herd/meeting.sisuu.com/backend/vendor/laravel/framework/src/Illuminate/Console/Concerns/CallsCommands.php(28): Illuminate/Console/Command->runCommand('db:seed', Array, Object(Illuminate/Console/OutputStyle))
#47 C:/Users/yyhy0/Herd/meeting.sisuu.com/backend/vendor/laravel/framework/src/Illuminate/Database/Console/Migrations/FreshCommand.php(93): Illuminate/Console/Command->call('db:seed', Array)
#48 C:/Users/yyhy0/Herd/meeting.sisuu.com/backend/vendor/laravel/framework/src/Illuminate/Database/Console/Migrations/FreshCommand.php(69): Illuminate/Database/Console/Migrations/FreshCommand->runSeeder(NULL)
#49 C:/Users/yyhy0/Herd/meeting.sisuu.com/backend/vendor/laravel/framework/src/Illuminate/Container/BoundMethod.php(36): Illuminate/Database/Console/Migrations/FreshCommand->handle()
#50 C:/Users/yyhy0/Herd/meeting.sisuu.com/backend/vendor/laravel/framework/src/Illuminate/Container/Util.php(41): Illuminate/Container/BoundMethod::Illuminate/Container/{closure}()
#51 C:/Users/yyhy0/Herd/meeting.sisuu.com/backend/vendor/laravel/framework/src/Illuminate/Container/BoundMethod.php(93): Illuminate/Container/Util::unwrapIfClosure(Object(Closure))
#52 C:/Users/yyhy0/Herd/meeting.sisuu.com/backend/vendor/laravel/framework/src/Illuminate/Container/BoundMethod.php(35): Illuminate/Container/BoundMethod::callBoundMethod(Object(Illuminate/Foundation/Application), Array, Object(Closure))
#53 C:/Users/yyhy0/Herd/meeting.sisuu.com/backend/vendor/laravel/framework/src/Illuminate/Container/Container.php(662): Illuminate/Container/BoundMethod::call(Object(Illuminate/Foundation/Application), Array, Array, NULL)
#54 C:/Users/yyhy0/Herd/meeting.sisuu.com/backend/vendor/laravel/framework/src/Illuminate/Console/Command.php(211): Illuminate/Container/Container->call(Array)
#55 C:/Users/yyhy0/Herd/meeting.sisuu.com/backend/vendor/symfony/console/Command/Command.php(326): Illuminate/Console/Command->execute(Object(Symfony/Component/Console/Input/ArgvInput), Object(Illuminate/Console/OutputStyle))
#56 C:/Users/yyhy0/Herd/meeting.sisuu.com/backend/vendor/laravel/framework/src/Illuminate/Console/Command.php(180): Symfony/Component/Console/Command/Command->run(Object(Symfony/Component/Console/Input/ArgvInput), Object(Illuminate/Console/OutputStyle))
#57 C:/Users/yyhy0/Herd/meeting.sisuu.com/backend/vendor/symfony/console/Application.php(1121): Illuminate/Console/Command->run(Object(Symfony/Component/Console/Input/ArgvInput), Object(Symfony/Component/Console/Output/ConsoleOutput))
#58 C:/Users/yyhy0/Herd/meeting.sisuu.com/backend/vendor/symfony/console/Application.php(324): Symfony/Component/Console/Application->doRunCommand(Object(Illuminate/Database/Console/Migrations/FreshCommand), Object(Symfony/Component/Console/Input/ArgvInput), Object(Symfony/Component/Console/Output/ConsoleOutput))
#59 C:/Users/yyhy0/Herd/meeting.sisuu.com/backend/vendor/symfony/console/Application.php(175): Symfony/Component/Console/Application->doRun(Object(Symfony/Component/Console/Input/ArgvInput), Object(Symfony/Component/Console/Output/ConsoleOutput))
#60 C:/Users/yyhy0/Herd/meeting.sisuu.com/backend/vendor/laravel/framework/src/Illuminate/Foundation/Console/Kernel.php(201): Symfony/Component/Console/Application->run(Object(Symfony/Component/Console/Input/ArgvInput), Object(Symfony/Component/Console/Output/ConsoleOutput))
#61 C:/Users/yyhy0/Herd/meeting.sisuu.com/backend/artisan(12): Illuminate/Foundation/Console/Kernel->handle(Object(Symfony/Component/Console/Input/ArgvInput), Object(Symfony/Component/Console/Output/ConsoleOutput))
#62 {main}
"} 
[2026-06-04 14:56:27] local.ERROR: Command "tinker" is not defined. {"exception":"[object] (Symfony\\Component\\Console\\Exception\\CommandNotFoundException(code: 0): Command \"tinker\" is not defined. at C:/Users/yyhy0/Herd/meeting.sisuu.com/backend/vendor/symfony/console/Application.php:745)
[stacktrace]
#0 C:/Users/yyhy0/Herd/meeting.sisuu.com/backend/vendor/symfony/console/Application.php(266): Symfony/Component/Console/Application->find('tinker')
#1 C:/Users/yyhy0/Herd/meeting.sisuu.com/backend/vendor/symfony/console/Application.php(175): Symfony/Component/Console/Application->doRun(Object(Symfony/Component/Console/Input/ArgvInput), Object(Symfony/Component/Console/Output/ConsoleOutput))
#2 C:/Users/yyhy0/Herd/meeting.sisuu.com/backend/vendor/laravel/framework/src/Illuminate/Foundation/Console/Kernel.php(201): Symfony/Component/Console/Application->run(Object(Symfony/Component/Console/Input/ArgvInput), Object(Symfony/Component/Console/Output/ConsoleOutput))
#3 C:/Users/yyhy0/Herd/meeting.sisuu.com/backend/artisan(12): Illuminate/Foundation/Console/Kernel->handle(Object(Symfony/Component/Console/Input/ArgvInput), Object(Symfony/Component/Console/Output/ConsoleOutput))
#4 {main}
"} 
[2026-06-05 12:26:04] production.ERROR: Command "tinker" is not defined. {"exception":"[object] (Symfony\\Component\\Console\\Exception\\CommandNotFoundException(code: 0): Command \"tinker\" is not defined. at /www/wwwroot/meeting.sisuu.com/backend/vendor/symfony/console/Application.php:745)
[stacktrace]
#0 /www/wwwroot/meeting.sisuu.com/backend/vendor/symfony/console/Application.php(266): Symfony\\Component\\Console\\Application->find()
#1 /www/wwwroot/meeting.sisuu.com/backend/vendor/symfony/console/Application.php(175): Symfony\\Component\\Console\\Application->doRun()
#2 /www/wwwroot/meeting.sisuu.com/backend/vendor/laravel/framework/src/Illuminate/Foundation/Console/Kernel.php(201): Symfony\\Component\\Console\\Application->run()
#3 /www/wwwroot/meeting.sisuu.com/backend/artisan(12): Illuminate\\Foundation\\Console\\Kernel->handle()
#4 {main}
"} 
[2026-06-05 12:26:55] production.ERROR: SQLSTATE[HY000]: General error: 1005 Can't create table `meeting_room`.`users` (errno: 150 "Foreign key constraint is incorrectly formed") (Connection: mysql, SQL: alter table `users` add constraint `users_department_id_foreign` foreign key (`department_id`) references `departments` (`id`) on delete set null) {"exception":"[object] (Illuminate\\Database\\QueryException(code: HY000): SQLSTATE[HY000]: General error: 1005 Can't create table `meeting_room`.`users` (errno: 150 \"Foreign key constraint is incorrectly formed\") (Connection: mysql, SQL: alter table `users` add constraint `users_department_id_foreign` foreign key (`department_id`) references `departments` (`id`) on delete set null) at /www/wwwroot/meeting.sisuu.com/backend/vendor/laravel/framework/src/Illuminate/Database/Connection.php:829)
[stacktrace]
#0 /www/wwwroot/meeting.sisuu.com/backend/vendor/laravel/framework/src/Illuminate/Database/Connection.php(783): Illuminate\\Database\\Connection->runQueryCallback()
#1 /www/wwwroot/meeting.sisuu.com/backend/vendor/laravel/framework/src/Illuminate/Database/Connection.php(576): Illuminate\\Database\\Connection->run()
#2 /www/wwwroot/meeting.sisuu.com/backend/vendor/laravel/framework/src/Illuminate/Database/Schema/Blueprint.php(110): Illuminate\\Database\\Connection->statement()
#3 /www/wwwroot/meeting.sisuu.com/backend/vendor/laravel/framework/src/Illuminate/Database/Schema/Builder.php(602): Illuminate\\Database\\Schema\\Blueprint->build()
#4 /www/wwwroot/meeting.sisuu.com/backend/vendor/laravel/framework/src/Illuminate/Database/Schema/Builder.php(456): Illuminate\\Database\\Schema\\Builder->build()
#5 /www/wwwroot/meeting.sisuu.com/backend/vendor/laravel/framework/src/Illuminate/Support/Facades/Facade.php(355): Illuminate\\Database\\Schema\\Builder->create()
#6 /www/wwwroot/meeting.sisuu.com/backend/database/migrations/2024_01_01_000001_create_users_table.php(11): Illuminate\\Support\\Facades\\Facade::__callStatic()
#7 /www/wwwroot/meeting.sisuu.com/backend/vendor/laravel/framework/src/Illuminate/Database/Migrations/Migrator.php(501): Illuminate\\Database\\Migrations\\Migration@anonymous->up()
#8 /www/wwwroot/meeting.sisuu.com/backend/vendor/laravel/framework/src/Illuminate/Database/Migrations/Migrator.php(418): Illuminate\\Database\\Migrations\\Migrator->runMethod()
#9 /www/wwwroot/meeting.sisuu.com/backend/vendor/laravel/framework/src/Illuminate/Database/Migrations/Migrator.php(427): Illuminate\\Database\\Migrations\\Migrator->Illuminate\\Database\\Migrations\\{closure}()
#10 /www/wwwroot/meeting.sisuu.com/backend/vendor/laravel/framework/src/Illuminate/Database/Migrations/Migrator.php(224): Illuminate\\Database\\Migrations\\Migrator->runMigration()
#11 /www/wwwroot/meeting.sisuu.com/backend/vendor/laravel/framework/src/Illuminate/Console/View/Components/Task.php(37): Illuminate\\Database\\Migrations\\Migrator->Illuminate\\Database\\Migrations\\{closure}()
#12 /www/wwwroot/meeting.sisuu.com/backend/vendor/laravel/framework/src/Illuminate/Database/Migrations/Migrator.php(783): Illuminate\\Console\\View\\Components\\Task->render()
#13 /www/wwwroot/meeting.sisuu.com/backend/vendor/laravel/framework/src/Illuminate/Database/Migrations/Migrator.php(224): Illuminate\\Database\\Migrations\\Migrator->write()
#14 /www/wwwroot/meeting.sisuu.com/backend/vendor/laravel/framework/src/Illuminate/Database/Migrations/Migrator.php(189): Illuminate\\Database\\Migrations\\Migrator->runUp()
#15 /www/wwwroot/meeting.sisuu.com/backend/vendor/laravel/framework/src/Illuminate/Database/Migrations/Migrator.php(132): Illuminate\\Database\\Migrations\\Migrator->runPending()
#16 /www/wwwroot/meeting.sisuu.com/backend/vendor/laravel/framework/src/Illuminate/Database/Console/Migrations/MigrateCommand.php(90): Illuminate\\Database\\Migrations\\Migrator->run()
#17 /www/wwwroot/meeting.sisuu.com/backend/vendor/laravel/framework/src/Illuminate/Database/Migrations/Migrator.php(641): Illuminate\\Database\\Console\\Migrations\\MigrateCommand->Illuminate\\Database\\Console\\Migrations\\{closure}()
#18 /www/wwwroot/meeting.sisuu.com/backend/vendor/laravel/framework/src/Illuminate/Database/Console/Migrations/MigrateCommand.php(83): Illuminate\\Database\\Migrations\\Migrator->usingConnection()
#19 /www/wwwroot/meeting.sisuu.com/backend/vendor/laravel/framework/src/Illuminate/Container/BoundMethod.php(36): Illuminate\\Database\\Console\\Migrations\\MigrateCommand->handle()
#20 /www/wwwroot/meeting.sisuu.com/backend/vendor/laravel/framework/src/Illuminate/Container/Util.php(41): Illuminate\\Container\\BoundMethod::Illuminate\\Container\\{closure}()
#21 /www/wwwroot/meeting.sisuu.com/backend/vendor/laravel/framework/src/Illuminate/Container/BoundMethod.php(93): Illuminate\\Container\\Util::unwrapIfClosure()
#22 /www/wwwroot/meeting.sisuu.com/backend/vendor/laravel/framework/src/Illuminate/Container/BoundMethod.php(35): Illuminate\\Container\\BoundMethod::callBoundMethod()
#23 /www/wwwroot/meeting.sisuu.com/backend/vendor/laravel/framework/src/Illuminate/Container/Container.php(662): Illuminate\\Container\\BoundMethod::call()
#24 /www/wwwroot/meeting.sisuu.com/backend/vendor/laravel/framework/src/Illuminate/Console/Command.php(211): Illuminate\\Container\\Container->call()
#25 /www/wwwroot/meeting.sisuu.com/backend/vendor/symfony/console/Command/Command.php(326): Illuminate\\Console\\Command->execute()
#26 /www/wwwroot/meeting.sisuu.com/backend/vendor/laravel/framework/src/Illuminate/Console/Command.php(180): Symfony\\Component\\Console\\Command\\Command->run()
#27 /www/wwwroot/meeting.sisuu.com/backend/vendor/symfony/console/Application.php(1121): Illuminate\\Console\\Command->run()
#28 /www/wwwroot/meeting.sisuu.com/backend/vendor/symfony/console/Application.php(324): Symfony\\Component\\Console\\Application->doRunCommand()
#29 /www/wwwroot/meeting.sisuu.com/backend/vendor/symfony/console/Application.php(175): Symfony\\Component\\Console\\Application->doRun()
#30 /www/wwwroot/meeting.sisuu.com/backend/vendor/laravel/framework/src/Illuminate/Foundation/Console/Kernel.php(201): Symfony\\Component\\Console\\Application->run()
#31 /www/wwwroot/meeting.sisuu.com/backend/artisan(12): Illuminate\\Foundation\\Console\\Kernel->handle()
#32 {main}

[previous exception] [object] (PDOException(code: HY000): SQLSTATE[HY000]: General error: 1005 Can't create table `meeting_room`.`users` (errno: 150 \"Foreign key constraint is incorrectly formed\") at /www/wwwroot/meeting.sisuu.com/backend/vendor/laravel/framework/src/Illuminate/Database/Connection.php:587)
[stacktrace]
#0 /www/wwwroot/meeting.sisuu.com/backend/vendor/laravel/framework/src/Illuminate/Database/Connection.php(587): PDOStatement->execute()
#1 /www/wwwroot/meeting.sisuu.com/backend/vendor/laravel/framework/src/Illuminate/Database/Connection.php(816): Illuminate\\Database\\Connection->Illuminate\\Database\\{closure}()
#2 /www/wwwroot/meeting.sisuu.com/backend/vendor/laravel/framework/src/Illuminate/Database/Connection.php(783): Illuminate\\Database\\Connection->runQueryCallback()
#3 /www/wwwroot/meeting.sisuu.com/backend/vendor/laravel/framework/src/Illuminate/Database/Connection.php(576): Illuminate\\Database\\Connection->run()
#4 /www/wwwroot/meeting.sisuu.com/backend/vendor/laravel/framework/src/Illuminate/Database/Schema/Blueprint.php(110): Illuminate\\Database\\Connection->statement()
#5 /www/wwwroot/meeting.sisuu.com/backend/vendor/laravel/framework/src/Illuminate/Database/Schema/Builder.php(602): Illuminate\\Database\\Schema\\Blueprint->build()
#6 /www/wwwroot/meeting.sisuu.com/backend/vendor/laravel/framework/src/Illuminate/Database/Schema/Builder.php(456): Illuminate\\Database\\Schema\\Builder->build()
#7 /www/wwwroot/meeting.sisuu.com/backend/vendor/laravel/framework/src/Illuminate/Support/Facades/Facade.php(355): Illuminate\\Database\\Schema\\Builder->create()
#8 /www/wwwroot/meeting.sisuu.com/backend/database/migrations/2024_01_01_000001_create_users_table.php(11): Illuminate\\Support\\Facades\\Facade::__callStatic()
#9 /www/wwwroot/meeting.sisuu.com/backend/vendor/laravel/framework/src/Illuminate/Database/Migrations/Migrator.php(501): Illuminate\\Database\\Migrations\\Migration@anonymous->up()
#10 /www/wwwroot/meeting.sisuu.com/backend/vendor/laravel/framework/src/Illuminate/Database/Migrations/Migrator.php(418): Illuminate\\Database\\Migrations\\Migrator->runMethod()
#11 /www/wwwroot/meeting.sisuu.com/backend/vendor/laravel/framework/src/Illuminate/Database/Migrations/Migrator.php(427): Illuminate\\Database\\Migrations\\Migrator->Illuminate\\Database\\Migrations\\{closure}()
#12 /www/wwwroot/meeting.sisuu.com/backend/vendor/laravel/framework/src/Illuminate/Database/Migrations/Migrator.php(224): Illuminate\\Database\\Migrations\\Migrator->runMigration()
#13 /www/wwwroot/meeting.sisuu.com/backend/vendor/laravel/framework/src/Illuminate/Console/View/Components/Task.php(37): Illuminate\\Database\\Migrations\\Migrator->Illuminate\\Database\\Migrations\\{closure}()
#14 /www/wwwroot/meeting.sisuu.com/backend/vendor/laravel/framework/src/Illuminate/Database/Migrations/Migrator.php(783): Illuminate\\Console\\View\\Components\\Task->render()
#15 /www/wwwroot/meeting.sisuu.com/backend/vendor/laravel/framework/src/Illuminate/Database/Migrations/Migrator.php(224): Illuminate\\Database\\Migrations\\Migrator->write()
#16 /www/wwwroot/meeting.sisuu.com/backend/vendor/laravel/framework/src/Illuminate/Database/Migrations/Migrator.php(189): Illuminate\\Database\\Migrations\\Migrator->runUp()
#17 /www/wwwroot/meeting.sisuu.com/backend/vendor/laravel/framework/src/Illuminate/Database/Migrations/Migrator.php(132): Illuminate\\Database\\Migrations\\Migrator->runPending()
#18 /www/wwwroot/meeting.sisuu.com/backend/vendor/laravel/framework/src/Illuminate/Database/Console/Migrations/MigrateCommand.php(90): Illuminate\\Database\\Migrations\\Migrator->run()
#19 /www/wwwroot/meeting.sisuu.com/backend/vendor/laravel/framework/src/Illuminate/Database/Migrations/Migrator.php(641): Illuminate\\Database\\Console\\Migrations\\MigrateCommand->Illuminate\\Database\\Console\\Migrations\\{closure}()
#20 /www/wwwroot/meeting.sisuu.com/backend/vendor/laravel/framework/src/Illuminate/Database/Console/Migrations/MigrateCommand.php(83): Illuminate\\Database\\Migrations\\Migrator->usingConnection()
#21 /www/wwwroot/meeting.sisuu.com/backend/vendor/laravel/framework/src/Illuminate/Container/BoundMethod.php(36): Illuminate\\Database\\Console\\Migrations\\MigrateCommand->handle()
#22 /www/wwwroot/meeting.sisuu.com/backend/vendor/laravel/framework/src/Illuminate/Container/Util.php(41): Illuminate\\Container\\BoundMethod::Illuminate\\Container\\{closure}()
#23 /www/wwwroot/meeting.sisuu.com/backend/vendor/laravel/framework/src/Illuminate/Container/BoundMethod.php(93): Illuminate\\Container\\Util::unwrapIfClosure()
#24 /www/wwwroot/meeting.sisuu.com/backend/vendor/laravel/framework/src/Illuminate/Container/BoundMethod.php(35): Illuminate\\Container\\BoundMethod::callBoundMethod()
#25 /www/wwwroot/meeting.sisuu.com/backend/vendor/laravel/framework/src/Illuminate/Container/Container.php(662): Illuminate\\Container\\BoundMethod::call()
#26 /www/wwwroot/meeting.sisuu.com/backend/vendor/laravel/framework/src/Illuminate/Console/Command.php(211): Illuminate\\Container\\Container->call()
#27 /www/wwwroot/meeting.sisuu.com/backend/vendor/symfony/console/Command/Command.php(326): Illuminate\\Console\\Command->execute()
#28 /www/wwwroot/meeting.sisuu.com/backend/vendor/laravel/framework/src/Illuminate/Console/Command.php(180): Symfony\\Component\\Console\\Command\\Command->run()
#29 /www/wwwroot/meeting.sisuu.com/backend/vendor/symfony/console/Application.php(1121): Illuminate\\Console\\Command->run()
#30 /www/wwwroot/meeting.sisuu.com/backend/vendor/symfony/console/Application.php(324): Symfony\\Component\\Console\\Application->doRunCommand()
#31 /www/wwwroot/meeting.sisuu.com/backend/vendor/symfony/console/Application.php(175): Symfony\\Component\\Console\\Application->doRun()
#32 /www/wwwroot/meeting.sisuu.com/backend/vendor/laravel/framework/src/Illuminate/Foundation/Console/Kernel.php(201): Symfony\\Component\\Console\\Application->run()
#33 /www/wwwroot/meeting.sisuu.com/backend/artisan(12): Illuminate\\Foundation\\Console\\Kernel->handle()
#34 {main}
"} 
[2026-06-05 12:28:10] production.ERROR: SQLSTATE[HY000]: General error: 1005 Can't create table `meeting_room`.`departments` (errno: 150 "Foreign key constraint is incorrectly formed") (Connection: mysql, SQL: alter table `departments` add constraint `departments_parent_id_foreign` foreign key (`parent_id`) references `departments` (`id`) on delete set null) {"exception":"[object] (Illuminate\\Database\\QueryException(code: HY000): SQLSTATE[HY000]: General error: 1005 Can't create table `meeting_room`.`departments` (errno: 150 \"Foreign key constraint is incorrectly formed\") (Connection: mysql, SQL: alter table `departments` add constraint `departments_parent_id_foreign` foreign key (`parent_id`) references `departments` (`id`) on delete set null) at /www/wwwroot/meeting.sisuu.com/backend/vendor/laravel/framework/src/Illuminate/Database/Connection.php:829)
[stacktrace]
#0 /www/wwwroot/meeting.sisuu.com/backend/vendor/laravel/framework/src/Illuminate/Database/Connection.php(783): Illuminate\\Database\\Connection->runQueryCallback()
#1 /www/wwwroot/meeting.sisuu.com/backend/vendor/laravel/framework/src/Illuminate/Database/Connection.php(576): Illuminate\\Database\\Connection->run()
#2 /www/wwwroot/meeting.sisuu.com/backend/vendor/laravel/framework/src/Illuminate/Database/Schema/Blueprint.php(110): Illuminate\\Database\\Connection->statement()
#3 /www/wwwroot/meeting.sisuu.com/backend/vendor/laravel/framework/src/Illuminate/Database/Schema/Builder.php(602): Illuminate\\Database\\Schema\\Blueprint->build()
#4 /www/wwwroot/meeting.sisuu.com/backend/vendor/laravel/framework/src/Illuminate/Database/Schema/Builder.php(456): Illuminate\\Database\\Schema\\Builder->build()
#5 /www/wwwroot/meeting.sisuu.com/backend/vendor/laravel/framework/src/Illuminate/Support/Facades/Facade.php(355): Illuminate\\Database\\Schema\\Builder->create()
#6 /www/wwwroot/meeting.sisuu.com/backend/database/migrations/2024_01_01_000001_create_departments_table.php(11): Illuminate\\Support\\Facades\\Facade::__callStatic()
#7 /www/wwwroot/meeting.sisuu.com/backend/vendor/laravel/framework/src/Illuminate/Database/Migrations/Migrator.php(501): Illuminate\\Database\\Migrations\\Migration@anonymous->up()
#8 /www/wwwroot/meeting.sisuu.com/backend/vendor/laravel/framework/src/Illuminate/Database/Migrations/Migrator.php(418): Illuminate\\Database\\Migrations\\Migrator->runMethod()
#9 /www/wwwroot/meeting.sisuu.com/backend/vendor/laravel/framework/src/Illuminate/Database/Migrations/Migrator.php(427): Illuminate\\Database\\Migrations\\Migrator->Illuminate\\Database\\Migrations\\{closure}()
#10 /www/wwwroot/meeting.sisuu.com/backend/vendor/laravel/framework/src/Illuminate/Database/Migrations/Migrator.php(224): Illuminate\\Database\\Migrations\\Migrator->runMigration()
#11 /www/wwwroot/meeting.sisuu.com/backend/vendor/laravel/framework/src/Illuminate/Console/View/Components/Task.php(37): Illuminate\\Database\\Migrations\\Migrator->Illuminate\\Database\\Migrations\\{closure}()
#12 /www/wwwroot/meeting.sisuu.com/backend/vendor/laravel/framework/src/Illuminate/Database/Migrations/Migrator.php(783): Illuminate\\Console\\View\\Components\\Task->render()
#13 /www/wwwroot/meeting.sisuu.com/backend/vendor/laravel/framework/src/Illuminate/Database/Migrations/Migrator.php(224): Illuminate\\Database\\Migrations\\Migrator->write()
#14 /www/wwwroot/meeting.sisuu.com/backend/vendor/laravel/framework/src/Illuminate/Database/Migrations/Migrator.php(189): Illuminate\\Database\\Migrations\\Migrator->runUp()
#15 /www/wwwroot/meeting.sisuu.com/backend/vendor/laravel/framework/src/Illuminate/Database/Migrations/Migrator.php(132): Illuminate\\Database\\Migrations\\Migrator->runPending()
#16 /www/wwwroot/meeting.sisuu.com/backend/vendor/laravel/framework/src/Illuminate/Database/Console/Migrations/MigrateCommand.php(90): Illuminate\\Database\\Migrations\\Migrator->run()
#17 /www/wwwroot/meeting.sisuu.com/backend/vendor/laravel/framework/src/Illuminate/Database/Migrations/Migrator.php(641): Illuminate\\Database\\Console\\Migrations\\MigrateCommand->Illuminate\\Database\\Console\\Migrations\\{closure}()
#18 /www/wwwroot/meeting.sisuu.com/backend/vendor/laravel/framework/src/Illuminate/Database/Console/Migrations/MigrateCommand.php(83): Illuminate\\Database\\Migrations\\Migrator->usingConnection()
#19 /www/wwwroot/meeting.sisuu.com/backend/vendor/laravel/framework/src/Illuminate/Container/BoundMethod.php(36): Illuminate\\Database\\Console\\Migrations\\MigrateCommand->handle()
#20 /www/wwwroot/meeting.sisuu.com/backend/vendor/laravel/framework/src/Illuminate/Container/Util.php(41): Illuminate\\Container\\BoundMethod::Illuminate\\Container\\{closure}()
#21 /www/wwwroot/meeting.sisuu.com/backend/vendor/laravel/framework/src/Illuminate/Container/BoundMethod.php(93): Illuminate\\Container\\Util::unwrapIfClosure()
#22 /www/wwwroot/meeting.sisuu.com/backend/vendor/laravel/framework/src/Illuminate/Container/BoundMethod.php(35): Illuminate\\Container\\BoundMethod::callBoundMethod()
#23 /www/wwwroot/meeting.sisuu.com/backend/vendor/laravel/framework/src/Illuminate/Container/Container.php(662): Illuminate\\Container\\BoundMethod::call()
#24 /www/wwwroot/meeting.sisuu.com/backend/vendor/laravel/framework/src/Illuminate/Console/Command.php(211): Illuminate\\Container\\Container->call()
#25 /www/wwwroot/meeting.sisuu.com/backend/vendor/symfony/console/Command/Command.php(326): Illuminate\\Console\\Command->execute()
#26 /www/wwwroot/meeting.sisuu.com/backend/vendor/laravel/framework/src/Illuminate/Console/Command.php(180): Symfony\\Component\\Console\\Command\\Command->run()
#27 /www/wwwroot/meeting.sisuu.com/backend/vendor/laravel/framework/src/Illuminate/Console/Concerns/CallsCommands.php(67): Illuminate\\Console\\Command->run()
#28 /www/wwwroot/meeting.sisuu.com/backend/vendor/laravel/framework/src/Illuminate/Console/Concerns/CallsCommands.php(28): Illuminate\\Console\\Command->runCommand()
#29 /www/wwwroot/meeting.sisuu.com/backend/vendor/laravel/framework/src/Illuminate/Database/Console/Migrations/FreshCommand.php(53): Illuminate\\Console\\Command->call()
#30 /www/wwwroot/meeting.sisuu.com/backend/vendor/laravel/framework/src/Illuminate/Container/BoundMethod.php(36): Illuminate\\Database\\Console\\Migrations\\FreshCommand->handle()
#31 /www/wwwroot/meeting.sisuu.com/backend/vendor/laravel/framework/src/Illuminate/Container/Util.php(41): Illuminate\\Container\\BoundMethod::Illuminate\\Container\\{closure}()
#32 /www/wwwroot/meeting.sisuu.com/backend/vendor/laravel/framework/src/Illuminate/Container/BoundMethod.php(93): Illuminate\\Container\\Util::unwrapIfClosure()
#33 /www/wwwroot/meeting.sisuu.com/backend/vendor/laravel/framework/src/Illuminate/Container/BoundMethod.php(35): Illuminate\\Container\\BoundMethod::callBoundMethod()
#34 /www/wwwroot/meeting.sisuu.com/backend/vendor/laravel/framework/src/Illuminate/Container/Container.php(662): Illuminate\\Container\\BoundMethod::call()
#35 /www/wwwroot/meeting.sisuu.com/backend/vendor/laravel/framework/src/Illuminate/Console/Command.php(211): Illuminate\\Container\\Container->call()
#36 /www/wwwroot/meeting.sisuu.com/backend/vendor/symfony/console/Command/Command.php(326): Illuminate\\Console\\Command->execute()
#37 /www/wwwroot/meeting.sisuu.com/backend/vendor/laravel/framework/src/Illuminate/Console/Command.php(180): Symfony\\Component\\Console\\Command\\Command->run()
#38 /www/wwwroot/meeting.sisuu.com/backend/vendor/symfony/console/Application.php(1121): Illuminate\\Console\\Command->run()
#39 /www/wwwroot/meeting.sisuu.com/backend/vendor/symfony/console/Application.php(324): Symfony\\Component\\Console\\Application->doRunCommand()
#40 /www/wwwroot/meeting.sisuu.com/backend/vendor/symfony/console/Application.php(175): Symfony\\Component\\Console\\Application->doRun()
#41 /www/wwwroot/meeting.sisuu.com/backend/vendor/laravel/framework/src/Illuminate/Foundation/Console/Kernel.php(201): Symfony\\Component\\Console\\Application->run()
#42 /www/wwwroot/meeting.sisuu.com/backend/artisan(12): Illuminate\\Foundation\\Console\\Kernel->handle()
#43 {main}

[previous exception] [object] (PDOException(code: HY000): SQLSTATE[HY000]: General error: 1005 Can't create table `meeting_room`.`departments` (errno: 150 \"Foreign key constraint is incorrectly formed\") at /www/wwwroot/meeting.sisuu.com/backend/vendor/laravel/framework/src/Illuminate/Database/Connection.php:587)
[stacktrace]
#0 /www/wwwroot/meeting.sisuu.com/backend/vendor/laravel/framework/src/Illuminate/Database/Connection.php(587): PDOStatement->execute()
#1 /www/wwwroot/meeting.sisuu.com/backend/vendor/laravel/framework/src/Illuminate/Database/Connection.php(816): Illuminate\\Database\\Connection->Illuminate\\Database\\{closure}()
#2 /www/wwwroot/meeting.sisuu.com/backend/vendor/laravel/framework/src/Illuminate/Database/Connection.php(783): Illuminate\\Database\\Connection->runQueryCallback()
#3 /www/wwwroot/meeting.sisuu.com/backend/vendor/laravel/framework/src/Illuminate/Database/Connection.php(576): Illuminate\\Database\\Connection->run()
#4 /www/wwwroot/meeting.sisuu.com/backend/vendor/laravel/framework/src/Illuminate/Database/Schema/Blueprint.php(110): Illuminate\\Database\\Connection->statement()
#5 /www/wwwroot/meeting.sisuu.com/backend/vendor/laravel/framework/src/Illuminate/Database/Schema/Builder.php(602): Illuminate\\Database\\Schema\\Blueprint->build()
#6 /www/wwwroot/meeting.sisuu.com/backend/vendor/laravel/framework/src/Illuminate/Database/Schema/Builder.php(456): Illuminate\\Database\\Schema\\Builder->build()
#7 /www/wwwroot/meeting.sisuu.com/backend/vendor/laravel/framework/src/Illuminate/Support/Facades/Facade.php(355): Illuminate\\Database\\Schema\\Builder->create()
#8 /www/wwwroot/meeting.sisuu.com/backend/database/migrations/2024_01_01_000001_create_departments_table.php(11): Illuminate\\Support\\Facades\\Facade::__callStatic()
#9 /www/wwwroot/meeting.sisuu.com/backend/vendor/laravel/framework/src/Illuminate/Database/Migrations/Migrator.php(501): Illuminate\\Database\\Migrations\\Migration@anonymous->up()
#10 /www/wwwroot/meeting.sisuu.com/backend/vendor/laravel/framework/src/Illuminate/Database/Migrations/Migrator.php(418): Illuminate\\Database\\Migrations\\Migrator->runMethod()
#11 /www/wwwroot/meeting.sisuu.com/backend/vendor/laravel/framework/src/Illuminate/Database/Migrations/Migrator.php(427): Illuminate\\Database\\Migrations\\Migrator->Illuminate\\Database\\Migrations\\{closure}()
#12 /www/wwwroot/meeting.sisuu.com/backend/vendor/laravel/framework/src/Illuminate/Database/Migrations/Migrator.php(224): Illuminate\\Database\\Migrations\\Migrator->runMigration()
#13 /www/wwwroot/meeting.sisuu.com/backend/vendor/laravel/framework/src/Illuminate/Console/View/Components/Task.php(37): Illuminate\\Database\\Migrations\\Migrator->Illuminate\\Database\\Migrations\\{closure}()
#14 /www/wwwroot/meeting.sisuu.com/backend/vendor/laravel/framework/src/Illuminate/Database/Migrations/Migrator.php(783): Illuminate\\Console\\View\\Components\\Task->render()
#15 /www/wwwroot/meeting.sisuu.com/backend/vendor/laravel/framework/src/Illuminate/Database/Migrations/Migrator.php(224): Illuminate\\Database\\Migrations\\Migrator->write()
#16 /www/wwwroot/meeting.sisuu.com/backend/vendor/laravel/framework/src/Illuminate/Database/Migrations/Migrator.php(189): Illuminate\\Database\\Migrations\\Migrator->runUp()
#17 /www/wwwroot/meeting.sisuu.com/backend/vendor/laravel/framework/src/Illuminate/Database/Migrations/Migrator.php(132): Illuminate\\Database\\Migrations\\Migrator->runPending()
#18 /www/wwwroot/meeting.sisuu.com/backend/vendor/laravel/framework/src/Illuminate/Database/Console/Migrations/MigrateCommand.php(90): Illuminate\\Database\\Migrations\\Migrator->run()
#19 /www/wwwroot/meeting.sisuu.com/backend/vendor/laravel/framework/src/Illuminate/Database/Migrations/Migrator.php(641): Illuminate\\Database\\Console\\Migrations\\MigrateCommand->Illuminate\\Database\\Console\\Migrations\\{closure}()
#20 /www/wwwroot/meeting.sisuu.com/backend/vendor/laravel/framework/src/Illuminate/Database/Console/Migrations/MigrateCommand.php(83): Illuminate\\Database\\Migrations\\Migrator->usingConnection()
#21 /www/wwwroot/meeting.sisuu.com/backend/vendor/laravel/framework/src/Illuminate/Container/BoundMethod.php(36): Illuminate\\Database\\Console\\Migrations\\MigrateCommand->handle()
#22 /www/wwwroot/meeting.sisuu.com/backend/vendor/laravel/framework/src/Illuminate/Container/Util.php(41): Illuminate\\Container\\BoundMethod::Illuminate\\Container\\{closure}()
#23 /www/wwwroot/meeting.sisuu.com/backend/vendor/laravel/framework/src/Illuminate/Container/BoundMethod.php(93): Illuminate\\Container\\Util::unwrapIfClosure()
#24 /www/wwwroot/meeting.sisuu.com/backend/vendor/laravel/framework/src/Illuminate/Container/BoundMethod.php(35): Illuminate\\Container\\BoundMethod::callBoundMethod()
#25 /www/wwwroot/meeting.sisuu.com/backend/vendor/laravel/framework/src/Illuminate/Container/Container.php(662): Illuminate\\Container\\BoundMethod::call()
#26 /www/wwwroot/meeting.sisuu.com/backend/vendor/laravel/framework/src/Illuminate/Console/Command.php(211): Illuminate\\Container\\Container->call()
#27 /www/wwwroot/meeting.sisuu.com/backend/vendor/symfony/console/Command/Command.php(326): Illuminate\\Console\\Command->execute()
#28 /www/wwwroot/meeting.sisuu.com/backend/vendor/laravel/framework/src/Illuminate/Console/Command.php(180): Symfony\\Component\\Console\\Command\\Command->run()
#29 /www/wwwroot/meeting.sisuu.com/backend/vendor/laravel/framework/src/Illuminate/Console/Concerns/CallsCommands.php(67): Illuminate\\Console\\Command->run()
#30 /www/wwwroot/meeting.sisuu.com/backend/vendor/laravel/framework/src/Illuminate/Console/Concerns/CallsCommands.php(28): Illuminate\\Console\\Command->runCommand()
#31 /www/wwwroot/meeting.sisuu.com/backend/vendor/laravel/framework/src/Illuminate/Database/Console/Migrations/FreshCommand.php(53): Illuminate\\Console\\Command->call()
#32 /www/wwwroot/meeting.sisuu.com/backend/vendor/laravel/framework/src/Illuminate/Container/BoundMethod.php(36): Illuminate\\Database\\Console\\Migrations\\FreshCommand->handle()
#33 /www/wwwroot/meeting.sisuu.com/backend/vendor/laravel/framework/src/Illuminate/Container/Util.php(41): Illuminate\\Container\\BoundMethod::Illuminate\\Container\\{closure}()
#34 /www/wwwroot/meeting.sisuu.com/backend/vendor/laravel/framework/src/Illuminate/Container/BoundMethod.php(93): Illuminate\\Container\\Util::unwrapIfClosure()
#35 /www/wwwroot/meeting.sisuu.com/backend/vendor/laravel/framework/src/Illuminate/Container/BoundMethod.php(35): Illuminate\\Container\\BoundMethod::callBoundMethod()
#36 /www/wwwroot/meeting.sisuu.com/backend/vendor/laravel/framework/src/Illuminate/Container/Container.php(662): Illuminate\\Container\\BoundMethod::call()
#37 /www/wwwroot/meeting.sisuu.com/backend/vendor/laravel/framework/src/Illuminate/Console/Command.php(211): Illuminate\\Container\\Container->call()
#38 /www/wwwroot/meeting.sisuu.com/backend/vendor/symfony/console/Command/Command.php(326): Illuminate\\Console\\Command->execute()
#39 /www/wwwroot/meeting.sisuu.com/backend/vendor/laravel/framework/src/Illuminate/Console/Command.php(180): Symfony\\Component\\Console\\Command\\Command->run()
#40 /www/wwwroot/meeting.sisuu.com/backend/vendor/symfony/console/Application.php(1121): Illuminate\\Console\\Command->run()
#41 /www/wwwroot/meeting.sisuu.com/backend/vendor/symfony/console/Application.php(324): Symfony\\Component\\Console\\Application->doRunCommand()
#42 /www/wwwroot/meeting.sisuu.com/backend/vendor/symfony/console/Application.php(175): Symfony\\Component\\Console\\Application->doRun()
#43 /www/wwwroot/meeting.sisuu.com/backend/vendor/laravel/framework/src/Illuminate/Foundation/Console/Kernel.php(201): Symfony\\Component\\Console\\Application->run()
#44 /www/wwwroot/meeting.sisuu.com/backend/artisan(12): Illuminate\\Foundation\\Console\\Kernel->handle()
#45 {main}
"} 
[2026-06-05 12:30:07] production.ERROR: SQLSTATE[HY000]: General error: 1005 Can't create table `meeting_room`.`users` (errno: 150 "Foreign key constraint is incorrectly formed") (Connection: mysql, SQL: alter table `users` add constraint `users_department_id_foreign` foreign key (`department_id`) references `departments` (`id`) on delete set null) {"exception":"[object] (Illuminate\\Database\\QueryException(code: HY000): SQLSTATE[HY000]: General error: 1005 Can't create table `meeting_room`.`users` (errno: 150 \"Foreign key constraint is incorrectly formed\") (Connection: mysql, SQL: alter table `users` add constraint `users_department_id_foreign` foreign key (`department_id`) references `departments` (`id`) on delete set null) at /www/wwwroot/meeting.sisuu.com/backend/vendor/laravel/framework/src/Illuminate/Database/Connection.php:829)
[stacktrace]
#0 /www/wwwroot/meeting.sisuu.com/backend/vendor/laravel/framework/src/Illuminate/Database/Connection.php(783): Illuminate\\Database\\Connection->runQueryCallback()
#1 /www/wwwroot/meeting.sisuu.com/backend/vendor/laravel/framework/src/Illuminate/Database/Connection.php(576): Illuminate\\Database\\Connection->run()
#2 /www/wwwroot/meeting.sisuu.com/backend/vendor/laravel/framework/src/Illuminate/Database/Schema/Blueprint.php(110): Illuminate\\Database\\Connection->statement()
#3 /www/wwwroot/meeting.sisuu.com/backend/vendor/laravel/framework/src/Illuminate/Database/Schema/Builder.php(602): Illuminate\\Database\\Schema\\Blueprint->build()
#4 /www/wwwroot/meeting.sisuu.com/backend/vendor/laravel/framework/src/Illuminate/Database/Schema/Builder.php(456): Illuminate\\Database\\Schema\\Builder->build()
#5 /www/wwwroot/meeting.sisuu.com/backend/vendor/laravel/framework/src/Illuminate/Support/Facades/Facade.php(355): Illuminate\\Database\\Schema\\Builder->create()
#6 /www/wwwroot/meeting.sisuu.com/backend/database/migrations/2024_01_01_000002_create_users_table.php(11): Illuminate\\Support\\Facades\\Facade::__callStatic()
#7 /www/wwwroot/meeting.sisuu.com/backend/vendor/laravel/framework/src/Illuminate/Database/Migrations/Migrator.php(501): Illuminate\\Database\\Migrations\\Migration@anonymous->up()
#8 /www/wwwroot/meeting.sisuu.com/backend/vendor/laravel/framework/src/Illuminate/Database/Migrations/Migrator.php(418): Illuminate\\Database\\Migrations\\Migrator->runMethod()
#9 /www/wwwroot/meeting.sisuu.com/backend/vendor/laravel/framework/src/Illuminate/Database/Migrations/Migrator.php(427): Illuminate\\Database\\Migrations\\Migrator->Illuminate\\Database\\Migrations\\{closure}()
#10 /www/wwwroot/meeting.sisuu.com/backend/vendor/laravel/framework/src/Illuminate/Database/Migrations/Migrator.php(224): Illuminate\\Database\\Migrations\\Migrator->runMigration()
#11 /www/wwwroot/meeting.sisuu.com/backend/vendor/laravel/framework/src/Illuminate/Console/View/Components/Task.php(37): Illuminate\\Database\\Migrations\\Migrator->Illuminate\\Database\\Migrations\\{closure}()
#12 /www/wwwroot/meeting.sisuu.com/backend/vendor/laravel/framework/src/Illuminate/Database/Migrations/Migrator.php(783): Illuminate\\Console\\View\\Components\\Task->render()
#13 /www/wwwroot/meeting.sisuu.com/backend/vendor/laravel/framework/src/Illuminate/Database/Migrations/Migrator.php(224): Illuminate\\Database\\Migrations\\Migrator->write()
#14 /www/wwwroot/meeting.sisuu.com/backend/vendor/laravel/framework/src/Illuminate/Database/Migrations/Migrator.php(189): Illuminate\\Database\\Migrations\\Migrator->runUp()
#15 /www/wwwroot/meeting.sisuu.com/backend/vendor/laravel/framework/src/Illuminate/Database/Migrations/Migrator.php(132): Illuminate\\Database\\Migrations\\Migrator->runPending()
#16 /www/wwwroot/meeting.sisuu.com/backend/vendor/laravel/framework/src/Illuminate/Database/Console/Migrations/MigrateCommand.php(90): Illuminate\\Database\\Migrations\\Migrator->run()
#17 /www/wwwroot/meeting.sisuu.com/backend/vendor/laravel/framework/src/Illuminate/Database/Migrations/Migrator.php(641): Illuminate\\Database\\Console\\Migrations\\MigrateCommand->Illuminate\\Database\\Console\\Migrations\\{closure}()
#18 /www/wwwroot/meeting.sisuu.com/backend/vendor/laravel/framework/src/Illuminate/Database/Console/Migrations/MigrateCommand.php(83): Illuminate\\Database\\Migrations\\Migrator->usingConnection()
#19 /www/wwwroot/meeting.sisuu.com/backend/vendor/laravel/framework/src/Illuminate/Container/BoundMethod.php(36): Illuminate\\Database\\Console\\Migrations\\MigrateCommand->handle()
#20 /www/wwwroot/meeting.sisuu.com/backend/vendor/laravel/framework/src/Illuminate/Container/Util.php(41): Illuminate\\Container\\BoundMethod::Illuminate\\Container\\{closure}()
#21 /www/wwwroot/meeting.sisuu.com/backend/vendor/laravel/framework/src/Illuminate/Container/BoundMethod.php(93): Illuminate\\Container\\Util::unwrapIfClosure()
#22 /www/wwwroot/meeting.sisuu.com/backend/vendor/laravel/framework/src/Illuminate/Container/BoundMethod.php(35): Illuminate\\Container\\BoundMethod::callBoundMethod()
#23 /www/wwwroot/meeting.sisuu.com/backend/vendor/laravel/framework/src/Illuminate/Container/Container.php(662): Illuminate\\Container\\BoundMethod::call()
#24 /www/wwwroot/meeting.sisuu.com/backend/vendor/laravel/framework/src/Illuminate/Console/Command.php(211): Illuminate\\Container\\Container->call()
#25 /www/wwwroot/meeting.sisuu.com/backend/vendor/symfony/console/Command/Command.php(326): Illuminate\\Console\\Command->execute()
#26 /www/wwwroot/meeting.sisuu.com/backend/vendor/laravel/framework/src/Illuminate/Console/Command.php(180): Symfony\\Component\\Console\\Command\\Command->run()
#27 /www/wwwroot/meeting.sisuu.com/backend/vendor/laravel/framework/src/Illuminate/Console/Concerns/CallsCommands.php(67): Illuminate\\Console\\Command->run()
#28 /www/wwwroot/meeting.sisuu.com/backend/vendor/laravel/framework/src/Illuminate/Console/Concerns/CallsCommands.php(28): Illuminate\\Console\\Command->runCommand()
#29 /www/wwwroot/meeting.sisuu.com/backend/vendor/laravel/framework/src/Illuminate/Database/Console/Migrations/FreshCommand.php(53): Illuminate\\Console\\Command->call()
#30 /www/wwwroot/meeting.sisuu.com/backend/vendor/laravel/framework/src/Illuminate/Container/BoundMethod.php(36): Illuminate\\Database\\Console\\Migrations\\FreshCommand->handle()
#31 /www/wwwroot/meeting.sisuu.com/backend/vendor/laravel/framework/src/Illuminate/Container/Util.php(41): Illuminate\\Container\\BoundMethod::Illuminate\\Container\\{closure}()
#32 /www/wwwroot/meeting.sisuu.com/backend/vendor/laravel/framework/src/Illuminate/Container/BoundMethod.php(93): Illuminate\\Container\\Util::unwrapIfClosure()
#33 /www/wwwroot/meeting.sisuu.com/backend/vendor/laravel/framework/src/Illuminate/Container/BoundMethod.php(35): Illuminate\\Container\\BoundMethod::callBoundMethod()
#34 /www/wwwroot/meeting.sisuu.com/backend/vendor/laravel/framework/src/Illuminate/Container/Container.php(662): Illuminate\\Container\\BoundMethod::call()
#35 /www/wwwroot/meeting.sisuu.com/backend/vendor/laravel/framework/src/Illuminate/Console/Command.php(211): Illuminate\\Container\\Container->call()
#36 /www/wwwroot/meeting.sisuu.com/backend/vendor/symfony/console/Command/Command.php(326): Illuminate\\Console\\Command->execute()
#37 /www/wwwroot/meeting.sisuu.com/backend/vendor/laravel/framework/src/Illuminate/Console/Command.php(180): Symfony\\Component\\Console\\Command\\Command->run()
#38 /www/wwwroot/meeting.sisuu.com/backend/vendor/symfony/console/Application.php(1121): Illuminate\\Console\\Command->run()
#39 /www/wwwroot/meeting.sisuu.com/backend/vendor/symfony/console/Application.php(324): Symfony\\Component\\Console\\Application->doRunCommand()
#40 /www/wwwroot/meeting.sisuu.com/backend/vendor/symfony/console/Application.php(175): Symfony\\Component\\Console\\Application->doRun()
#41 /www/wwwroot/meeting.sisuu.com/backend/vendor/laravel/framework/src/Illuminate/Foundation/Console/Kernel.php(201): Symfony\\Component\\Console\\Application->run()
#42 /www/wwwroot/meeting.sisuu.com/backend/artisan(12): Illuminate\\Foundation\\Console\\Kernel->handle()
#43 {main}

[previous exception] [object] (PDOException(code: HY000): SQLSTATE[HY000]: General error: 1005 Can't create table `meeting_room`.`users` (errno: 150 \"Foreign key constraint is incorrectly formed\") at /www/wwwroot/meeting.sisuu.com/backend/vendor/laravel/framework/src/Illuminate/Database/Connection.php:587)
[stacktrace]
#0 /www/wwwroot/meeting.sisuu.com/backend/vendor/laravel/framework/src/Illuminate/Database/Connection.php(587): PDOStatement->execute()
#1 /www/wwwroot/meeting.sisuu.com/backend/vendor/laravel/framework/src/Illuminate/Database/Connection.php(816): Illuminate\\Database\\Connection->Illuminate\\Database\\{closure}()
#2 /www/wwwroot/meeting.sisuu.com/backend/vendor/laravel/framework/src/Illuminate/Database/Connection.php(783): Illuminate\\Database\\Connection->runQueryCallback()
#3 /www/wwwroot/meeting.sisuu.com/backend/vendor/laravel/framework/src/Illuminate/Database/Connection.php(576): Illuminate\\Database\\Connection->run()
#4 /www/wwwroot/meeting.sisuu.com/backend/vendor/laravel/framework/src/Illuminate/Database/Schema/Blueprint.php(110): Illuminate\\Database\\Connection->statement()
#5 /www/wwwroot/meeting.sisuu.com/backend/vendor/laravel/framework/src/Illuminate/Database/Schema/Builder.php(602): Illuminate\\Database\\Schema\\Blueprint->build()
#6 /www/wwwroot/meeting.sisuu.com/backend/vendor/laravel/framework/src/Illuminate/Database/Schema/Builder.php(456): Illuminate\\Database\\Schema\\Builder->build()
#7 /www/wwwroot/meeting.sisuu.com/backend/vendor/laravel/framework/src/Illuminate/Support/Facades/Facade.php(355): Illuminate\\Database\\Schema\\Builder->create()
#8 /www/wwwroot/meeting.sisuu.com/backend/database/migrations/2024_01_01_000002_create_users_table.php(11): Illuminate\\Support\\Facades\\Facade::__callStatic()
#9 /www/wwwroot/meeting.sisuu.com/backend/vendor/laravel/framework/src/Illuminate/Database/Migrations/Migrator.php(501): Illuminate\\Database\\Migrations\\Migration@anonymous->up()
#10 /www/wwwroot/meeting.sisuu.com/backend/vendor/laravel/framework/src/Illuminate/Database/Migrations/Migrator.php(418): Illuminate\\Database\\Migrations\\Migrator->runMethod()
#11 /www/wwwroot/meeting.sisuu.com/backend/vendor/laravel/framework/src/Illuminate/Database/Migrations/Migrator.php(427): Illuminate\\Database\\Migrations\\Migrator->Illuminate\\Database\\Migrations\\{closure}()
#12 /www/wwwroot/meeting.sisuu.com/backend/vendor/laravel/framework/src/Illuminate/Database/Migrations/Migrator.php(224): Illuminate\\Database\\Migrations\\Migrator->runMigration()
#13 /www/wwwroot/meeting.sisuu.com/backend/vendor/laravel/framework/src/Illuminate/Console/View/Components/Task.php(37): Illuminate\\Database\\Migrations\\Migrator->Illuminate\\Database\\Migrations\\{closure}()
#14 /www/wwwroot/meeting.sisuu.com/backend/vendor/laravel/framework/src/Illuminate/Database/Migrations/Migrator.php(783): Illuminate\\Console\\View\\Components\\Task->render()
#15 /www/wwwroot/meeting.sisuu.com/backend/vendor/laravel/framework/src/Illuminate/Database/Migrations/Migrator.php(224): Illuminate\\Database\\Migrations\\Migrator->write()
#16 /www/wwwroot/meeting.sisuu.com/backend/vendor/laravel/framework/src/Illuminate/Database/Migrations/Migrator.php(189): Illuminate\\Database\\Migrations\\Migrator->runUp()
#17 /www/wwwroot/meeting.sisuu.com/backend/vendor/laravel/framework/src/Illuminate/Database/Migrations/Migrator.php(132): Illuminate\\Database\\Migrations\\Migrator->runPending()
#18 /www/wwwroot/meeting.sisuu.com/backend/vendor/laravel/framework/src/Illuminate/Database/Console/Migrations/MigrateCommand.php(90): Illuminate\\Database\\Migrations\\Migrator->run()
#19 /www/wwwroot/meeting.sisuu.com/backend/vendor/laravel/framework/src/Illuminate/Database/Migrations/Migrator.php(641): Illuminate\\Database\\Console\\Migrations\\MigrateCommand->Illuminate\\Database\\Console\\Migrations\\{closure}()
#20 /www/wwwroot/meeting.sisuu.com/backend/vendor/laravel/framework/src/Illuminate/Database/Console/Migrations/MigrateCommand.php(83): Illuminate\\Database\\Migrations\\Migrator->usingConnection()
#21 /www/wwwroot/meeting.sisuu.com/backend/vendor/laravel/framework/src/Illuminate/Container/BoundMethod.php(36): Illuminate\\Database\\Console\\Migrations\\MigrateCommand->handle()
#22 /www/wwwroot/meeting.sisuu.com/backend/vendor/laravel/framework/src/Illuminate/Container/Util.php(41): Illuminate\\Container\\BoundMethod::Illuminate\\Container\\{closure}()
#23 /www/wwwroot/meeting.sisuu.com/backend/vendor/laravel/framework/src/Illuminate/Container/BoundMethod.php(93): Illuminate\\Container\\Util::unwrapIfClosure()
#24 /www/wwwroot/meeting.sisuu.com/backend/vendor/laravel/framework/src/Illuminate/Container/BoundMethod.php(35): Illuminate\\Container\\BoundMethod::callBoundMethod()
#25 /www/wwwroot/meeting.sisuu.com/backend/vendor/laravel/framework/src/Illuminate/Container/Container.php(662): Illuminate\\Container\\BoundMethod::call()
#26 /www/wwwroot/meeting.sisuu.com/backend/vendor/laravel/framework/src/Illuminate/Console/Command.php(211): Illuminate\\Container\\Container->call()
#27 /www/wwwroot/meeting.sisuu.com/backend/vendor/symfony/console/Command/Command.php(326): Illuminate\\Console\\Command->execute()
#28 /www/wwwroot/meeting.sisuu.com/backend/vendor/laravel/framework/src/Illuminate/Console/Command.php(180): Symfony\\Component\\Console\\Command\\Command->run()
#29 /www/wwwroot/meeting.sisuu.com/backend/vendor/laravel/framework/src/Illuminate/Console/Concerns/CallsCommands.php(67): Illuminate\\Console\\Command->run()
#30 /www/wwwroot/meeting.sisuu.com/backend/vendor/laravel/framework/src/Illuminate/Console/Concerns/CallsCommands.php(28): Illuminate\\Console\\Command->runCommand()
#31 /www/wwwroot/meeting.sisuu.com/backend/vendor/laravel/framework/src/Illuminate/Database/Console/Migrations/FreshCommand.php(53): Illuminate\\Console\\Command->call()
#32 /www/wwwroot/meeting.sisuu.com/backend/vendor/laravel/framework/src/Illuminate/Container/BoundMethod.php(36): Illuminate\\Database\\Console\\Migrations\\FreshCommand->handle()
#33 /www/wwwroot/meeting.sisuu.com/backend/vendor/laravel/framework/src/Illuminate/Container/Util.php(41): Illuminate\\Container\\BoundMethod::Illuminate\\Container\\{closure}()
#34 /www/wwwroot/meeting.sisuu.com/backend/vendor/laravel/framework/src/Illuminate/Container/BoundMethod.php(93): Illuminate\\Container\\Util::unwrapIfClosure()
#35 /www/wwwroot/meeting.sisuu.com/backend/vendor/laravel/framework/src/Illuminate/Container/BoundMethod.php(35): Illuminate\\Container\\BoundMethod::callBoundMethod()
#36 /www/wwwroot/meeting.sisuu.com/backend/vendor/laravel/framework/src/Illuminate/Container/Container.php(662): Illuminate\\Container\\BoundMethod::call()
#37 /www/wwwroot/meeting.sisuu.com/backend/vendor/laravel/framework/src/Illuminate/Console/Command.php(211): Illuminate\\Container\\Container->call()
#38 /www/wwwroot/meeting.sisuu.com/backend/vendor/symfony/console/Command/Command.php(326): Illuminate\\Console\\Command->execute()
#39 /www/wwwroot/meeting.sisuu.com/backend/vendor/laravel/framework/src/Illuminate/Console/Command.php(180): Symfony\\Component\\Console\\Command\\Command->run()
#40 /www/wwwroot/meeting.sisuu.com/backend/vendor/symfony/console/Application.php(1121): Illuminate\\Console\\Command->run()
#41 /www/wwwroot/meeting.sisuu.com/backend/vendor/symfony/console/Application.php(324): Symfony\\Component\\Console\\Application->doRunCommand()
#42 /www/wwwroot/meeting.sisuu.com/backend/vendor/symfony/console/Application.php(175): Symfony\\Component\\Console\\Application->doRun()
#43 /www/wwwroot/meeting.sisuu.com/backend/vendor/laravel/framework/src/Illuminate/Foundation/Console/Kernel.php(201): Symfony\\Component\\Console\\Application->run()
#44 /www/wwwroot/meeting.sisuu.com/backend/artisan(12): Illuminate\\Foundation\\Console\\Kernel->handle()
#45 {main}
"} 
[2026-06-05 12:31:30] production.ERROR: SQLSTATE[HY000]: General error: 1005 Can't create table `meeting_room`.`reservations` (errno: 150 "Foreign key constraint is incorrectly formed") (Connection: mysql, SQL: alter table `reservations` add constraint `reservations_meeting_room_id_foreign` foreign key (`meeting_room_id`) references `meeting_rooms` (`id`) on delete cascade) {"exception":"[object] (Illuminate\\Database\\QueryException(code: HY000): SQLSTATE[HY000]: General error: 1005 Can't create table `meeting_room`.`reservations` (errno: 150 \"Foreign key constraint is incorrectly formed\") (Connection: mysql, SQL: alter table `reservations` add constraint `reservations_meeting_room_id_foreign` foreign key (`meeting_room_id`) references `meeting_rooms` (`id`) on delete cascade) at /www/wwwroot/meeting.sisuu.com/backend/vendor/laravel/framework/src/Illuminate/Database/Connection.php:829)
[stacktrace]
#0 /www/wwwroot/meeting.sisuu.com/backend/vendor/laravel/framework/src/Illuminate/Database/Connection.php(783): Illuminate\\Database\\Connection->runQueryCallback()
#1 /www/wwwroot/meeting.sisuu.com/backend/vendor/laravel/framework/src/Illuminate/Database/Connection.php(576): Illuminate\\Database\\Connection->run()
#2 /www/wwwroot/meeting.sisuu.com/backend/vendor/laravel/framework/src/Illuminate/Database/Schema/Blueprint.php(110): Illuminate\\Database\\Connection->statement()
#3 /www/wwwroot/meeting.sisuu.com/backend/vendor/laravel/framework/src/Illuminate/Database/Schema/Builder.php(602): Illuminate\\Database\\Schema\\Blueprint->build()
#4 /www/wwwroot/meeting.sisuu.com/backend/vendor/laravel/framework/src/Illuminate/Database/Schema/Builder.php(456): Illuminate\\Database\\Schema\\Builder->build()
#5 /www/wwwroot/meeting.sisuu.com/backend/vendor/laravel/framework/src/Illuminate/Support/Facades/Facade.php(355): Illuminate\\Database\\Schema\\Builder->create()
#6 /www/wwwroot/meeting.sisuu.com/backend/database/migrations/2024_01_01_000005_create_reservations_table.php(11): Illuminate\\Support\\Facades\\Facade::__callStatic()
#7 /www/wwwroot/meeting.sisuu.com/backend/vendor/laravel/framework/src/Illuminate/Database/Migrations/Migrator.php(501): Illuminate\\Database\\Migrations\\Migration@anonymous->up()
#8 /www/wwwroot/meeting.sisuu.com/backend/vendor/laravel/framework/src/Illuminate/Database/Migrations/Migrator.php(418): Illuminate\\Database\\Migrations\\Migrator->runMethod()
#9 /www/wwwroot/meeting.sisuu.com/backend/vendor/laravel/framework/src/Illuminate/Database/Migrations/Migrator.php(427): Illuminate\\Database\\Migrations\\Migrator->Illuminate\\Database\\Migrations\\{closure}()
#10 /www/wwwroot/meeting.sisuu.com/backend/vendor/laravel/framework/src/Illuminate/Database/Migrations/Migrator.php(224): Illuminate\\Database\\Migrations\\Migrator->runMigration()
#11 /www/wwwroot/meeting.sisuu.com/backend/vendor/laravel/framework/src/Illuminate/Console/View/Components/Task.php(37): Illuminate\\Database\\Migrations\\Migrator->Illuminate\\Database\\Migrations\\{closure}()
#12 /www/wwwroot/meeting.sisuu.com/backend/vendor/laravel/framework/src/Illuminate/Database/Migrations/Migrator.php(783): Illuminate\\Console\\View\\Components\\Task->render()
#13 /www/wwwroot/meeting.sisuu.com/backend/vendor/laravel/framework/src/Illuminate/Database/Migrations/Migrator.php(224): Illuminate\\Database\\Migrations\\Migrator->write()
#14 /www/wwwroot/meeting.sisuu.com/backend/vendor/laravel/framework/src/Illuminate/Database/Migrations/Migrator.php(189): Illuminate\\Database\\Migrations\\Migrator->runUp()
#15 /www/wwwroot/meeting.sisuu.com/backend/vendor/laravel/framework/src/Illuminate/Database/Migrations/Migrator.php(132): Illuminate\\Database\\Migrations\\Migrator->runPending()
#16 /www/wwwroot/meeting.sisuu.com/backend/vendor/laravel/framework/src/Illuminate/Database/Console/Migrations/MigrateCommand.php(90): Illuminate\\Database\\Migrations\\Migrator->run()
#17 /www/wwwroot/meeting.sisuu.com/backend/vendor/laravel/framework/src/Illuminate/Database/Migrations/Migrator.php(641): Illuminate\\Database\\Console\\Migrations\\MigrateCommand->Illuminate\\Database\\Console\\Migrations\\{closure}()
#18 /www/wwwroot/meeting.sisuu.com/backend/vendor/laravel/framework/src/Illuminate/Database/Console/Migrations/MigrateCommand.php(83): Illuminate\\Database\\Migrations\\Migrator->usingConnection()
#19 /www/wwwroot/meeting.sisuu.com/backend/vendor/laravel/framework/src/Illuminate/Container/BoundMethod.php(36): Illuminate\\Database\\Console\\Migrations\\MigrateCommand->handle()
#20 /www/wwwroot/meeting.sisuu.com/backend/vendor/laravel/framework/src/Illuminate/Container/Util.php(41): Illuminate\\Container\\BoundMethod::Illuminate\\Container\\{closure}()
#21 /www/wwwroot/meeting.sisuu.com/backend/vendor/laravel/framework/src/Illuminate/Container/BoundMethod.php(93): Illuminate\\Container\\Util::unwrapIfClosure()
#22 /www/wwwroot/meeting.sisuu.com/backend/vendor/laravel/framework/src/Illuminate/Container/BoundMethod.php(35): Illuminate\\Container\\BoundMethod::callBoundMethod()
#23 /www/wwwroot/meeting.sisuu.com/backend/vendor/laravel/framework/src/Illuminate/Container/Container.php(662): Illuminate\\Container\\BoundMethod::call()
#24 /www/wwwroot/meeting.sisuu.com/backend/vendor/laravel/framework/src/Illuminate/Console/Command.php(211): Illuminate\\Container\\Container->call()
#25 /www/wwwroot/meeting.sisuu.com/backend/vendor/symfony/console/Command/Command.php(326): Illuminate\\Console\\Command->execute()
#26 /www/wwwroot/meeting.sisuu.com/backend/vendor/laravel/framework/src/Illuminate/Console/Command.php(180): Symfony\\Component\\Console\\Command\\Command->run()
#27 /www/wwwroot/meeting.sisuu.com/backend/vendor/laravel/framework/src/Illuminate/Console/Concerns/CallsCommands.php(67): Illuminate\\Console\\Command->run()
#28 /www/wwwroot/meeting.sisuu.com/backend/vendor/laravel/framework/src/Illuminate/Console/Concerns/CallsCommands.php(28): Illuminate\\Console\\Command->runCommand()
#29 /www/wwwroot/meeting.sisuu.com/backend/vendor/laravel/framework/src/Illuminate/Database/Console/Migrations/FreshCommand.php(53): Illuminate\\Console\\Command->call()
#30 /www/wwwroot/meeting.sisuu.com/backend/vendor/laravel/framework/src/Illuminate/Container/BoundMethod.php(36): Illuminate\\Database\\Console\\Migrations\\FreshCommand->handle()
#31 /www/wwwroot/meeting.sisuu.com/backend/vendor/laravel/framework/src/Illuminate/Container/Util.php(41): Illuminate\\Container\\BoundMethod::Illuminate\\Container\\{closure}()
#32 /www/wwwroot/meeting.sisuu.com/backend/vendor/laravel/framework/src/Illuminate/Container/BoundMethod.php(93): Illuminate\\Container\\Util::unwrapIfClosure()
#33 /www/wwwroot/meeting.sisuu.com/backend/vendor/laravel/framework/src/Illuminate/Container/BoundMethod.php(35): Illuminate\\Container\\BoundMethod::callBoundMethod()
#34 /www/wwwroot/meeting.sisuu.com/backend/vendor/laravel/framework/src/Illuminate/Container/Container.php(662): Illuminate\\Container\\BoundMethod::call()
#35 /www/wwwroot/meeting.sisuu.com/backend/vendor/laravel/framework/src/Illuminate/Console/Command.php(211): Illuminate\\Container\\Container->call()
#36 /www/wwwroot/meeting.sisuu.com/backend/vendor/symfony/console/Command/Command.php(326): Illuminate\\Console\\Command->execute()
#37 /www/wwwroot/meeting.sisuu.com/backend/vendor/laravel/framework/src/Illuminate/Console/Command.php(180): Symfony\\Component\\Console\\Command\\Command->run()
#38 /www/wwwroot/meeting.sisuu.com/backend/vendor/symfony/console/Application.php(1121): Illuminate\\Console\\Command->run()
#39 /www/wwwroot/meeting.sisuu.com/backend/vendor/symfony/console/Application.php(324): Symfony\\Component\\Console\\Application->doRunCommand()
#40 /www/wwwroot/meeting.sisuu.com/backend/vendor/symfony/console/Application.php(175): Symfony\\Component\\Console\\Application->doRun()
#41 /www/wwwroot/meeting.sisuu.com/backend/vendor/laravel/framework/src/Illuminate/Foundation/Console/Kernel.php(201): Symfony\\Component\\Console\\Application->run()
#42 /www/wwwroot/meeting.sisuu.com/backend/artisan(12): Illuminate\\Foundation\\Console\\Kernel->handle()
#43 {main}

[previous exception] [object] (PDOException(code: HY000): SQLSTATE[HY000]: General error: 1005 Can't create table `meeting_room`.`reservations` (errno: 150 \"Foreign key constraint is incorrectly formed\") at /www/wwwroot/meeting.sisuu.com/backend/vendor/laravel/framework/src/Illuminate/Database/Connection.php:587)
[stacktrace]
#0 /www/wwwroot/meeting.sisuu.com/backend/vendor/laravel/framework/src/Illuminate/Database/Connection.php(587): PDOStatement->execute()
#1 /www/wwwroot/meeting.sisuu.com/backend/vendor/laravel/framework/src/Illuminate/Database/Connection.php(816): Illuminate\\Database\\Connection->Illuminate\\Database\\{closure}()
#2 /www/wwwroot/meeting.sisuu.com/backend/vendor/laravel/framework/src/Illuminate/Database/Connection.php(783): Illuminate\\Database\\Connection->runQueryCallback()
#3 /www/wwwroot/meeting.sisuu.com/backend/vendor/laravel/framework/src/Illuminate/Database/Connection.php(576): Illuminate\\Database\\Connection->run()
#4 /www/wwwroot/meeting.sisuu.com/backend/vendor/laravel/framework/src/Illuminate/Database/Schema/Blueprint.php(110): Illuminate\\Database\\Connection->statement()
#5 /www/wwwroot/meeting.sisuu.com/backend/vendor/laravel/framework/src/Illuminate/Database/Schema/Builder.php(602): Illuminate\\Database\\Schema\\Blueprint->build()
#6 /www/wwwroot/meeting.sisuu.com/backend/vendor/laravel/framework/src/Illuminate/Database/Schema/Builder.php(456): Illuminate\\Database\\Schema\\Builder->build()
#7 /www/wwwroot/meeting.sisuu.com/backend/vendor/laravel/framework/src/Illuminate/Support/Facades/Facade.php(355): Illuminate\\Database\\Schema\\Builder->create()
#8 /www/wwwroot/meeting.sisuu.com/backend/database/migrations/2024_01_01_000005_create_reservations_table.php(11): Illuminate\\Support\\Facades\\Facade::__callStatic()
#9 /www/wwwroot/meeting.sisuu.com/backend/vendor/laravel/framework/src/Illuminate/Database/Migrations/Migrator.php(501): Illuminate\\Database\\Migrations\\Migration@anonymous->up()
#10 /www/wwwroot/meeting.sisuu.com/backend/vendor/laravel/framework/src/Illuminate/Database/Migrations/Migrator.php(418): Illuminate\\Database\\Migrations\\Migrator->runMethod()
#11 /www/wwwroot/meeting.sisuu.com/backend/vendor/laravel/framework/src/Illuminate/Database/Migrations/Migrator.php(427): Illuminate\\Database\\Migrations\\Migrator->Illuminate\\Database\\Migrations\\{closure}()
#12 /www/wwwroot/meeting.sisuu.com/backend/vendor/laravel/framework/src/Illuminate/Database/Migrations/Migrator.php(224): Illuminate\\Database\\Migrations\\Migrator->runMigration()
#13 /www/wwwroot/meeting.sisuu.com/backend/vendor/laravel/framework/src/Illuminate/Console/View/Components/Task.php(37): Illuminate\\Database\\Migrations\\Migrator->Illuminate\\Database\\Migrations\\{closure}()
#14 /www/wwwroot/meeting.sisuu.com/backend/vendor/laravel/framework/src/Illuminate/Database/Migrations/Migrator.php(783): Illuminate\\Console\\View\\Components\\Task->render()
#15 /www/wwwroot/meeting.sisuu.com/backend/vendor/laravel/framework/src/Illuminate/Database/Migrations/Migrator.php(224): Illuminate\\Database\\Migrations\\Migrator->write()
#16 /www/wwwroot/meeting.sisuu.com/backend/vendor/laravel/framework/src/Illuminate/Database/Migrations/Migrator.php(189): Illuminate\\Database\\Migrations\\Migrator->runUp()
#17 /www/wwwroot/meeting.sisuu.com/backend/vendor/laravel/framework/src/Illuminate/Database/Migrations/Migrator.php(132): Illuminate\\Database\\Migrations\\Migrator->runPending()
#18 /www/wwwroot/meeting.sisuu.com/backend/vendor/laravel/framework/src/Illuminate/Database/Console/Migrations/MigrateCommand.php(90): Illuminate\\Database\\Migrations\\Migrator->run()
#19 /www/wwwroot/meeting.sisuu.com/backend/vendor/laravel/framework/src/Illuminate/Database/Migrations/Migrator.php(641): Illuminate\\Database\\Console\\Migrations\\MigrateCommand->Illuminate\\Database\\Console\\Migrations\\{closure}()
#20 /www/wwwroot/meeting.sisuu.com/backend/vendor/laravel/framework/src/Illuminate/Database/Console/Migrations/MigrateCommand.php(83): Illuminate\\Database\\Migrations\\Migrator->usingConnection()
#21 /www/wwwroot/meeting.sisuu.com/backend/vendor/laravel/framework/src/Illuminate/Container/BoundMethod.php(36): Illuminate\\Database\\Console\\Migrations\\MigrateCommand->handle()
#22 /www/wwwroot/meeting.sisuu.com/backend/vendor/laravel/framework/src/Illuminate/Container/Util.php(41): Illuminate\\Container\\BoundMethod::Illuminate\\Container\\{closure}()
#23 /www/wwwroot/meeting.sisuu.com/backend/vendor/laravel/framework/src/Illuminate/Container/BoundMethod.php(93): Illuminate\\Container\\Util::unwrapIfClosure()
#24 /www/wwwroot/meeting.sisuu.com/backend/vendor/laravel/framework/src/Illuminate/Container/BoundMethod.php(35): Illuminate\\Container\\BoundMethod::callBoundMethod()
#25 /www/wwwroot/meeting.sisuu.com/backend/vendor/laravel/framework/src/Illuminate/Container/Container.php(662): Illuminate\\Container\\BoundMethod::call()
#26 /www/wwwroot/meeting.sisuu.com/backend/vendor/laravel/framework/src/Illuminate/Console/Command.php(211): Illuminate\\Container\\Container->call()
#27 /www/wwwroot/meeting.sisuu.com/backend/vendor/symfony/console/Command/Command.php(326): Illuminate\\Console\\Command->execute()
#28 /www/wwwroot/meeting.sisuu.com/backend/vendor/laravel/framework/src/Illuminate/Console/Command.php(180): Symfony\\Component\\Console\\Command\\Command->run()
#29 /www/wwwroot/meeting.sisuu.com/backend/vendor/laravel/framework/src/Illuminate/Console/Concerns/CallsCommands.php(67): Illuminate\\Console\\Command->run()
#30 /www/wwwroot/meeting.sisuu.com/backend/vendor/laravel/framework/src/Illuminate/Console/Concerns/CallsCommands.php(28): Illuminate\\Console\\Command->runCommand()
#31 /www/wwwroot/meeting.sisuu.com/backend/vendor/laravel/framework/src/Illuminate/Database/Console/Migrations/FreshCommand.php(53): Illuminate\\Console\\Command->call()
#32 /www/wwwroot/meeting.sisuu.com/backend/vendor/laravel/framework/src/Illuminate/Container/BoundMethod.php(36): Illuminate\\Database\\Console\\Migrations\\FreshCommand->handle()
#33 /www/wwwroot/meeting.sisuu.com/backend/vendor/laravel/framework/src/Illuminate/Container/Util.php(41): Illuminate\\Container\\BoundMethod::Illuminate\\Container\\{closure}()
#34 /www/wwwroot/meeting.sisuu.com/backend/vendor/laravel/framework/src/Illuminate/Container/BoundMethod.php(93): Illuminate\\Container\\Util::unwrapIfClosure()
#35 /www/wwwroot/meeting.sisuu.com/backend/vendor/laravel/framework/src/Illuminate/Container/BoundMethod.php(35): Illuminate\\Container\\BoundMethod::callBoundMethod()
#36 /www/wwwroot/meeting.sisuu.com/backend/vendor/laravel/framework/src/Illuminate/Container/Container.php(662): Illuminate\\Container\\BoundMethod::call()
#37 /www/wwwroot/meeting.sisuu.com/backend/vendor/laravel/framework/src/Illuminate/Console/Command.php(211): Illuminate\\Container\\Container->call()
#38 /www/wwwroot/meeting.sisuu.com/backend/vendor/symfony/console/Command/Command.php(326): Illuminate\\Console\\Command->execute()
#39 /www/wwwroot/meeting.sisuu.com/backend/vendor/laravel/framework/src/Illuminate/Console/Command.php(180): Symfony\\Component\\Console\\Command\\Command->run()
#40 /www/wwwroot/meeting.sisuu.com/backend/vendor/symfony/console/Application.php(1121): Illuminate\\Console\\Command->run()
#41 /www/wwwroot/meeting.sisuu.com/backend/vendor/symfony/console/Application.php(324): Symfony\\Component\\Console\\Application->doRunCommand()
#42 /www/wwwroot/meeting.sisuu.com/backend/vendor/symfony/console/Application.php(175): Symfony\\Component\\Console\\Application->doRun()
#43 /www/wwwroot/meeting.sisuu.com/backend/vendor/laravel/framework/src/Illuminate/Foundation/Console/Kernel.php(201): Symfony\\Component\\Console\\Application->run()
#44 /www/wwwroot/meeting.sisuu.com/backend/artisan(12): Illuminate\\Foundation\\Console\\Kernel->handle()
#45 {main}
"} 
[2026-06-09 17:04:11] production.ERROR: Command "tinker" is not defined. {"exception":"[object] (Symfony\\Component\\Console\\Exception\\CommandNotFoundException(code: 0): Command \"tinker\" is not defined. at /www/wwwroot/meeting.sisuu.com/backend/vendor/symfony/console/Application.php:745)
[stacktrace]
#0 /www/wwwroot/meeting.sisuu.com/backend/vendor/symfony/console/Application.php(266): Symfony\\Component\\Console\\Application->find()
#1 /www/wwwroot/meeting.sisuu.com/backend/vendor/symfony/console/Application.php(175): Symfony\\Component\\Console\\Application->doRun()
#2 /www/wwwroot/meeting.sisuu.com/backend/vendor/laravel/framework/src/Illuminate/Foundation/Console/Kernel.php(201): Symfony\\Component\\Console\\Application->run()
#3 /www/wwwroot/meeting.sisuu.com/backend/artisan(12): Illuminate\\Foundation\\Console\\Kernel->handle()
#4 {main}
"} 
[2026-07-07 15:53:47] production.ERROR: Trait "App\Models\Traits\EncryptsImSecrets" not found {"exception":"[object] (Symfony\\Component\\ErrorHandler\\Error\\FatalError(code: 0): Trait \"App\\Models\\Traits\\EncryptsImSecrets\" not found at /www/wwwroot/meeting.sisuu.com/backend/app/Models/Tenant.php:10)
[stacktrace]
#0 {main}
"} 
[2026-07-07 15:53:47] production.ERROR: Trait "App\Models\Traits\EncryptsImSecrets" not found {"exception":"[object] (Symfony\\Component\\ErrorHandler\\Error\\FatalError(code: 0): Trait \"App\\Models\\Traits\\EncryptsImSecrets\" not found at /www/wwwroot/meeting.sisuu.com/backend/app/Models/Tenant.php:10)
[stacktrace]
#0 {main}
"} 
[2026-07-07 15:53:48] production.ERROR: Trait "App\Models\Traits\EncryptsImSecrets" not found {"exception":"[object] (Symfony\\Component\\ErrorHandler\\Error\\FatalError(code: 0): Trait \"App\\Models\\Traits\\EncryptsImSecrets\" not found at /www/wwwroot/meeting.sisuu.com/backend/app/Models/Tenant.php:10)
[stacktrace]
#0 {main}
"} 
[2026-07-07 15:54:08] production.INFO: [ApprovalRemind] 租户1 审批#1 第1次催办  
[2026-07-07 15:54:08] production.INFO: [ApprovalRemind] 租户2 审批#2 第1次催办  
[2026-07-07 16:39:43] production.ERROR: SQLSTATE[42000]: Syntax error or access violation: 1059 Identifier name 'reservation_waitlist_meeting_room_id_start_time_end_time_status_index' is too long (Connection: mysql, SQL: alter table `reservation_waitlist` add index `reservation_waitlist_meeting_room_id_start_time_end_time_status_index`(`meeting_room_id`, `start_time`, `end_time`, `status`)) {"exception":"[object] (Illuminate\\Database\\QueryException(code: 42000): SQLSTATE[42000]: Syntax error or access violation: 1059 Identifier name 'reservation_waitlist_meeting_room_id_start_time_end_time_status_index' is too long (Connection: mysql, SQL: alter table `reservation_waitlist` add index `reservation_waitlist_meeting_room_id_start_time_end_time_status_index`(`meeting_room_id`, `start_time`, `end_time`, `status`)) at /www/wwwroot/meeting.sisuu.com/backend/vendor/laravel/framework/src/Illuminate/Database/Connection.php:829)
[stacktrace]
#0 /www/wwwroot/meeting.sisuu.com/backend/vendor/laravel/framework/src/Illuminate/Database/Connection.php(783): Illuminate\\Database\\Connection->runQueryCallback()
#1 /www/wwwroot/meeting.sisuu.com/backend/vendor/laravel/framework/src/Illuminate/Database/Connection.php(576): Illuminate\\Database\\Connection->run()
#2 /www/wwwroot/meeting.sisuu.com/backend/vendor/laravel/framework/src/Illuminate/Database/Schema/Blueprint.php(110): Illuminate\\Database\\Connection->statement()
#3 /www/wwwroot/meeting.sisuu.com/backend/vendor/laravel/framework/src/Illuminate/Database/Schema/Builder.php(602): Illuminate\\Database\\Schema\\Blueprint->build()
#4 /www/wwwroot/meeting.sisuu.com/backend/vendor/laravel/framework/src/Illuminate/Database/Schema/Builder.php(456): Illuminate\\Database\\Schema\\Builder->build()
#5 /www/wwwroot/meeting.sisuu.com/backend/vendor/laravel/framework/src/Illuminate/Support/Facades/Facade.php(355): Illuminate\\Database\\Schema\\Builder->create()
#6 /www/wwwroot/meeting.sisuu.com/backend/database/migrations/2024_01_01_000022_add_phase5_features.php(58): Illuminate\\Support\\Facades\\Facade::__callStatic()
#7 /www/wwwroot/meeting.sisuu.com/backend/vendor/laravel/framework/src/Illuminate/Database/Migrations/Migrator.php(501): Illuminate\\Database\\Migrations\\Migration@anonymous->up()
#8 /www/wwwroot/meeting.sisuu.com/backend/vendor/laravel/framework/src/Illuminate/Database/Migrations/Migrator.php(418): Illuminate\\Database\\Migrations\\Migrator->runMethod()
#9 /www/wwwroot/meeting.sisuu.com/backend/vendor/laravel/framework/src/Illuminate/Database/Migrations/Migrator.php(427): Illuminate\\Database\\Migrations\\Migrator->Illuminate\\Database\\Migrations\\{closure}()
#10 /www/wwwroot/meeting.sisuu.com/backend/vendor/laravel/framework/src/Illuminate/Database/Migrations/Migrator.php(224): Illuminate\\Database\\Migrations\\Migrator->runMigration()
#11 /www/wwwroot/meeting.sisuu.com/backend/vendor/laravel/framework/src/Illuminate/Console/View/Components/Task.php(37): Illuminate\\Database\\Migrations\\Migrator->Illuminate\\Database\\Migrations\\{closure}()
#12 /www/wwwroot/meeting.sisuu.com/backend/vendor/laravel/framework/src/Illuminate/Database/Migrations/Migrator.php(783): Illuminate\\Console\\View\\Components\\Task->render()
#13 /www/wwwroot/meeting.sisuu.com/backend/vendor/laravel/framework/src/Illuminate/Database/Migrations/Migrator.php(224): Illuminate\\Database\\Migrations\\Migrator->write()
#14 /www/wwwroot/meeting.sisuu.com/backend/vendor/laravel/framework/src/Illuminate/Database/Migrations/Migrator.php(189): Illuminate\\Database\\Migrations\\Migrator->runUp()
#15 /www/wwwroot/meeting.sisuu.com/backend/vendor/laravel/framework/src/Illuminate/Database/Migrations/Migrator.php(132): Illuminate\\Database\\Migrations\\Migrator->runPending()
#16 /www/wwwroot/meeting.sisuu.com/backend/vendor/laravel/framework/src/Illuminate/Database/Console/Migrations/MigrateCommand.php(90): Illuminate\\Database\\Migrations\\Migrator->run()
#17 /www/wwwroot/meeting.sisuu.com/backend/vendor/laravel/framework/src/Illuminate/Database/Migrations/Migrator.php(641): Illuminate\\Database\\Console\\Migrations\\MigrateCommand->Illuminate\\Database\\Console\\Migrations\\{closure}()
#18 /www/wwwroot/meeting.sisuu.com/backend/vendor/laravel/framework/src/Illuminate/Database/Console/Migrations/MigrateCommand.php(83): Illuminate\\Database\\Migrations\\Migrator->usingConnection()
#19 /www/wwwroot/meeting.sisuu.com/backend/vendor/laravel/framework/src/Illuminate/Container/BoundMethod.php(36): Illuminate\\Database\\Console\\Migrations\\MigrateCommand->handle()
#20 /www/wwwroot/meeting.sisuu.com/backend/vendor/laravel/framework/src/Illuminate/Container/Util.php(41): Illuminate\\Container\\BoundMethod::Illuminate\\Container\\{closure}()
#21 /www/wwwroot/meeting.sisuu.com/backend/vendor/laravel/framework/src/Illuminate/Container/BoundMethod.php(93): Illuminate\\Container\\Util::unwrapIfClosure()
#22 /www/wwwroot/meeting.sisuu.com/backend/vendor/laravel/framework/src/Illuminate/Container/BoundMethod.php(35): Illuminate\\Container\\BoundMethod::callBoundMethod()
#23 /www/wwwroot/meeting.sisuu.com/backend/vendor/laravel/framework/src/Illuminate/Container/Container.php(662): Illuminate\\Container\\BoundMethod::call()
#24 /www/wwwroot/meeting.sisuu.com/backend/vendor/laravel/framework/src/Illuminate/Console/Command.php(211): Illuminate\\Container\\Container->call()
#25 /www/wwwroot/meeting.sisuu.com/backend/vendor/symfony/console/Command/Command.php(326): Illuminate\\Console\\Command->execute()
#26 /www/wwwroot/meeting.sisuu.com/backend/vendor/laravel/framework/src/Illuminate/Console/Command.php(180): Symfony\\Component\\Console\\Command\\Command->run()
#27 /www/wwwroot/meeting.sisuu.com/backend/vendor/symfony/console/Application.php(1121): Illuminate\\Console\\Command->run()
#28 /www/wwwroot/meeting.sisuu.com/backend/vendor/symfony/console/Application.php(324): Symfony\\Component\\Console\\Application->doRunCommand()
#29 /www/wwwroot/meeting.sisuu.com/backend/vendor/symfony/console/Application.php(175): Symfony\\Component\\Console\\Application->doRun()
#30 /www/wwwroot/meeting.sisuu.com/backend/vendor/laravel/framework/src/Illuminate/Foundation/Console/Kernel.php(201): Symfony\\Component\\Console\\Application->run()
#31 /www/wwwroot/meeting.sisuu.com/backend/artisan(12): Illuminate\\Foundation\\Console\\Kernel->handle()
#32 {main}

[previous exception] [object] (PDOException(code: 42000): SQLSTATE[42000]: Syntax error or access violation: 1059 Identifier name 'reservation_waitlist_meeting_room_id_start_time_end_time_status_index' is too long at /www/wwwroot/meeting.sisuu.com/backend/vendor/laravel/framework/src/Illuminate/Database/Connection.php:587)
[stacktrace]
#0 /www/wwwroot/meeting.sisuu.com/backend/vendor/laravel/framework/src/Illuminate/Database/Connection.php(587): PDOStatement->execute()
#1 /www/wwwroot/meeting.sisuu.com/backend/vendor/laravel/framework/src/Illuminate/Database/Connection.php(816): Illuminate\\Database\\Connection->Illuminate\\Database\\{closure}()
#2 /www/wwwroot/meeting.sisuu.com/backend/vendor/laravel/framework/src/Illuminate/Database/Connection.php(783): Illuminate\\Database\\Connection->runQueryCallback()
#3 /www/wwwroot/meeting.sisuu.com/backend/vendor/laravel/framework/src/Illuminate/Database/Connection.php(576): Illuminate\\Database\\Connection->run()
#4 /www/wwwroot/meeting.sisuu.com/backend/vendor/laravel/framework/src/Illuminate/Database/Schema/Blueprint.php(110): Illuminate\\Database\\Connection->statement()
#5 /www/wwwroot/meeting.sisuu.com/backend/vendor/laravel/framework/src/Illuminate/Database/Schema/Builder.php(602): Illuminate\\Database\\Schema\\Blueprint->build()
#6 /www/wwwroot/meeting.sisuu.com/backend/vendor/laravel/framework/src/Illuminate/Database/Schema/Builder.php(456): Illuminate\\Database\\Schema\\Builder->build()
#7 /www/wwwroot/meeting.sisuu.com/backend/vendor/laravel/framework/src/Illuminate/Support/Facades/Facade.php(355): Illuminate\\Database\\Schema\\Builder->create()
#8 /www/wwwroot/meeting.sisuu.com/backend/database/migrations/2024_01_01_000022_add_phase5_features.php(58): Illuminate\\Support\\Facades\\Facade::__callStatic()
#9 /www/wwwroot/meeting.sisuu.com/backend/vendor/laravel/framework/src/Illuminate/Database/Migrations/Migrator.php(501): Illuminate\\Database\\Migrations\\Migration@anonymous->up()
#10 /www/wwwroot/meeting.sisuu.com/backend/vendor/laravel/framework/src/Illuminate/Database/Migrations/Migrator.php(418): Illuminate\\Database\\Migrations\\Migrator->runMethod()
#11 /www/wwwroot/meeting.sisuu.com/backend/vendor/laravel/framework/src/Illuminate/Database/Migrations/Migrator.php(427): Illuminate\\Database\\Migrations\\Migrator->Illuminate\\Database\\Migrations\\{closure}()
#12 /www/wwwroot/meeting.sisuu.com/backend/vendor/laravel/framework/src/Illuminate/Database/Migrations/Migrator.php(224): Illuminate\\Database\\Migrations\\Migrator->runMigration()
#13 /www/wwwroot/meeting.sisuu.com/backend/vendor/laravel/framework/src/Illuminate/Console/View/Components/Task.php(37): Illuminate\\Database\\Migrations\\Migrator->Illuminate\\Database\\Migrations\\{closure}()
#14 /www/wwwroot/meeting.sisuu.com/backend/vendor/laravel/framework/src/Illuminate/Database/Migrations/Migrator.php(783): Illuminate\\Console\\View\\Components\\Task->render()
#15 /www/wwwroot/meeting.sisuu.com/backend/vendor/laravel/framework/src/Illuminate/Database/Migrations/Migrator.php(224): Illuminate\\Database\\Migrations\\Migrator->write()
#16 /www/wwwroot/meeting.sisuu.com/backend/vendor/laravel/framework/src/Illuminate/Database/Migrations/Migrator.php(189): Illuminate\\Database\\Migrations\\Migrator->runUp()
#17 /www/wwwroot/meeting.sisuu.com/backend/vendor/laravel/framework/src/Illuminate/Database/Migrations/Migrator.php(132): Illuminate\\Database\\Migrations\\Migrator->runPending()
#18 /www/wwwroot/meeting.sisuu.com/backend/vendor/laravel/framework/src/Illuminate/Database/Console/Migrations/MigrateCommand.php(90): Illuminate\\Database\\Migrations\\Migrator->run()
#19 /www/wwwroot/meeting.sisuu.com/backend/vendor/laravel/framework/src/Illuminate/Database/Migrations/Migrator.php(641): Illuminate\\Database\\Console\\Migrations\\MigrateCommand->Illuminate\\Database\\Console\\Migrations\\{closure}()
#20 /www/wwwroot/meeting.sisuu.com/backend/vendor/laravel/framework/src/Illuminate/Database/Console/Migrations/MigrateCommand.php(83): Illuminate\\Database\\Migrations\\Migrator->usingConnection()
#21 /www/wwwroot/meeting.sisuu.com/backend/vendor/laravel/framework/src/Illuminate/Container/BoundMethod.php(36): Illuminate\\Database\\Console\\Migrations\\MigrateCommand->handle()
#22 /www/wwwroot/meeting.sisuu.com/backend/vendor/laravel/framework/src/Illuminate/Container/Util.php(41): Illuminate\\Container\\BoundMethod::Illuminate\\Container\\{closure}()
#23 /www/wwwroot/meeting.sisuu.com/backend/vendor/laravel/framework/src/Illuminate/Container/BoundMethod.php(93): Illuminate\\Container\\Util::unwrapIfClosure()
#24 /www/wwwroot/meeting.sisuu.com/backend/vendor/laravel/framework/src/Illuminate/Container/BoundMethod.php(35): Illuminate\\Container\\BoundMethod::callBoundMethod()
#25 /www/wwwroot/meeting.sisuu.com/backend/vendor/laravel/framework/src/Illuminate/Container/Container.php(662): Illuminate\\Container\\BoundMethod::call()
#26 /www/wwwroot/meeting.sisuu.com/backend/vendor/laravel/framework/src/Illuminate/Console/Command.php(211): Illuminate\\Container\\Container->call()
#27 /www/wwwroot/meeting.sisuu.com/backend/vendor/symfony/console/Command/Command.php(326): Illuminate\\Console\\Command->execute()
#28 /www/wwwroot/meeting.sisuu.com/backend/vendor/laravel/framework/src/Illuminate/Console/Command.php(180): Symfony\\Component\\Console\\Command\\Command->run()
#29 /www/wwwroot/meeting.sisuu.com/backend/vendor/symfony/console/Application.php(1121): Illuminate\\Console\\Command->run()
#30 /www/wwwroot/meeting.sisuu.com/backend/vendor/symfony/console/Application.php(324): Symfony\\Component\\Console\\Application->doRunCommand()
#31 /www/wwwroot/meeting.sisuu.com/backend/vendor/symfony/console/Application.php(175): Symfony\\Component\\Console\\Application->doRun()
#32 /www/wwwroot/meeting.sisuu.com/backend/vendor/laravel/framework/src/Illuminate/Foundation/Console/Kernel.php(201): Symfony\\Component\\Console\\Application->run()
#33 /www/wwwroot/meeting.sisuu.com/backend/artisan(12): Illuminate\\Foundation\\Console\\Kernel->handle()
#34 {main}
"} 
[2026-07-07 16:39:53] production.ERROR: SQLSTATE[42S21]: Column already exists: 1060 Duplicate column name 'credit_min_threshold' (Connection: mysql, SQL: alter table `tenants` add `credit_min_threshold` smallint unsigned not null default '60' comment '低于此分数限制预定' after `approval_max_reminds`, add `credit_checkin_bonus` smallint unsigned not null default '1' comment '准时签到加分' after `credit_min_threshold`, add `waitlist_confirm_minutes` smallint unsigned not null default '30' comment '候补通知后确认时限(分钟)' after `credit_checkin_bonus`) {"exception":"[object] (Illuminate\\Database\\QueryException(code: 42S21): SQLSTATE[42S21]: Column already exists: 1060 Duplicate column name 'credit_min_threshold' (Connection: mysql, SQL: alter table `tenants` add `credit_min_threshold` smallint unsigned not null default '60' comment '低于此分数限制预定' after `approval_max_reminds`, add `credit_checkin_bonus` smallint unsigned not null default '1' comment '准时签到加分' after `credit_min_threshold`, add `waitlist_confirm_minutes` smallint unsigned not null default '30' comment '候补通知后确认时限(分钟)' after `credit_checkin_bonus`) at /www/wwwroot/meeting.sisuu.com/backend/vendor/laravel/framework/src/Illuminate/Database/Connection.php:829)
[stacktrace]
#0 /www/wwwroot/meeting.sisuu.com/backend/vendor/laravel/framework/src/Illuminate/Database/Connection.php(783): Illuminate\\Database\\Connection->runQueryCallback()
#1 /www/wwwroot/meeting.sisuu.com/backend/vendor/laravel/framework/src/Illuminate/Database/Connection.php(576): Illuminate\\Database\\Connection->run()
#2 /www/wwwroot/meeting.sisuu.com/backend/vendor/laravel/framework/src/Illuminate/Database/Schema/Blueprint.php(110): Illuminate\\Database\\Connection->statement()
#3 /www/wwwroot/meeting.sisuu.com/backend/vendor/laravel/framework/src/Illuminate/Database/Schema/Builder.php(602): Illuminate\\Database\\Schema\\Blueprint->build()
#4 /www/wwwroot/meeting.sisuu.com/backend/vendor/laravel/framework/src/Illuminate/Database/Schema/Builder.php(444): Illuminate\\Database\\Schema\\Builder->build()
#5 /www/wwwroot/meeting.sisuu.com/backend/vendor/laravel/framework/src/Illuminate/Support/Facades/Facade.php(355): Illuminate\\Database\\Schema\\Builder->table()
#6 /www/wwwroot/meeting.sisuu.com/backend/database/migrations/2024_01_01_000022_add_phase5_features.php(11): Illuminate\\Support\\Facades\\Facade::__callStatic()
#7 /www/wwwroot/meeting.sisuu.com/backend/vendor/laravel/framework/src/Illuminate/Database/Migrations/Migrator.php(501): Illuminate\\Database\\Migrations\\Migration@anonymous->up()
#8 /www/wwwroot/meeting.sisuu.com/backend/vendor/laravel/framework/src/Illuminate/Database/Migrations/Migrator.php(418): Illuminate\\Database\\Migrations\\Migrator->runMethod()
#9 /www/wwwroot/meeting.sisuu.com/backend/vendor/laravel/framework/src/Illuminate/Database/Migrations/Migrator.php(427): Illuminate\\Database\\Migrations\\Migrator->Illuminate\\Database\\Migrations\\{closure}()
#10 /www/wwwroot/meeting.sisuu.com/backend/vendor/laravel/framework/src/Illuminate/Database/Migrations/Migrator.php(224): Illuminate\\Database\\Migrations\\Migrator->runMigration()
#11 /www/wwwroot/meeting.sisuu.com/backend/vendor/laravel/framework/src/Illuminate/Console/View/Components/Task.php(37): Illuminate\\Database\\Migrations\\Migrator->Illuminate\\Database\\Migrations\\{closure}()
#12 /www/wwwroot/meeting.sisuu.com/backend/vendor/laravel/framework/src/Illuminate/Database/Migrations/Migrator.php(783): Illuminate\\Console\\View\\Components\\Task->render()
#13 /www/wwwroot/meeting.sisuu.com/backend/vendor/laravel/framework/src/Illuminate/Database/Migrations/Migrator.php(224): Illuminate\\Database\\Migrations\\Migrator->write()
#14 /www/wwwroot/meeting.sisuu.com/backend/vendor/laravel/framework/src/Illuminate/Database/Migrations/Migrator.php(189): Illuminate\\Database\\Migrations\\Migrator->runUp()
#15 /www/wwwroot/meeting.sisuu.com/backend/vendor/laravel/framework/src/Illuminate/Database/Migrations/Migrator.php(132): Illuminate\\Database\\Migrations\\Migrator->runPending()
#16 /www/wwwroot/meeting.sisuu.com/backend/vendor/laravel/framework/src/Illuminate/Database/Console/Migrations/MigrateCommand.php(90): Illuminate\\Database\\Migrations\\Migrator->run()
#17 /www/wwwroot/meeting.sisuu.com/backend/vendor/laravel/framework/src/Illuminate/Database/Migrations/Migrator.php(641): Illuminate\\Database\\Console\\Migrations\\MigrateCommand->Illuminate\\Database\\Console\\Migrations\\{closure}()
#18 /www/wwwroot/meeting.sisuu.com/backend/vendor/laravel/framework/src/Illuminate/Database/Console/Migrations/MigrateCommand.php(83): Illuminate\\Database\\Migrations\\Migrator->usingConnection()
#19 /www/wwwroot/meeting.sisuu.com/backend/vendor/laravel/framework/src/Illuminate/Container/BoundMethod.php(36): Illuminate\\Database\\Console\\Migrations\\MigrateCommand->handle()
#20 /www/wwwroot/meeting.sisuu.com/backend/vendor/laravel/framework/src/Illuminate/Container/Util.php(41): Illuminate\\Container\\BoundMethod::Illuminate\\Container\\{closure}()
#21 /www/wwwroot/meeting.sisuu.com/backend/vendor/laravel/framework/src/Illuminate/Container/BoundMethod.php(93): Illuminate\\Container\\Util::unwrapIfClosure()
#22 /www/wwwroot/meeting.sisuu.com/backend/vendor/laravel/framework/src/Illuminate/Container/BoundMethod.php(35): Illuminate\\Container\\BoundMethod::callBoundMethod()
#23 /www/wwwroot/meeting.sisuu.com/backend/vendor/laravel/framework/src/Illuminate/Container/Container.php(662): Illuminate\\Container\\BoundMethod::call()
#24 /www/wwwroot/meeting.sisuu.com/backend/vendor/laravel/framework/src/Illuminate/Console/Command.php(211): Illuminate\\Container\\Container->call()
#25 /www/wwwroot/meeting.sisuu.com/backend/vendor/symfony/console/Command/Command.php(326): Illuminate\\Console\\Command->execute()
#26 /www/wwwroot/meeting.sisuu.com/backend/vendor/laravel/framework/src/Illuminate/Console/Command.php(180): Symfony\\Component\\Console\\Command\\Command->run()
#27 /www/wwwroot/meeting.sisuu.com/backend/vendor/symfony/console/Application.php(1121): Illuminate\\Console\\Command->run()
#28 /www/wwwroot/meeting.sisuu.com/backend/vendor/symfony/console/Application.php(324): Symfony\\Component\\Console\\Application->doRunCommand()
#29 /www/wwwroot/meeting.sisuu.com/backend/vendor/symfony/console/Application.php(175): Symfony\\Component\\Console\\Application->doRun()
#30 /www/wwwroot/meeting.sisuu.com/backend/vendor/laravel/framework/src/Illuminate/Foundation/Console/Kernel.php(201): Symfony\\Component\\Console\\Application->run()
#31 /www/wwwroot/meeting.sisuu.com/backend/artisan(12): Illuminate\\Foundation\\Console\\Kernel->handle()
#32 {main}

[previous exception] [object] (PDOException(code: 42S21): SQLSTATE[42S21]: Column already exists: 1060 Duplicate column name 'credit_min_threshold' at /www/wwwroot/meeting.sisuu.com/backend/vendor/laravel/framework/src/Illuminate/Database/Connection.php:587)
[stacktrace]
#0 /www/wwwroot/meeting.sisuu.com/backend/vendor/laravel/framework/src/Illuminate/Database/Connection.php(587): PDOStatement->execute()
#1 /www/wwwroot/meeting.sisuu.com/backend/vendor/laravel/framework/src/Illuminate/Database/Connection.php(816): Illuminate\\Database\\Connection->Illuminate\\Database\\{closure}()
#2 /www/wwwroot/meeting.sisuu.com/backend/vendor/laravel/framework/src/Illuminate/Database/Connection.php(783): Illuminate\\Database\\Connection->runQueryCallback()
#3 /www/wwwroot/meeting.sisuu.com/backend/vendor/laravel/framework/src/Illuminate/Database/Connection.php(576): Illuminate\\Database\\Connection->run()
#4 /www/wwwroot/meeting.sisuu.com/backend/vendor/laravel/framework/src/Illuminate/Database/Schema/Blueprint.php(110): Illuminate\\Database\\Connection->statement()
#5 /www/wwwroot/meeting.sisuu.com/backend/vendor/laravel/framework/src/Illuminate/Database/Schema/Builder.php(602): Illuminate\\Database\\Schema\\Blueprint->build()
#6 /www/wwwroot/meeting.sisuu.com/backend/vendor/laravel/framework/src/Illuminate/Database/Schema/Builder.php(444): Illuminate\\Database\\Schema\\Builder->build()
#7 /www/wwwroot/meeting.sisuu.com/backend/vendor/laravel/framework/src/Illuminate/Support/Facades/Facade.php(355): Illuminate\\Database\\Schema\\Builder->table()
#8 /www/wwwroot/meeting.sisuu.com/backend/database/migrations/2024_01_01_000022_add_phase5_features.php(11): Illuminate\\Support\\Facades\\Facade::__callStatic()
#9 /www/wwwroot/meeting.sisuu.com/backend/vendor/laravel/framework/src/Illuminate/Database/Migrations/Migrator.php(501): Illuminate\\Database\\Migrations\\Migration@anonymous->up()
#10 /www/wwwroot/meeting.sisuu.com/backend/vendor/laravel/framework/src/Illuminate/Database/Migrations/Migrator.php(418): Illuminate\\Database\\Migrations\\Migrator->runMethod()
#11 /www/wwwroot/meeting.sisuu.com/backend/vendor/laravel/framework/src/Illuminate/Database/Migrations/Migrator.php(427): Illuminate\\Database\\Migrations\\Migrator->Illuminate\\Database\\Migrations\\{closure}()
#12 /www/wwwroot/meeting.sisuu.com/backend/vendor/laravel/framework/src/Illuminate/Database/Migrations/Migrator.php(224): Illuminate\\Database\\Migrations\\Migrator->runMigration()
#13 /www/wwwroot/meeting.sisuu.com/backend/vendor/laravel/framework/src/Illuminate/Console/View/Components/Task.php(37): Illuminate\\Database\\Migrations\\Migrator->Illuminate\\Database\\Migrations\\{closure}()
#14 /www/wwwroot/meeting.sisuu.com/backend/vendor/laravel/framework/src/Illuminate/Database/Migrations/Migrator.php(783): Illuminate\\Console\\View\\Components\\Task->render()
#15 /www/wwwroot/meeting.sisuu.com/backend/vendor/laravel/framework/src/Illuminate/Database/Migrations/Migrator.php(224): Illuminate\\Database\\Migrations\\Migrator->write()
#16 /www/wwwroot/meeting.sisuu.com/backend/vendor/laravel/framework/src/Illuminate/Database/Migrations/Migrator.php(189): Illuminate\\Database\\Migrations\\Migrator->runUp()
#17 /www/wwwroot/meeting.sisuu.com/backend/vendor/laravel/framework/src/Illuminate/Database/Migrations/Migrator.php(132): Illuminate\\Database\\Migrations\\Migrator->runPending()
#18 /www/wwwroot/meeting.sisuu.com/backend/vendor/laravel/framework/src/Illuminate/Database/Console/Migrations/MigrateCommand.php(90): Illuminate\\Database\\Migrations\\Migrator->run()
#19 /www/wwwroot/meeting.sisuu.com/backend/vendor/laravel/framework/src/Illuminate/Database/Migrations/Migrator.php(641): Illuminate\\Database\\Console\\Migrations\\MigrateCommand->Illuminate\\Database\\Console\\Migrations\\{closure}()
#20 /www/wwwroot/meeting.sisuu.com/backend/vendor/laravel/framework/src/Illuminate/Database/Console/Migrations/MigrateCommand.php(83): Illuminate\\Database\\Migrations\\Migrator->usingConnection()
#21 /www/wwwroot/meeting.sisuu.com/backend/vendor/laravel/framework/src/Illuminate/Container/BoundMethod.php(36): Illuminate\\Database\\Console\\Migrations\\MigrateCommand->handle()
#22 /www/wwwroot/meeting.sisuu.com/backend/vendor/laravel/framework/src/Illuminate/Container/Util.php(41): Illuminate\\Container\\BoundMethod::Illuminate\\Container\\{closure}()
#23 /www/wwwroot/meeting.sisuu.com/backend/vendor/laravel/framework/src/Illuminate/Container/BoundMethod.php(93): Illuminate\\Container\\Util::unwrapIfClosure()
#24 /www/wwwroot/meeting.sisuu.com/backend/vendor/laravel/framework/src/Illuminate/Container/BoundMethod.php(35): Illuminate\\Container\\BoundMethod::callBoundMethod()
#25 /www/wwwroot/meeting.sisuu.com/backend/vendor/laravel/framework/src/Illuminate/Container/Container.php(662): Illuminate\\Container\\BoundMethod::call()
#26 /www/wwwroot/meeting.sisuu.com/backend/vendor/laravel/framework/src/Illuminate/Console/Command.php(211): Illuminate\\Container\\Container->call()
#27 /www/wwwroot/meeting.sisuu.com/backend/vendor/symfony/console/Command/Command.php(326): Illuminate\\Console\\Command->execute()
#28 /www/wwwroot/meeting.sisuu.com/backend/vendor/laravel/framework/src/Illuminate/Console/Command.php(180): Symfony\\Component\\Console\\Command\\Command->run()
#29 /www/wwwroot/meeting.sisuu.com/backend/vendor/symfony/console/Application.php(1121): Illuminate\\Console\\Command->run()
#30 /www/wwwroot/meeting.sisuu.com/backend/vendor/symfony/console/Application.php(324): Symfony\\Component\\Console\\Application->doRunCommand()
#31 /www/wwwroot/meeting.sisuu.com/backend/vendor/symfony/console/Application.php(175): Symfony\\Component\\Console\\Application->doRun()
#32 /www/wwwroot/meeting.sisuu.com/backend/vendor/laravel/framework/src/Illuminate/Foundation/Console/Kernel.php(201): Symfony\\Component\\Console\\Application->run()
#33 /www/wwwroot/meeting.sisuu.com/backend/artisan(12): Illuminate\\Foundation\\Console\\Kernel->handle()
#34 {main}
"} 
[2026-07-07 17:04:22] production.ERROR: Method Illuminate\Validation\Validator::validateDatetime does not exist. {"userId":2,"exception":"[object] (BadMethodCallException(code: 0): Method Illuminate\\Validation\\Validator::validateDatetime does not exist. at /www/wwwroot/meeting.sisuu.com/backend/vendor/laravel/framework/src/Illuminate/Validation/Validator.php:1646)
[stacktrace]
#0 /www/wwwroot/meeting.sisuu.com/backend/vendor/laravel/framework/src/Illuminate/Validation/Validator.php(660): Illuminate\\Validation\\Validator->__call()
#1 /www/wwwroot/meeting.sisuu.com/backend/vendor/laravel/framework/src/Illuminate/Validation/Validator.php(459): Illuminate\\Validation\\Validator->validateAttribute()
#2 /www/wwwroot/meeting.sisuu.com/backend/vendor/laravel/framework/src/Illuminate/Validation/Validator.php(494): Illuminate\\Validation\\Validator->passes()
#3 /www/wwwroot/meeting.sisuu.com/backend/vendor/laravel/framework/src/Illuminate/Validation/Validator.php(536): Illuminate\\Validation\\Validator->fails()
#4 /www/wwwroot/meeting.sisuu.com/backend/vendor/laravel/framework/src/Illuminate/Foundation/Providers/FoundationServiceProvider.php(124): Illuminate\\Validation\\Validator->validate()
#5 /www/wwwroot/meeting.sisuu.com/backend/vendor/laravel/framework/src/Illuminate/Macroable/Traits/Macroable.php(123): Illuminate\\Http\\Request->Illuminate\\Foundation\\Providers\\{closure}()
#6 /www/wwwroot/meeting.sisuu.com/backend/app/Http/Controllers/MeetingRoomController.php(151): Illuminate\\Http\\Request->__call()
#7 /www/wwwroot/meeting.sisuu.com/backend/vendor/laravel/framework/src/Illuminate/Routing/Controller.php(54): App\\Http\\Controllers\\MeetingRoomController->checkAvailability()
#8 /www/wwwroot/meeting.sisuu.com/backend/vendor/laravel/framework/src/Illuminate/Routing/ControllerDispatcher.php(43): Illuminate\\Routing\\Controller->callAction()
#9 /www/wwwroot/meeting.sisuu.com/backend/vendor/laravel/framework/src/Illuminate/Routing/Route.php(259): Illuminate\\Routing\\ControllerDispatcher->dispatch()
#10 /www/wwwroot/meeting.sisuu.com/backend/vendor/laravel/framework/src/Illuminate/Routing/Route.php(205): Illuminate\\Routing\\Route->runController()
#11 /www/wwwroot/meeting.sisuu.com/backend/vendor/laravel/framework/src/Illuminate/Routing/Router.php(806): Illuminate\\Routing\\Route->run()
#12 /www/wwwroot/meeting.sisuu.com/backend/vendor/laravel/framework/src/Illuminate/Pipeline/Pipeline.php(144): Illuminate\\Routing\\Router->Illuminate\\Routing\\{closure}()
#13 /www/wwwroot/meeting.sisuu.com/backend/app/Http/Middleware/CheckTenantStatus.php(28): Illuminate\\Pipeline\\Pipeline->Illuminate\\Pipeline\\{closure}()
#14 /www/wwwroot/meeting.sisuu.com/backend/vendor/laravel/framework/src/Illuminate/Pipeline/Pipeline.php(183): App\\Http\\Middleware\\CheckTenantStatus->handle()
#15 /www/wwwroot/meeting.sisuu.com/backend/vendor/laravel/framework/src/Illuminate/Routing/Middleware/SubstituteBindings.php(50): Illuminate\\Pipeline\\Pipeline->Illuminate\\Pipeline\\{closure}()
#16 /www/wwwroot/meeting.sisuu.com/backend/vendor/laravel/framework/src/Illuminate/Pipeline/Pipeline.php(183): Illuminate\\Routing\\Middleware\\SubstituteBindings->handle()
#17 /www/wwwroot/meeting.sisuu.com/backend/vendor/laravel/framework/src/Illuminate/Routing/Middleware/ThrottleRequests.php(159): Illuminate\\Pipeline\\Pipeline->Illuminate\\Pipeline\\{closure}()
#18 /www/wwwroot/meeting.sisuu.com/backend/vendor/laravel/framework/src/Illuminate/Routing/Middleware/ThrottleRequests.php(125): Illuminate\\Routing\\Middleware\\ThrottleRequests->handleRequest()
#19 /www/wwwroot/meeting.sisuu.com/backend/vendor/laravel/framework/src/Illuminate/Routing/Middleware/ThrottleRequests.php(87): Illuminate\\Routing\\Middleware\\ThrottleRequests->handleRequestUsingNamedLimiter()
#20 /www/wwwroot/meeting.sisuu.com/backend/vendor/laravel/framework/src/Illuminate/Pipeline/Pipeline.php(183): Illuminate\\Routing\\Middleware\\ThrottleRequests->handle()
#21 /www/wwwroot/meeting.sisuu.com/backend/vendor/laravel/framework/src/Illuminate/Auth/Middleware/Authenticate.php(57): Illuminate\\Pipeline\\Pipeline->Illuminate\\Pipeline\\{closure}()
#22 /www/wwwroot/meeting.sisuu.com/backend/vendor/laravel/framework/src/Illuminate/Pipeline/Pipeline.php(183): Illuminate\\Auth\\Middleware\\Authenticate->handle()
#23 /www/wwwroot/meeting.sisuu.com/backend/vendor/laravel/sanctum/src/Http/Middleware/EnsureFrontendRequestsAreStateful.php(25): Illuminate\\Pipeline\\Pipeline->Illuminate\\Pipeline\\{closure}()
#24 /www/wwwroot/meeting.sisuu.com/backend/vendor/laravel/framework/src/Illuminate/Pipeline/Pipeline.php(144): Laravel\\Sanctum\\Http\\Middleware\\EnsureFrontendRequestsAreStateful->Laravel\\Sanctum\\Http\\Middleware\\{closure}()
#25 /www/wwwroot/meeting.sisuu.com/backend/vendor/laravel/framework/src/Illuminate/Pipeline/Pipeline.php(119): Illuminate\\Pipeline\\Pipeline->Illuminate\\Pipeline\\{closure}()
#26 /www/wwwroot/meeting.sisuu.com/backend/vendor/laravel/sanctum/src/Http/Middleware/EnsureFrontendRequestsAreStateful.php(24): Illuminate\\Pipeline\\Pipeline->then()
#27 /www/wwwroot/meeting.sisuu.com/backend/vendor/laravel/framework/src/Illuminate/Pipeline/Pipeline.php(183): Laravel\\Sanctum\\Http\\Middleware\\EnsureFrontendRequestsAreStateful->handle()
#28 /www/wwwroot/meeting.sisuu.com/backend/vendor/laravel/framework/src/Illuminate/Pipeline/Pipeline.php(119): Illuminate\\Pipeline\\Pipeline->Illuminate\\Pipeline\\{closure}()
#29 /www/wwwroot/meeting.sisuu.com/backend/vendor/laravel/framework/src/Illuminate/Routing/Router.php(805): Illuminate\\Pipeline\\Pipeline->then()
#30 /www/wwwroot/meeting.sisuu.com/backend/vendor/laravel/framework/src/Illuminate/Routing/Router.php(784): Illuminate\\Routing\\Router->runRouteWithinStack()
#31 /www/wwwroot/meeting.sisuu.com/backend/vendor/laravel/framework/src/Illuminate/Routing/Router.php(748): Illuminate\\Routing\\Router->runRoute()
#32 /www/wwwroot/meeting.sisuu.com/backend/vendor/laravel/framework/src/Illuminate/Routing/Router.php(737): Illuminate\\Routing\\Router->dispatchToRoute()
#33 /www/wwwroot/meeting.sisuu.com/backend/vendor/laravel/framework/src/Illuminate/Foundation/Http/Kernel.php(200): Illuminate\\Routing\\Router->dispatch()
#34 /www/wwwroot/meeting.sisuu.com/backend/vendor/laravel/framework/src/Illuminate/Pipeline/Pipeline.php(144): Illuminate\\Foundation\\Http\\Kernel->Illuminate\\Foundation\\Http\\{closure}()
#35 /www/wwwroot/meeting.sisuu.com/backend/vendor/laravel/framework/src/Illuminate/Foundation/Http/Middleware/TransformsRequest.php(21): Illuminate\\Pipeline\\Pipeline->Illuminate\\Pipeline\\{closure}()
#36 /www/wwwroot/meeting.sisuu.com/backend/vendor/laravel/framework/src/Illuminate/Foundation/Http/Middleware/ConvertEmptyStringsToNull.php(31): Illuminate\\Foundation\\Http\\Middleware\\TransformsRequest->handle()
#37 /www/wwwroot/meeting.sisuu.com/backend/vendor/laravel/framework/src/Illuminate/Pipeline/Pipeline.php(183): Illuminate\\Foundation\\Http\\Middleware\\ConvertEmptyStringsToNull->handle()
#38 /www/wwwroot/meeting.sisuu.com/backend/vendor/laravel/framework/src/Illuminate/Foundation/Http/Middleware/TransformsRequest.php(21): Illuminate\\Pipeline\\Pipeline->Illuminate\\Pipeline\\{closure}()
#39 /www/wwwroot/meeting.sisuu.com/backend/vendor/laravel/framework/src/Illuminate/Foundation/Http/Middleware/TrimStrings.php(40): Illuminate\\Foundation\\Http\\Middleware\\TransformsRequest->handle()
#40 /www/wwwroot/meeting.sisuu.com/backend/vendor/laravel/framework/src/Illuminate/Pipeline/Pipeline.php(183): Illuminate\\Foundation\\Http\\Middleware\\TrimStrings->handle()
#41 /www/wwwroot/meeting.sisuu.com/backend/vendor/laravel/framework/src/Illuminate/Foundation/Http/Middleware/ValidatePostSize.php(27): Illuminate\\Pipeline\\Pipeline->Illuminate\\Pipeline\\{closure}()
#42 /www/wwwroot/meeting.sisuu.com/backend/vendor/laravel/framework/src/Illuminate/Pipeline/Pipeline.php(183): Illuminate\\Foundation\\Http\\Middleware\\ValidatePostSize->handle()
#43 /www/wwwroot/meeting.sisuu.com/backend/vendor/laravel/framework/src/Illuminate/Foundation/Http/Middleware/PreventRequestsDuringMaintenance.php(99): Illuminate\\Pipeline\\Pipeline->Illuminate\\Pipeline\\{closure}()
#44 /www/wwwroot/meeting.sisuu.com/backend/vendor/laravel/framework/src/Illuminate/Pipeline/Pipeline.php(183): Illuminate\\Foundation\\Http\\Middleware\\PreventRequestsDuringMaintenance->handle()
#45 /www/wwwroot/meeting.sisuu.com/backend/vendor/laravel/framework/src/Illuminate/Http/Middleware/HandleCors.php(49): Illuminate\\Pipeline\\Pipeline->Illuminate\\Pipeline\\{closure}()
#46 /www/wwwroot/meeting.sisuu.com/backend/vendor/laravel/framework/src/Illuminate/Pipeline/Pipeline.php(183): Illuminate\\Http\\Middleware\\HandleCors->handle()
#47 /www/wwwroot/meeting.sisuu.com/backend/vendor/laravel/framework/src/Illuminate/Http/Middleware/TrustProxies.php(39): Illuminate\\Pipeline\\Pipeline->Illuminate\\Pipeline\\{closure}()
#48 /www/wwwroot/meeting.sisuu.com/backend/vendor/laravel/framework/src/Illuminate/Pipeline/Pipeline.php(183): Illuminate\\Http\\Middleware\\TrustProxies->handle()
#49 /www/wwwroot/meeting.sisuu.com/backend/vendor/laravel/framework/src/Illuminate/Pipeline/Pipeline.php(119): Illuminate\\Pipeline\\Pipeline->Illuminate\\Pipeline\\{closure}()
#50 /www/wwwroot/meeting.sisuu.com/backend/vendor/laravel/framework/src/Illuminate/Foundation/Http/Kernel.php(175): Illuminate\\Pipeline\\Pipeline->then()
#51 /www/wwwroot/meeting.sisuu.com/backend/vendor/laravel/framework/src/Illuminate/Foundation/Http/Kernel.php(144): Illuminate\\Foundation\\Http\\Kernel->sendRequestThroughRouter()
#52 /www/wwwroot/meeting.sisuu.com/backend/public/index.php(14): Illuminate\\Foundation\\Http\\Kernel->handle()
#53 /www/wwwroot/meeting.sisuu.com/backend/server.php(11): require_once('...')
#54 {main}
"} 
[2026-07-07 17:17:12] production.ERROR: The [database] queue connection has not been configured. {"exception":"[object] (InvalidArgumentException(code: 0): The [database] queue connection has not been configured. at /www/wwwroot/meeting.sisuu.com/backend/vendor/laravel/framework/src/Illuminate/Queue/QueueManager.php:159)
[stacktrace]
#0 /www/wwwroot/meeting.sisuu.com/backend/vendor/laravel/framework/src/Illuminate/Queue/QueueManager.php(138): Illuminate\\Queue\\QueueManager->resolve()
#1 /www/wwwroot/meeting.sisuu.com/backend/vendor/laravel/framework/src/Illuminate/Queue/Worker.php(163): Illuminate\\Queue\\QueueManager->connection()
#2 /www/wwwroot/meeting.sisuu.com/backend/vendor/laravel/framework/src/Illuminate/Queue/Console/WorkCommand.php(137): Illuminate\\Queue\\Worker->daemon()
#3 /www/wwwroot/meeting.sisuu.com/backend/vendor/laravel/framework/src/Illuminate/Queue/Console/WorkCommand.php(120): Illuminate\\Queue\\Console\\WorkCommand->runWorker()
#4 /www/wwwroot/meeting.sisuu.com/backend/vendor/laravel/framework/src/Illuminate/Container/BoundMethod.php(36): Illuminate\\Queue\\Console\\WorkCommand->handle()
#5 /www/wwwroot/meeting.sisuu.com/backend/vendor/laravel/framework/src/Illuminate/Container/Util.php(41): Illuminate\\Container\\BoundMethod::Illuminate\\Container\\{closure}()
#6 /www/wwwroot/meeting.sisuu.com/backend/vendor/laravel/framework/src/Illuminate/Container/BoundMethod.php(93): Illuminate\\Container\\Util::unwrapIfClosure()
#7 /www/wwwroot/meeting.sisuu.com/backend/vendor/laravel/framework/src/Illuminate/Container/BoundMethod.php(35): Illuminate\\Container\\BoundMethod::callBoundMethod()
#8 /www/wwwroot/meeting.sisuu.com/backend/vendor/laravel/framework/src/Illuminate/Container/Container.php(662): Illuminate\\Container\\BoundMethod::call()
#9 /www/wwwroot/meeting.sisuu.com/backend/vendor/laravel/framework/src/Illuminate/Console/Command.php(211): Illuminate\\Container\\Container->call()
#10 /www/wwwroot/meeting.sisuu.com/backend/vendor/symfony/console/Command/Command.php(326): Illuminate\\Console\\Command->execute()
#11 /www/wwwroot/meeting.sisuu.com/backend/vendor/laravel/framework/src/Illuminate/Console/Command.php(180): Symfony\\Component\\Console\\Command\\Command->run()
#12 /www/wwwroot/meeting.sisuu.com/backend/vendor/symfony/console/Application.php(1121): Illuminate\\Console\\Command->run()
#13 /www/wwwroot/meeting.sisuu.com/backend/vendor/symfony/console/Application.php(324): Symfony\\Component\\Console\\Application->doRunCommand()
#14 /www/wwwroot/meeting.sisuu.com/backend/vendor/symfony/console/Application.php(175): Symfony\\Component\\Console\\Application->doRun()
#15 /www/wwwroot/meeting.sisuu.com/backend/vendor/laravel/framework/src/Illuminate/Foundation/Console/Kernel.php(201): Symfony\\Component\\Console\\Application->run()
#16 /www/wwwroot/meeting.sisuu.com/backend/artisan(12): Illuminate\\Foundation\\Console\\Kernel->handle()
#17 {main}
"} 
[2026-07-07 17:17:12] production.ERROR: The [database] queue connection has not been configured. {"exception":"[object] (InvalidArgumentException(code: 0): The [database] queue connection has not been configured. at /www/wwwroot/meeting.sisuu.com/backend/vendor/laravel/framework/src/Illuminate/Queue/QueueManager.php:159)
[stacktrace]
#0 /www/wwwroot/meeting.sisuu.com/backend/vendor/laravel/framework/src/Illuminate/Queue/QueueManager.php(138): Illuminate\\Queue\\QueueManager->resolve()
#1 /www/wwwroot/meeting.sisuu.com/backend/vendor/laravel/framework/src/Illuminate/Queue/Worker.php(163): Illuminate\\Queue\\QueueManager->connection()
#2 /www/wwwroot/meeting.sisuu.com/backend/vendor/laravel/framework/src/Illuminate/Queue/Console/WorkCommand.php(137): Illuminate\\Queue\\Worker->daemon()
#3 /www/wwwroot/meeting.sisuu.com/backend/vendor/laravel/framework/src/Illuminate/Queue/Console/WorkCommand.php(120): Illuminate\\Queue\\Console\\WorkCommand->runWorker()
#4 /www/wwwroot/meeting.sisuu.com/backend/vendor/laravel/framework/src/Illuminate/Container/BoundMethod.php(36): Illuminate\\Queue\\Console\\WorkCommand->handle()
#5 /www/wwwroot/meeting.sisuu.com/backend/vendor/laravel/framework/src/Illuminate/Container/Util.php(41): Illuminate\\Container\\BoundMethod::Illuminate\\Container\\{closure}()
#6 /www/wwwroot/meeting.sisuu.com/backend/vendor/laravel/framework/src/Illuminate/Container/BoundMethod.php(93): Illuminate\\Container\\Util::unwrapIfClosure()
#7 /www/wwwroot/meeting.sisuu.com/backend/vendor/laravel/framework/src/Illuminate/Container/BoundMethod.php(35): Illuminate\\Container\\BoundMethod::callBoundMethod()
#8 /www/wwwroot/meeting.sisuu.com/backend/vendor/laravel/framework/src/Illuminate/Container/Container.php(662): Illuminate\\Container\\BoundMethod::call()
#9 /www/wwwroot/meeting.sisuu.com/backend/vendor/laravel/framework/src/Illuminate/Console/Command.php(211): Illuminate\\Container\\Container->call()
#10 /www/wwwroot/meeting.sisuu.com/backend/vendor/symfony/console/Command/Command.php(326): Illuminate\\Console\\Command->execute()
#11 /www/wwwroot/meeting.sisuu.com/backend/vendor/laravel/framework/src/Illuminate/Console/Command.php(180): Symfony\\Component\\Console\\Command\\Command->run()
#12 /www/wwwroot/meeting.sisuu.com/backend/vendor/symfony/console/Application.php(1121): Illuminate\\Console\\Command->run()
#13 /www/wwwroot/meeting.sisuu.com/backend/vendor/symfony/console/Application.php(324): Symfony\\Component\\Console\\Application->doRunCommand()
#14 /www/wwwroot/meeting.sisuu.com/backend/vendor/symfony/console/Application.php(175): Symfony\\Component\\Console\\Application->doRun()
#15 /www/wwwroot/meeting.sisuu.com/backend/vendor/laravel/framework/src/Illuminate/Foundation/Console/Kernel.php(201): Symfony\\Component\\Console\\Application->run()
#16 /www/wwwroot/meeting.sisuu.com/backend/artisan(12): Illuminate\\Foundation\\Console\\Kernel->handle()
#17 {main}
"} 
[2026-07-07 17:17:14] production.ERROR: The [database] queue connection has not been configured. {"exception":"[object] (InvalidArgumentException(code: 0): The [database] queue connection has not been configured. at /www/wwwroot/meeting.sisuu.com/backend/vendor/laravel/framework/src/Illuminate/Queue/QueueManager.php:159)
[stacktrace]
#0 /www/wwwroot/meeting.sisuu.com/backend/vendor/laravel/framework/src/Illuminate/Queue/QueueManager.php(138): Illuminate\\Queue\\QueueManager->resolve()
#1 /www/wwwroot/meeting.sisuu.com/backend/vendor/laravel/framework/src/Illuminate/Queue/Worker.php(163): Illuminate\\Queue\\QueueManager->connection()
#2 /www/wwwroot/meeting.sisuu.com/backend/vendor/laravel/framework/src/Illuminate/Queue/Console/WorkCommand.php(137): Illuminate\\Queue\\Worker->daemon()
#3 /www/wwwroot/meeting.sisuu.com/backend/vendor/laravel/framework/src/Illuminate/Queue/Console/WorkCommand.php(120): Illuminate\\Queue\\Console\\WorkCommand->runWorker()
#4 /www/wwwroot/meeting.sisuu.com/backend/vendor/laravel/framework/src/Illuminate/Container/BoundMethod.php(36): Illuminate\\Queue\\Console\\WorkCommand->handle()
#5 /www/wwwroot/meeting.sisuu.com/backend/vendor/laravel/framework/src/Illuminate/Container/Util.php(41): Illuminate\\Container\\BoundMethod::Illuminate\\Container\\{closure}()
#6 /www/wwwroot/meeting.sisuu.com/backend/vendor/laravel/framework/src/Illuminate/Container/BoundMethod.php(93): Illuminate\\Container\\Util::unwrapIfClosure()
#7 /www/wwwroot/meeting.sisuu.com/backend/vendor/laravel/framework/src/Illuminate/Container/BoundMethod.php(35): Illuminate\\Container\\BoundMethod::callBoundMethod()
#8 /www/wwwroot/meeting.sisuu.com/backend/vendor/laravel/framework/src/Illuminate/Container/Container.php(662): Illuminate\\Container\\BoundMethod::call()
#9 /www/wwwroot/meeting.sisuu.com/backend/vendor/laravel/framework/src/Illuminate/Console/Command.php(211): Illuminate\\Container\\Container->call()
#10 /www/wwwroot/meeting.sisuu.com/backend/vendor/symfony/console/Command/Command.php(326): Illuminate\\Console\\Command->execute()
#11 /www/wwwroot/meeting.sisuu.com/backend/vendor/laravel/framework/src/Illuminate/Console/Command.php(180): Symfony\\Component\\Console\\Command\\Command->run()
#12 /www/wwwroot/meeting.sisuu.com/backend/vendor/symfony/console/Application.php(1121): Illuminate\\Console\\Command->run()
#13 /www/wwwroot/meeting.sisuu.com/backend/vendor/symfony/console/Application.php(324): Symfony\\Component\\Console\\Application->doRunCommand()
#14 /www/wwwroot/meeting.sisuu.com/backend/vendor/symfony/console/Application.php(175): Symfony\\Component\\Console\\Application->doRun()
#15 /www/wwwroot/meeting.sisuu.com/backend/vendor/laravel/framework/src/Illuminate/Foundation/Console/Kernel.php(201): Symfony\\Component\\Console\\Application->run()
#16 /www/wwwroot/meeting.sisuu.com/backend/artisan(12): Illuminate\\Foundation\\Console\\Kernel->handle()
#17 {main}
"} 
[2026-07-07 17:17:16] production.ERROR: The [database] queue connection has not been configured. {"exception":"[object] (InvalidArgumentException(code: 0): The [database] queue connection has not been configured. at /www/wwwroot/meeting.sisuu.com/backend/vendor/laravel/framework/src/Illuminate/Queue/QueueManager.php:159)
[stacktrace]
#0 /www/wwwroot/meeting.sisuu.com/backend/vendor/laravel/framework/src/Illuminate/Queue/QueueManager.php(138): Illuminate\\Queue\\QueueManager->resolve()
#1 /www/wwwroot/meeting.sisuu.com/backend/vendor/laravel/framework/src/Illuminate/Queue/Worker.php(163): Illuminate\\Queue\\QueueManager->connection()
#2 /www/wwwroot/meeting.sisuu.com/backend/vendor/laravel/framework/src/Illuminate/Queue/Console/WorkCommand.php(137): Illuminate\\Queue\\Worker->daemon()
#3 /www/wwwroot/meeting.sisuu.com/backend/vendor/laravel/framework/src/Illuminate/Queue/Console/WorkCommand.php(120): Illuminate\\Queue\\Console\\WorkCommand->runWorker()
#4 /www/wwwroot/meeting.sisuu.com/backend/vendor/laravel/framework/src/Illuminate/Container/BoundMethod.php(36): Illuminate\\Queue\\Console\\WorkCommand->handle()
#5 /www/wwwroot/meeting.sisuu.com/backend/vendor/laravel/framework/src/Illuminate/Container/Util.php(41): Illuminate\\Container\\BoundMethod::Illuminate\\Container\\{closure}()
#6 /www/wwwroot/meeting.sisuu.com/backend/vendor/laravel/framework/src/Illuminate/Container/BoundMethod.php(93): Illuminate\\Container\\Util::unwrapIfClosure()
#7 /www/wwwroot/meeting.sisuu.com/backend/vendor/laravel/framework/src/Illuminate/Container/BoundMethod.php(35): Illuminate\\Container\\BoundMethod::callBoundMethod()
#8 /www/wwwroot/meeting.sisuu.com/backend/vendor/laravel/framework/src/Illuminate/Container/Container.php(662): Illuminate\\Container\\BoundMethod::call()
#9 /www/wwwroot/meeting.sisuu.com/backend/vendor/laravel/framework/src/Illuminate/Console/Command.php(211): Illuminate\\Container\\Container->call()
#10 /www/wwwroot/meeting.sisuu.com/backend/vendor/symfony/console/Command/Command.php(326): Illuminate\\Console\\Command->execute()
#11 /www/wwwroot/meeting.sisuu.com/backend/vendor/laravel/framework/src/Illuminate/Console/Command.php(180): Symfony\\Component\\Console\\Command\\Command->run()
#12 /www/wwwroot/meeting.sisuu.com/backend/vendor/symfony/console/Application.php(1121): Illuminate\\Console\\Command->run()
#13 /www/wwwroot/meeting.sisuu.com/backend/vendor/symfony/console/Application.php(324): Symfony\\Component\\Console\\Application->doRunCommand()
#14 /www/wwwroot/meeting.sisuu.com/backend/vendor/symfony/console/Application.php(175): Symfony\\Component\\Console\\Application->doRun()
#15 /www/wwwroot/meeting.sisuu.com/backend/vendor/laravel/framework/src/Illuminate/Foundation/Console/Kernel.php(201): Symfony\\Component\\Console\\Application->run()
#16 /www/wwwroot/meeting.sisuu.com/backend/artisan(12): Illuminate\\Foundation\\Console\\Kernel->handle()
#17 {main}
"} 
[2026-07-07 17:17:20] production.ERROR: The [database] queue connection has not been configured. {"exception":"[object] (InvalidArgumentException(code: 0): The [database] queue connection has not been configured. at /www/wwwroot/meeting.sisuu.com/backend/vendor/laravel/framework/src/Illuminate/Queue/QueueManager.php:159)
[stacktrace]
#0 /www/wwwroot/meeting.sisuu.com/backend/vendor/laravel/framework/src/Illuminate/Queue/QueueManager.php(138): Illuminate\\Queue\\QueueManager->resolve()
#1 /www/wwwroot/meeting.sisuu.com/backend/vendor/laravel/framework/src/Illuminate/Queue/Worker.php(163): Illuminate\\Queue\\QueueManager->connection()
#2 /www/wwwroot/meeting.sisuu.com/backend/vendor/laravel/framework/src/Illuminate/Queue/Console/WorkCommand.php(137): Illuminate\\Queue\\Worker->daemon()
#3 /www/wwwroot/meeting.sisuu.com/backend/vendor/laravel/framework/src/Illuminate/Queue/Console/WorkCommand.php(120): Illuminate\\Queue\\Console\\WorkCommand->runWorker()
#4 /www/wwwroot/meeting.sisuu.com/backend/vendor/laravel/framework/src/Illuminate/Container/BoundMethod.php(36): Illuminate\\Queue\\Console\\WorkCommand->handle()
#5 /www/wwwroot/meeting.sisuu.com/backend/vendor/laravel/framework/src/Illuminate/Container/Util.php(41): Illuminate\\Container\\BoundMethod::Illuminate\\Container\\{closure}()
#6 /www/wwwroot/meeting.sisuu.com/backend/vendor/laravel/framework/src/Illuminate/Container/BoundMethod.php(93): Illuminate\\Container\\Util::unwrapIfClosure()
#7 /www/wwwroot/meeting.sisuu.com/backend/vendor/laravel/framework/src/Illuminate/Container/BoundMethod.php(35): Illuminate\\Container\\BoundMethod::callBoundMethod()
#8 /www/wwwroot/meeting.sisuu.com/backend/vendor/laravel/framework/src/Illuminate/Container/Container.php(662): Illuminate\\Container\\BoundMethod::call()
#9 /www/wwwroot/meeting.sisuu.com/backend/vendor/laravel/framework/src/Illuminate/Console/Command.php(211): Illuminate\\Container\\Container->call()
#10 /www/wwwroot/meeting.sisuu.com/backend/vendor/symfony/console/Command/Command.php(326): Illuminate\\Console\\Command->execute()
#11 /www/wwwroot/meeting.sisuu.com/backend/vendor/laravel/framework/src/Illuminate/Console/Command.php(180): Symfony\\Component\\Console\\Command\\Command->run()
#12 /www/wwwroot/meeting.sisuu.com/backend/vendor/symfony/console/Application.php(1121): Illuminate\\Console\\Command->run()
#13 /www/wwwroot/meeting.sisuu.com/backend/vendor/symfony/console/Application.php(324): Symfony\\Component\\Console\\Application->doRunCommand()
#14 /www/wwwroot/meeting.sisuu.com/backend/vendor/symfony/console/Application.php(175): Symfony\\Component\\Console\\Application->doRun()
#15 /www/wwwroot/meeting.sisuu.com/backend/vendor/laravel/framework/src/Illuminate/Foundation/Console/Kernel.php(201): Symfony\\Component\\Console\\Application->run()
#16 /www/wwwroot/meeting.sisuu.com/backend/artisan(12): Illuminate\\Foundation\\Console\\Kernel->handle()
#17 {main}
"} 
[2026-07-07 17:17:22] production.ERROR: The [database] queue connection has not been configured. {"exception":"[object] (InvalidArgumentException(code: 0): The [database] queue connection has not been configured. at /www/wwwroot/meeting.sisuu.com/backend/vendor/laravel/framework/src/Illuminate/Queue/QueueManager.php:159)
[stacktrace]
#0 /www/wwwroot/meeting.sisuu.com/backend/vendor/laravel/framework/src/Illuminate/Queue/QueueManager.php(138): Illuminate\\Queue\\QueueManager->resolve()
#1 /www/wwwroot/meeting.sisuu.com/backend/vendor/laravel/framework/src/Illuminate/Queue/Worker.php(163): Illuminate\\Queue\\QueueManager->connection()
#2 /www/wwwroot/meeting.sisuu.com/backend/vendor/laravel/framework/src/Illuminate/Queue/Console/WorkCommand.php(137): Illuminate\\Queue\\Worker->daemon()
#3 /www/wwwroot/meeting.sisuu.com/backend/vendor/laravel/framework/src/Illuminate/Queue/Console/WorkCommand.php(120): Illuminate\\Queue\\Console\\WorkCommand->runWorker()
#4 /www/wwwroot/meeting.sisuu.com/backend/vendor/laravel/framework/src/Illuminate/Container/BoundMethod.php(36): Illuminate\\Queue\\Console\\WorkCommand->handle()
#5 /www/wwwroot/meeting.sisuu.com/backend/vendor/laravel/framework/src/Illuminate/Container/Util.php(41): Illuminate\\Container\\BoundMethod::Illuminate\\Container\\{closure}()
#6 /www/wwwroot/meeting.sisuu.com/backend/vendor/laravel/framework/src/Illuminate/Container/BoundMethod.php(93): Illuminate\\Container\\Util::unwrapIfClosure()
#7 /www/wwwroot/meeting.sisuu.com/backend/vendor/laravel/framework/src/Illuminate/Container/BoundMethod.php(35): Illuminate\\Container\\BoundMethod::callBoundMethod()
#8 /www/wwwroot/meeting.sisuu.com/backend/vendor/laravel/framework/src/Illuminate/Container/Container.php(662): Illuminate\\Container\\BoundMethod::call()
#9 /www/wwwroot/meeting.sisuu.com/backend/vendor/laravel/framework/src/Illuminate/Console/Command.php(211): Illuminate\\Container\\Container->call()
#10 /www/wwwroot/meeting.sisuu.com/backend/vendor/symfony/console/Command/Command.php(326): Illuminate\\Console\\Command->execute()
#11 /www/wwwroot/meeting.sisuu.com/backend/vendor/laravel/framework/src/Illuminate/Console/Command.php(180): Symfony\\Component\\Console\\Command\\Command->run()
#12 /www/wwwroot/meeting.sisuu.com/backend/vendor/symfony/console/Application.php(1121): Illuminate\\Console\\Command->run()
#13 /www/wwwroot/meeting.sisuu.com/backend/vendor/symfony/console/Application.php(324): Symfony\\Component\\Console\\Application->doRunCommand()
#14 /www/wwwroot/meeting.sisuu.com/backend/vendor/symfony/console/Application.php(175): Symfony\\Component\\Console\\Application->doRun()
#15 /www/wwwroot/meeting.sisuu.com/backend/vendor/laravel/framework/src/Illuminate/Foundation/Console/Kernel.php(201): Symfony\\Component\\Console\\Application->run()
#16 /www/wwwroot/meeting.sisuu.com/backend/artisan(12): Illuminate\\Foundation\\Console\\Kernel->handle()
#17 {main}
"} 
[2026-07-07 17:17:24] production.ERROR: The [database] queue connection has not been configured. {"exception":"[object] (InvalidArgumentException(code: 0): The [database] queue connection has not been configured. at /www/wwwroot/meeting.sisuu.com/backend/vendor/laravel/framework/src/Illuminate/Queue/QueueManager.php:159)
[stacktrace]
#0 /www/wwwroot/meeting.sisuu.com/backend/vendor/laravel/framework/src/Illuminate/Queue/QueueManager.php(138): Illuminate\\Queue\\QueueManager->resolve()
#1 /www/wwwroot/meeting.sisuu.com/backend/vendor/laravel/framework/src/Illuminate/Queue/Worker.php(163): Illuminate\\Queue\\QueueManager->connection()
#2 /www/wwwroot/meeting.sisuu.com/backend/vendor/laravel/framework/src/Illuminate/Queue/Console/WorkCommand.php(137): Illuminate\\Queue\\Worker->daemon()
#3 /www/wwwroot/meeting.sisuu.com/backend/vendor/laravel/framework/src/Illuminate/Queue/Console/WorkCommand.php(120): Illuminate\\Queue\\Console\\WorkCommand->runWorker()
#4 /www/wwwroot/meeting.sisuu.com/backend/vendor/laravel/framework/src/Illuminate/Container/BoundMethod.php(36): Illuminate\\Queue\\Console\\WorkCommand->handle()
#5 /www/wwwroot/meeting.sisuu.com/backend/vendor/laravel/framework/src/Illuminate/Container/Util.php(41): Illuminate\\Container\\BoundMethod::Illuminate\\Container\\{closure}()
#6 /www/wwwroot/meeting.sisuu.com/backend/vendor/laravel/framework/src/Illuminate/Container/BoundMethod.php(93): Illuminate\\Container\\Util::unwrapIfClosure()
#7 /www/wwwroot/meeting.sisuu.com/backend/vendor/laravel/framework/src/Illuminate/Container/BoundMethod.php(35): Illuminate\\Container\\BoundMethod::callBoundMethod()
#8 /www/wwwroot/meeting.sisuu.com/backend/vendor/laravel/framework/src/Illuminate/Container/Container.php(662): Illuminate\\Container\\BoundMethod::call()
#9 /www/wwwroot/meeting.sisuu.com/backend/vendor/laravel/framework/src/Illuminate/Console/Command.php(211): Illuminate\\Container\\Container->call()
#10 /www/wwwroot/meeting.sisuu.com/backend/vendor/symfony/console/Command/Command.php(326): Illuminate\\Console\\Command->execute()
#11 /www/wwwroot/meeting.sisuu.com/backend/vendor/laravel/framework/src/Illuminate/Console/Command.php(180): Symfony\\Component\\Console\\Command\\Command->run()
#12 /www/wwwroot/meeting.sisuu.com/backend/vendor/symfony/console/Application.php(1121): Illuminate\\Console\\Command->run()
#13 /www/wwwroot/meeting.sisuu.com/backend/vendor/symfony/console/Application.php(324): Symfony\\Component\\Console\\Application->doRunCommand()
#14 /www/wwwroot/meeting.sisuu.com/backend/vendor/symfony/console/Application.php(175): Symfony\\Component\\Console\\Application->doRun()
#15 /www/wwwroot/meeting.sisuu.com/backend/vendor/laravel/framework/src/Illuminate/Foundation/Console/Kernel.php(201): Symfony\\Component\\Console\\Application->run()
#16 /www/wwwroot/meeting.sisuu.com/backend/artisan(12): Illuminate\\Foundation\\Console\\Kernel->handle()
#17 {main}
"} 
[2026-07-07 17:17:27] production.ERROR: The [database] queue connection has not been configured. {"exception":"[object] (InvalidArgumentException(code: 0): The [database] queue connection has not been configured. at /www/wwwroot/meeting.sisuu.com/backend/vendor/laravel/framework/src/Illuminate/Queue/QueueManager.php:159)
[stacktrace]
#0 /www/wwwroot/meeting.sisuu.com/backend/vendor/laravel/framework/src/Illuminate/Queue/QueueManager.php(138): Illuminate\\Queue\\QueueManager->resolve()
#1 /www/wwwroot/meeting.sisuu.com/backend/vendor/laravel/framework/src/Illuminate/Queue/Worker.php(163): Illuminate\\Queue\\QueueManager->connection()
#2 /www/wwwroot/meeting.sisuu.com/backend/vendor/laravel/framework/src/Illuminate/Queue/Console/WorkCommand.php(137): Illuminate\\Queue\\Worker->daemon()
#3 /www/wwwroot/meeting.sisuu.com/backend/vendor/laravel/framework/src/Illuminate/Queue/Console/WorkCommand.php(120): Illuminate\\Queue\\Console\\WorkCommand->runWorker()
#4 /www/wwwroot/meeting.sisuu.com/backend/vendor/laravel/framework/src/Illuminate/Container/BoundMethod.php(36): Illuminate\\Queue\\Console\\WorkCommand->handle()
#5 /www/wwwroot/meeting.sisuu.com/backend/vendor/laravel/framework/src/Illuminate/Container/Util.php(41): Illuminate\\Container\\BoundMethod::Illuminate\\Container\\{closure}()
#6 /www/wwwroot/meeting.sisuu.com/backend/vendor/laravel/framework/src/Illuminate/Container/BoundMethod.php(93): Illuminate\\Container\\Util::unwrapIfClosure()
#7 /www/wwwroot/meeting.sisuu.com/backend/vendor/laravel/framework/src/Illuminate/Container/BoundMethod.php(35): Illuminate\\Container\\BoundMethod::callBoundMethod()
#8 /www/wwwroot/meeting.sisuu.com/backend/vendor/laravel/framework/src/Illuminate/Container/Container.php(662): Illuminate\\Container\\BoundMethod::call()
#9 /www/wwwroot/meeting.sisuu.com/backend/vendor/laravel/framework/src/Illuminate/Console/Command.php(211): Illuminate\\Container\\Container->call()
#10 /www/wwwroot/meeting.sisuu.com/backend/vendor/symfony/console/Command/Command.php(326): Illuminate\\Console\\Command->execute()
#11 /www/wwwroot/meeting.sisuu.com/backend/vendor/laravel/framework/src/Illuminate/Console/Command.php(180): Symfony\\Component\\Console\\Command\\Command->run()
#12 /www/wwwroot/meeting.sisuu.com/backend/vendor/symfony/console/Application.php(1121): Illuminate\\Console\\Command->run()
#13 /www/wwwroot/meeting.sisuu.com/backend/vendor/symfony/console/Application.php(324): Symfony\\Component\\Console\\Application->doRunCommand()
#14 /www/wwwroot/meeting.sisuu.com/backend/vendor/symfony/console/Application.php(175): Symfony\\Component\\Console\\Application->doRun()
#15 /www/wwwroot/meeting.sisuu.com/backend/vendor/laravel/framework/src/Illuminate/Foundation/Console/Kernel.php(201): Symfony\\Component\\Console\\Application->run()
#16 /www/wwwroot/meeting.sisuu.com/backend/artisan(12): Illuminate\\Foundation\\Console\\Kernel->handle()
#17 {main}
"} 
[2026-07-07 17:17:31] production.ERROR: The [database] queue connection has not been configured. {"exception":"[object] (InvalidArgumentException(code: 0): The [database] queue connection has not been configured. at /www/wwwroot/meeting.sisuu.com/backend/vendor/laravel/framework/src/Illuminate/Queue/QueueManager.php:159)
[stacktrace]
#0 /www/wwwroot/meeting.sisuu.com/backend/vendor/laravel/framework/src/Illuminate/Queue/QueueManager.php(138): Illuminate\\Queue\\QueueManager->resolve()
#1 /www/wwwroot/meeting.sisuu.com/backend/vendor/laravel/framework/src/Illuminate/Queue/Worker.php(163): Illuminate\\Queue\\QueueManager->connection()
#2 /www/wwwroot/meeting.sisuu.com/backend/vendor/laravel/framework/src/Illuminate/Queue/Console/WorkCommand.php(137): Illuminate\\Queue\\Worker->daemon()
#3 /www/wwwroot/meeting.sisuu.com/backend/vendor/laravel/framework/src/Illuminate/Queue/Console/WorkCommand.php(120): Illuminate\\Queue\\Console\\WorkCommand->runWorker()
#4 /www/wwwroot/meeting.sisuu.com/backend/vendor/laravel/framework/src/Illuminate/Container/BoundMethod.php(36): Illuminate\\Queue\\Console\\WorkCommand->handle()
#5 /www/wwwroot/meeting.sisuu.com/backend/vendor/laravel/framework/src/Illuminate/Container/Util.php(41): Illuminate\\Container\\BoundMethod::Illuminate\\Container\\{closure}()
#6 /www/wwwroot/meeting.sisuu.com/backend/vendor/laravel/framework/src/Illuminate/Container/BoundMethod.php(93): Illuminate\\Container\\Util::unwrapIfClosure()
#7 /www/wwwroot/meeting.sisuu.com/backend/vendor/laravel/framework/src/Illuminate/Container/BoundMethod.php(35): Illuminate\\Container\\BoundMethod::callBoundMethod()
#8 /www/wwwroot/meeting.sisuu.com/backend/vendor/laravel/framework/src/Illuminate/Container/Container.php(662): Illuminate\\Container\\BoundMethod::call()
#9 /www/wwwroot/meeting.sisuu.com/backend/vendor/laravel/framework/src/Illuminate/Console/Command.php(211): Illuminate\\Container\\Container->call()
#10 /www/wwwroot/meeting.sisuu.com/backend/vendor/symfony/console/Command/Command.php(326): Illuminate\\Console\\Command->execute()
#11 /www/wwwroot/meeting.sisuu.com/backend/vendor/laravel/framework/src/Illuminate/Console/Command.php(180): Symfony\\Component\\Console\\Command\\Command->run()
#12 /www/wwwroot/meeting.sisuu.com/backend/vendor/symfony/console/Application.php(1121): Illuminate\\Console\\Command->run()
#13 /www/wwwroot/meeting.sisuu.com/backend/vendor/symfony/console/Application.php(324): Symfony\\Component\\Console\\Application->doRunCommand()
#14 /www/wwwroot/meeting.sisuu.com/backend/vendor/symfony/console/Application.php(175): Symfony\\Component\\Console\\Application->doRun()
#15 /www/wwwroot/meeting.sisuu.com/backend/vendor/laravel/framework/src/Illuminate/Foundation/Console/Kernel.php(201): Symfony\\Component\\Console\\Application->run()
#16 /www/wwwroot/meeting.sisuu.com/backend/artisan(12): Illuminate\\Foundation\\Console\\Kernel->handle()
#17 {main}
"} 
[2026-07-07 17:47:00] production.ERROR: Command "tinker" is not defined. {"exception":"[object] (Symfony\\Component\\Console\\Exception\\CommandNotFoundException(code: 0): Command \"tinker\" is not defined. at /www/wwwroot/meeting.sisuu.com/backend/vendor/symfony/console/Application.php:745)
[stacktrace]
#0 /www/wwwroot/meeting.sisuu.com/backend/vendor/symfony/console/Application.php(266): Symfony\\Component\\Console\\Application->find()
#1 /www/wwwroot/meeting.sisuu.com/backend/vendor/symfony/console/Application.php(175): Symfony\\Component\\Console\\Application->doRun()
#2 /www/wwwroot/meeting.sisuu.com/backend/vendor/laravel/framework/src/Illuminate/Foundation/Console/Kernel.php(201): Symfony\\Component\\Console\\Application->run()
#3 /www/wwwroot/meeting.sisuu.com/backend/artisan(12): Illuminate\\Foundation\\Console\\Kernel->handle()
#4 {main}
"} 
[2026-07-07 17:57:45] production.WARNING: [Webhook] 投递失败 endpoint=1: cURL error 28: Operation timed out after 10001 milliseconds with 0 bytes received (see https://curl.haxx.se/libcurl/c/libcurl-errors.html) for https://httpbin.org/post  
